k1	pc	pwkvn_gloss	indep_hits	mw_body_mention
agaRya	5-240-b	{#agaRya#}¦ <lex>Adj.</lex> {%nicht zu zählen%}. <ab>Nom. abstr.</ab> {#˚tA#} <ls>ŚIŚ. 16,6 (in der neueren Ausg.)</ls>.	bhs,sch,ap90,ap,vcp,pwg	
anAmA	1-288-b	{#anAmA#}¦ <ls>HEMĀDRI 2,a,51,20</ls>.	sch,ap90,ap,vcp,skd,pwg	
anavekzaka	7-298-a	{#anavekzaka#}¦ I. Mit <ab>Gen.</ab> {%sich nicht kümmernd um%} <ls>R. ed. Bomb. 4,29,5</ls>.	sch,ap90,ap,vcp,pwg	
avasarpin	1-294-c	{#avasarpin#}¦ Z. 3 lies 〔3,9〕.	sch,ap90,ap,vcp,pwg	
azwakika	5-248-a	{#*azwakika#}¦, nach <ls>KĀŚ.</ls> zu <ls>P. 5,2,116</ls> und {#*azwakin#}.	sch,ap90,ap,vcp,pwg	
kesarikA	2-299-a	{#kesarikA#}¦ <lex>f.</lex> etwa {%Wisch%} in {#pAtra˚#} <ls>HEM. PAR. 1,249</ls>.	sch,ap,vcp,skd,pwg	
saMbADa	7-381-b	{#saMbADa#}¦ VII. 1〉c〉 <ls>ĀŚV. GṚHY. 23,3</ls>.	bhs,sch,ap90,ap,pwg	
saMmuKa	7-381-b	{#saMmuKa#}¦ <lex>Adj.</lex> auch {%passend, den Umständen angemessen%} <ls>LALIT. 464,6</ls>. <ls n="LALIT.">466,4</ls>.	bhs,sch,ap90,ap,pwg	
upajIka	7-324-c	{#upajI/ka#}¦ I. (eher {#˚kA#} <lex>f.</lex>) nach <ls>BLOOMFIELD</ls> {%Ameise%}.	sch,ap90,ap,vcp,pwg	
uttejanA	5-250-a	{#uttejanA#}¦ <lex>f.</lex> {%das Schleifen%} <ls>ŚIŚ. 3,6</ls>.	sch,ap90,ap,vcp,skd	
Avaka	2-294-b	{#Avaka#} <lex>m.</lex> oder {#˚kA#} <lex>f.</lex>¦ <ab>Pl.</ab> {%eine <ab>best.</ab> Art den%} <is>Veda</is> {%zu recitiren%} <ls>HEMĀDRI 1,519,7</ls>.	sch,ap90,ap,vcp	
Card	7-342-b	{#Card#}¦ <ab>Caus.</ab> II. {%vonsichwerfen, abstreifen%} <ls>DIVYĀVAD. 275,8</ls>.	sch,ap90,ap,pwg	
Kaza	3-260-c	{#Kaza#}¦ <ab>s.</ab> {#pUti˚#}.	bhs,sch,vcp,skd	
acApala	1-283-c	{#acApala#}¦ <lex>n.</lex> {%Gesetztheit, Besonnenheit%} <ls>MBH. 12,329,19</ls>.	sch,ap90,ap,vcp	
akArpaRya	1-282-b	{#akArpaRya#}¦ definirt <ls>HEMĀDRI 2,a,9,6</ls>. <ls n="HEMĀDRI 2, a, 9,">7</ls>.	sch,ap90,ap,vcp	
akfzRa	1-282-b	{#akfzRa#}¦ <lex>Adj.</lex> {%nicht schwarz%} <ls>KĀTY. ŚR. 22,4,13</ls>.	sch,ap90,ap,vcp	
amI	1-293-a	{#amI#}¦ <lex>Adv.</lex> mit {#kar#} {%mit dem Namen%} {#amA#} {%belegen%} [Page1-293-b] <ls>NAIṢ. 4,63</ls>.	gra,sch,skd,pwg	
amUlaka	7-307-c	{#*amUlaka#}¦ <lex>n.</lex> {%eine unbegründete Anklage%} <ls>MAHĀVY. 258</ls>. {#amUlakAByAKyAna#} <lex>n.</lex> <ab>dass.</ab> <ls n="MAHĀVY.">261</ls>.	bhs,sch,ap90,ap	
anADAra	1-288-b	{#anADAra#}¦ <lex>Adj.</lex> {%ohne Halt%} <ls>AGNI-P. 3,7</ls>.	sch,ap90,ap,vcp	
anASrava	1-288-b	{#anASrava#}¦ <lex>Adj.</lex> (<lex>f.</lex> {#A#}) {%ungehorsam,%} mit <ab>Gen.</ab> <ls>RAGH. 19,49</ls>. <ls>NAIṢ. 6,88</ls>.	bhs,sch,ap90,ap	
anASvAsa	7-298-d	{#anASvAsa#}¦ <lex>m.</lex> {%kein Vertrauen%} <ls>ANIRUDDHA</ls> zu <ls>SĀṂKHYAS. 1,56</ls>.	bhs,sch,ap,vcp	
asevana	7-315-c	{#asevana#}¦ <lex>n.</lex> und {#˚nA#} <lex>f.</lex> {%Mangel an Rücksichtnahme, Vernachlässigung%} <ls>JĀTAKAM. 23,16</ls>.	sch,ap90,ap,vcp	
asvAmya	3-255-b	{#asvAmya#}¦ <lex>n.</lex> {%kein Eigenthumsrecht, keine freie Verfügung%} <ls>DEVALA.</ls>	sch,ap90,ap,vcp	
atrasta	2-288-a	{#atrasta#}¦ <lex>Adj.</lex> {%unerschrocken%}.	sch,ap90,ap,vcp	
avinaSvara	5-247-a	{#avinaSvara#}¦ <lex>Adj.</lex> {%unvergänglich%} <ls>Spr. 6727</ls>.	sch,ap90,ap,vcp	
nakulAQyA	3-264-c	{#*nakulAQyA#}¦, lies {#*nakulAdyA#} <lex>f.</lex> {%die Ichneumonpflanze%} <ls>RĀJAN. 7,95</ls>.	sch,vcp,skd,pwg	
rAtriMmanya	7-389-d	{#rAtriMmanya#}¦ V. {%sich für Nacht haltend%} <ls>ŚRĪKAṆṬHAC. 4,12</ls>.	sch,ap90,ap,pwg	
saMpad	7-381-a	{#saMpad#}¦ VII. {%Gleichsetzung von Aehnlichem%} <ls>ŚAṂKARA</ls> zu <ls>VEDĀNTA 68,2</ls>.	sch,ap90,ap,pwg	
var	7-372-c	<hom>1.</hom> {#var#}¦ mit {#pari#} VI. {#˚vfta#} <ls>R. ed. Bomb. 3,71,34</ls> fehlerhaft für {#parivftta#}.	sch,ap90,ap,pwg	
AnupUrvI	4-296-a	{#AnupUrvI#}¦ <lex>f.</lex> bei den <is>Jaina</is> {%eine vorschriftsmässig nach 12jähriger Vorbereitung inscenirte Todesart%} <ls>ŚĪLĀṄKA 1,344</ls>.	sch,ap90,ap	
AtmaMBari	5-249-a	{#AtmaMBari#}¦, <ab>Nom. abstr.</ab> {#˚tA#} <lex>f.</lex> <ls>HARṢAC. (1936) 395,12</ls>.	ap90,ap,pwg	
AtmavaSya	5-249-a	{#AtmavaSya#}¦ <lex>Adj.</lex> {%wen%} oder {%was man in seiner Gewalt hat%} <ls>BHAG. 2,64</ls>.	sch,ap,vcp	
JalaYJalA	7-344-b	{#JalaYJalA#}¦ <lex>f.</lex> {%das Ohrenbewegen der Elephanten%} <ls>DHARMAŚARM. 6,35</ls>. Richtig wohl {#JalajJalA#}.	sch,ap,vcp	
SA	7-377-d	<hom>1.</hom> {#SA#}¦ mit {#A#}, Z. 2 lies <ab>Loc.</ab> <ab>st.</ab> <ab>Instr.</ab>	gra,sch,pwg	
SyA	7-378-c	{#SyA#}¦ mit {#A#}, {#ASyAna#} VI. 2〉b〉 {%ein wenig ausgetrocknet%} <ls>KIR. 16,10</ls>.	gra,sch,pwg	
Uhin	5-251-a	{#Uhin#}¦ <lex>Adj.</lex> von <ls>BÜHLER</ls> angenommen <ls>VASIṢṬHA 16,4</ls>. <ls n="VASIṢṬHA 16,">5</ls>. Beide <is>Sūtra</is> sind offenbar verdorben.	sch,ap90,ap	
Urjay	1-299-b	{#Urjay#}¦, {#Urjitam#} <lex>Adv.</lex> {%stolz, mit Selbstbewusstsein%} <ls>NĀGĀN. 62,21 (82,9)</ls>.	gra,sch,pwg	
aDizWa	1-286-b	{#aDizWa#}¦ <lex>n.</lex> {%Sitz, Wohnort%} <ls>HEMĀDRI 1,605,20</ls> (wenn nicht {#svAni DizRyAni#} zu lesen ist).	bhs,sch,pwg	
acintanIya	1-283-c	{#acintanIya#}¦ <lex>Adj.</lex> {%woran man nicht zu denken braucht, worauf man nicht zu achten hat%} <ls>Spr. 1823</ls>.	sch,ap,vcp	
agnAvizRu	1-283-a	{#agnA/vi/zRu#}¦ <ls>ŚAT. BR. 12,1,3,1</ls>.	sch,vcp,pwg	
agnIvaruRa	1-283-b	{#agnI/va/ruRa#}¦ <ls>ŚAT. BR. 4,4,5,17</ls>. <ls n="ŚAT. BR. 4,4,5,">19</ls>.	sch,vcp,pwg	
akiMcijjYa	1-282-b	{#akiMcijjYa#}¦ <lex>Adj.</lex> {%Nichts wissend%} <ls>Spr. 5188</ls>.	sch,ap90,ap	
alantarAm	3-254-a	{#alantarAm#}¦ <lex>Adv.</lex> {%in hohem Grade%} <ls>KUMĀRAS. 14,16</ls>. <ls n="KUMĀRAS.">15,28</ls>. Mit einem <ab>Infin.</ab> {%bedeutend besser%} <ls>ŚIŚ. 2,106</ls>.	sch,ap,vcp	
amanasvin	2-291-a	{#amanasvin#}¦ <lex>Adj.</lex> {%betrübt%} <ls>R. 2,48,1</ls>.	sch,ap90,ap	
amburuh	6-295-b	{#amburuh#}¦ <lex>m.</lex> {%eine am Tage sich öffnende Lotusblüthe%} [Page6-295-c] <ls>ŚIŚ. 6,11</ls>.	sch,ap,vcp	
anAdeSa	3-250-a	<hom>1.</hom> {#anAdeSa#}¦ <lex>m.</lex> auch {%kein Substitut%} <ls>P. 1,3,29</ls>, <ab>Sch.</ab>	sch,vcp,pwg	
anDaMBavizRu	2-289-c	{#anDaMBavizRu#}¦ <ls>HEM. PAR. 6,244</ls>.	sch,ap,pwg	
anantarAya	5-242-b	{#anantarAya#}¦ <lex>m.</lex> <ab>N. pr.</ab> eines Mannes <ls>Ind. Antiq. 1878, S. 7</ls>.	sch,ap,vcp	
ananyaBAj	4-291-c	{#ananyaBAj#}¦ <lex>Adj.</lex> {%keinem Andern in Liebe zugethan%} <ls>BHAG. 9,30</ls>.	sch,ap,vcp	
anapajayya	1-287-b	{#anapajayya#}¦ <lex>Adj.</lex> {%nicht abzuerobern%} <ls>TĀṆḌYA-BR. 11,10,21</ls>.	sch,ap90,ap	
aniNgya	2-289-a	{#aniNgya#} und {#˚SikzA#}¦ <lex>f.</lex> Titel von Werken <ls>OPP. Cat. 1</ls>.	sch,ap,pwg	
antaradfS	7-301-b	{#antaradfS#}¦ <lex>Adj.</lex> so <ab>v. a.</ab> {%den Mittelweg einschlagend%} <ls>R. ed. Bomb. 4,22,23</ls>.	sch,ap,vcp	
antataH	7-301-b	{#antataH#}¦ I. {%selbst, sogar%} <ls>DIVYĀVAD. 142,11</ls>. <ls n="DIVYĀVAD.">191,3</ls>. {#sarvamantataH#} so <ab>v. a.</ab> {#samantataH#} <ls>R. ed. Bomb. 4,49,2</ls>.	sch,ap,skd	
anucarita	2-289-b	{#anucarita#}¦ <lex>n.</lex> {%Wandel, Begebenheit, Geschichte%}.	sch,ap90,ap	
anupaDi	1-289-b	{#anupaDi#}¦ <lex>Adj.</lex> {%bedingungslos%} <ls>BURN. Intr. 590. fgg.</ls>	ap90,ap,vcp	
anusfzwi	7-300-d	{#anusfzwi#}¦ eher Nomen appell.	sch,vcp,pwg	
aparinizWita	6-295-a	{#aparinizWita#}¦ <lex>Adj.</lex> {%unerfahren in%} (<ab>Loc.</ab>) <ls>HARIV. 5672</ls>. <ls>SUŚR. 1,12,10</ls>. Fehlerhaft für {#aparivezwita#} <ls>HARIV. 5262</ls>.	sch,ap90,ap	
ar	1-293-c	{#ar#}¦ <ab>Caus.</ab> 9〉 {%Jmd%} (<ab>Acc.</ab>) {%versehen mit%} (<ab>Instr.</ab>) <ls>TS. 5,1,1,3</ls>.	gra,sch,pwg	Y
arC	3-253-c	{#arC#}¦ mit {#upa#} {%Jmd auf den Leib rücken, Jmd belästigen%} <ls>TS. 1,5,9,6</ls>.	gra,sch,pwg	
arD	1-294-a	{#arD#}¦, {#fdDa/#} 3〉 {%gelungen%} <ls>VS. 18,11</ls>. — Mit {#vi, vyfdDa#} {%sündlich%} <ls>ĀPAST.</ls>	gra,sch,pwg	
arTApay	1-294-a	{#arTApay#}¦ {%wie Geld behandeln,%} so <ab>v. a.</ab> {%ängstlich verbergen%} <ls>NAIṢ. 3,63</ls>.	sch,ap,pwg	
arTay	1-293-c	{#arTay#}¦ mit {#aBi#}, {#aByarTasi = prerayasi#} <ls><ab>Comm.</ab> zu R. ed. Bomb. 2,21,56</ls>. Vielleicht ist {#aByarCasi#} gemeinnt.	gra,sch,pwg	
aranDra	1-293-c	{#aranDra#}¦ <lex>Adj.</lex> {%keine Oeffnung habend%} <ls>NAIṢ. 3,44</ls>.	sch,ap,vcp	
arcizmant	7-308-d	{#arcizmant#}¦ I. <lex>m.</lex> auch <ab>N. pr.</ab> eines Affen <ls>R. ed. Bomb. 4,42,3</ls>.	bhs,sch,pwg	
asUryaMpaSya	5-248-a	{#asUryaMpaSya#}¦ 1〉 <ab>Nom. abstr.</ab> {#˚tA#} <lex>f.</lex> <ls>HEM. PAR. 2,139</ls>.	sch,ap90,ap	
asUy	1-296-b	{#asUy#}¦, statt des blossen <ab>Acc.</ab> auch <ab>Acc.</ab> mit {#prati#} <ls>MBH. 12,109,13</ls>. — Mit {#aBi#} {%ungehalten sein%} <ls>NAIṢ. 3,102</ls>.	gra,sch,pwg	
asaMBfta	1-296-b	{#asaMBfta#}¦ <lex>Adj.</lex> {%nicht gemacht, natürlich%} <ls>KUMĀRAS. 1,31</ls>.	sch,ap90,ap	
asaMjYin	3-255-a	{#asaMjYin#}¦ <lex>Adj.</lex> {%kein Bewusstsein habend%} (Wesen) <ls>VAJRACCH. 20,18</ls>.	bhs,sch,pwg	
asaMprajYAta	7-314-d	{#asaMprajYAta#}¦ <lex>Adj.</lex> {%bewusstlos%} <ls><ab>Comm.</ab> zu YOGAS. 1,17. fg.</ls> {#˚yogin#} <lex>m.</lex> {%ein%} <is>Yogin</is> {%im Zustande der Bewusstlosigkeit%} <ls>ANIRUDDHA</ls> zu <ls>SĀṂKHYAS. 6,50</	sch,ap90,ap	
atyArUQa	2-287-c	{#atyArUQa#}¦ <lex>Adj.</lex> {%hoch gestiegen, einen hohen Grad erreicht habend%} <ls>RAGH. 12,33</ls>.	sch,ap90,ap	
avEra	7-312-c	{#avEra#}¦ <lex>n.</lex> <ab>Instr.</ab> {%ohne feindlich aufzutreten%} <ls>JĀTAKAM. 21</ls>.	bhs,sch,vcp	
avaRqa	3-254-a	{#a/vaRqa#}¦ <lex>Adj.</lex> (<lex>f.</lex> {#A#}) {%nicht ungeschwänzt%} (Kuh).	sch,ap,pwg	
aviDeya	1-295-a	{#aviDeya#}¦, <ab>Nom. abstr.</ab> {#˚tA#} <lex>f.</lex> {%Widerspänstigkeit%} (des Schicksals) <ls>MUDRĀR. 78,5 (130,9)</ls>.	sch,ap90,ap	
darB	7-347-c	<hom>1.</hom> {#darB#}¦ mit {#vi#} <ab>Caus.</ab> etwa {%aufwühlen%} ({#nadIm#}) <ls>DHARMAŚARM. 18,23</ls>.	gra,sch,pwg	
durgAhva	3-264-a	{#*durgAhva#}¦ zu streichen.	sch,vcp,pwg	
fcase	7-387-a	{#fca/se#}¦ I. <ab>Vgl.</ab> <ls>PISCHEL, Vedische Studien 43</ls>.	sch,vcp,pwg	
gArDa	7-338-a	{#*gArDa#}¦ <lex>n.</lex> <ls>MAHĀVY. 110,36</ls> fehlerhaft für {#gArdDya#}.	bhs,sch,pwg	Y
gOrAvaskandin	6-301-a	{#gOrAvaskandin#}¦ zu streichen, da es zwei selbstständige Vocative sind ({#gOra#} und {#ava˚#}).	sch,vcp,pwg	
gar	2-300-a	<hom>6.</hom> {#gar#}¦ = {#jar#}. {#jAgAra#} {%wurde alt%} <ls>AV. 5,19,10</ls>.	gra,sch,pwg	
girirAja	7-338-b	{#girirAja#}¦ <lex>m.</lex> = {#girirAj#} <ls>R. ed. Bomb. 4,45,4</ls>.	bhs,sch,vcp	
har	7-384-c	<hom>1.</hom> {#har#}¦ mit {#anu#} VII. {%nachtragen, hinterher tragen%} <ls>ĀPAST. GṚHY. 5,13</ls>. — Mit {#pratyud#} VII. 3〉 {%*etwas Geliehenes wieder zurückerstatten%}. {#apratyudDArya#} <ab>Absol.</ab> <ls>MAHĀVY. 2	gra,sch,pwg	
indindira	7-321-a	{#indindira#}¦ I. 5.	sch,vcp,pwg	
irasy	3-256-b	{#irasy#}¦, so zu lesen <ab>st.</ab> {#irasya#}.	gra,sch,pwg	
jijYAsTi	7-343-c	{#*jijYAsTi#} <ls>GAṆAP. 194,32</ls> und {#siYjAsTa#} <ls n="GAṆAP. 194,">33</ls>¦ <lex>n.</lex> nach <ls>LEUMANN</ls> fehlerhaft für {#miYjAsTi#} oder {#˚sTa#} {%Knochenmark%}. Im <lang>Prākrit</lang> ist {#miYjA = majj	sch,vcp,pwg	
kalp	3-259-b	{#kalp#}¦ mit {#sam#} 4〉 {#saMklapta#} {%bestimmt für%} (im <ab>Comp.</ab> vorangehend) <ls>ĀPAST. 1,10,16</ls>.	gra,sch,pwg	
kar	2-297-b	<hom>1.</hom> {#kar#}¦ mit {#pratyapa#} {%sich rächen an%} (<ab>Gen.</ab>) <ls>DAŚAK. (1925) 2,75,3</ls>. — Mit {#ud#} 1〉 lies <ls>MAITR. S. 1,5,13</ls>.	gra,sch,pwg	Y
karS	7-330-c	{#karS#}¦ mit {#ava#} <ab>Simpl.</ab> ({#˚kfSnIyAt#}) = <ab>Caus.</ab> <ls>MAITR. S. 3,6,9</ls> (<ls n="MAITR. S. 3,">73,8</ls>).	gra,sch,pwg	
karz	2-297-b	<hom>1.</hom> {#karz#}¦ mit {#sam#} 3〉 {%ebnen, glatt machen%} <ls>ĀPAST. ŚR. 15,13,2</ls>.	gra,sch,pwg	Y
kintamAm	7-332-b	{#*kintamAm#} und {#*kintarAm#}¦ <lex>Adv.</lex> <ls>P. 5,4,11</ls>.	sch,vcp,skd	
lata	7-389-d	{#lata#}¦ im <ab>Comp.</ab> metrisch für {#latA#} <ls><ab>ebend.</ab> 11,22</ls>.	sch,vcp,skd	
lavaNga	7-371-d	{#lavaNga#}¦, <lex>f.</lex> {#I#} V. ein Frauenname <ls>DAMAYANTĪK. 247</ls>.	sch,vcp,pwg	
mahardDika	7-367-b	{#mahardDika#}¦ V. {%*hehr, herrlich%} <ls>MAHĀVY. 15,17</ls> ({#evaM mahardDikA#} zu lesen).	bhs,sch,pwg	
majman	7-366-a	{#majma/n#}¦ V. so zu lesen <ab>st.</ab> {#majma/na#}.	gra,sch,vcp	
mar	7-367-a	<hom>1.</hom> {#mar#}¦ mit {#aBi#}, {#˚mfta#} V. {%umstorben,%} <ab>d. i.</ab> {%vor dessen Augen die Verwandten der Reihe nach hinsterben, in dessen Familie eine Reihe von Todesfällen vorgekommen ist,%} <ls>ĀPAST. GṚHY.	gra,sch,pwg	
nikvARa	5-257-c	{#nikvARa#}¦ <ls>ŚIŚ. 20,4</ls> nach der richtigen Lesart.	sch,vcp,pwg	
pUlaka	7-389-a	{#pUlaka#}¦ IV. 2〉 <lex>f.</lex> {#˚likA#} {%Büschel%} <ls>DAMAYANTĪK. 141</ls>.	sch,vcp,pwg	
par	4-301-c	<hom>1.</hom> {#par#}¦ Z. 13, lies a〉 <ab>st.</ab> 1〉. — Mit {#vyA#} ({#˚piparti#}) {%vergehen, verschwinden%} <ls>VIKRAMĀṄKAC. 4,44</ls>.	gra,sch,pwg	
pyA	5-260-b	{#pyA#}¦ mit {#anvA#} {%anschwellen%} <ab>u. s. w.</ab> {%nach%} (<ab>Acc.</ab>) <ls>MAITR. S. 2,2,7 (21,11. 14)</ls>.	gra,sch,pwg	Y
qItara	5-255-a	{#qI/tara#}¦ zu streichen; <ab>vgl.</ab> oben {#arAqI/tara#}.	sch,vcp,pwg	
ratnavant	7-389-d	{#ratnavant#}¦ V. 3〉a〉 <ls>HARAVIJAYA 11,43</ls>.	bhs,sch,pwg	
srA	7-384-b	{#srA#}¦ mit {#pra#}, {#˚srApayati#} schlechte Lesart für {#prasrAvayati#}.	gra,sch,pwg	
star	7-383-d	<hom>1.</hom> {#star#}¦ mit {#vyava#} {%darüber hinbreiten%} <ls>ĀPAST. GṚHY. 5,23</ls>. — Mit {#*pratyA, ˚stfta#} {%ausgebreitet%} <ls>MAHĀVY. 223</ls>.	gra,sch,pwg	Y
taqAGAta	7-344-c	{#taqAGAta#}¦ III. fehlerhaft für {#tawA˚#} (<ls>KUMĀRAS. 2,50</ls>).	sch,vcp,pwg	
tar	3-263-a	{#tar#}¦ mit {#vyud#} <ab>Caus.</ab> {%hierhin und dorthin ausgiessen%} <ls>MĀN. ŚR. 4,3</ls>.	gra,sch,pwg	
uccitra	7-386-d	{#uccitra#}¦ <lex>Adj.</lex> {%mit erhabenen Verzierungen versehen%} <ls>MĀLATĪM. (ed. Bomb.) 202,4</ls>.	sch,ap90,ap	
udumbaraparRI	4-296-c	{#udumbaraparRI#}¦, lies <ls>CARAKA</ls> und {%polyandrum%}.	sch,skd,pwg	
upatulA	2-295-c	{#upatulA#}¦ <lex>f.</lex> etwa {%Nebengebälk%} <ls>VARĀH. BṚH. S. 59,30</ls>.	sch,ap,pwg	
ADAtar	6-298-a	{#ADAtar#}¦ <ab>Nom. ag.</ab> {%Lehrer%} <ls>Spr. 4029</ls>.	sch,pwg	
AKAta	5-248-c	{#*AKAta#}¦, lies <lex>m.</lex> statt <lex>n.</lex>	sch,pwg	
ARavay	5-248-c	{#*ARavay#}¦, <ab>st.</ab> dessen {#ARapay#} <ls>P. 1,3,1, Vārtt. 12</ls> in <ls>KIELHORNʼs Ausg.</ls>	sch,pwg	
ARqavant	5-248-c	{#*ARqavant#} und {#*ARqIra#}¦, nach der <ls>KĀŚ.</ls> {#aRqavant#} und {#aRqIra#}.	sch,pwg	
ASAwavI	7-320-a	{#ASAwavI#}¦ <lex>f.</lex> {%ein grosser Wald%} <ls>DIVYĀVAD. 7,5</ls>.	bhs,sch	
AdarSamuKa	7-317-d	{#*AdarSamuKa#}¦ <lex>m.</lex> <ab>N. pr.</ab> eines Schlangendämons <ls>MAHĀVY. 167</ls>.	bhs,sch	
Adikarmika	7-317-d	{#Adikarmika#}¦ <lex>Adj.</lex> {%etwas%} (Böses) {%beginnend%} (ohne es auszuführen) <ls>MAHĀVY. 19</ls>. <ls n="MAHĀVY.">281</ls>. <ls>DIVYĀVAD. 544,20</ls>.	bhs,sch	
AgamanagamanA	2-293-b	{#AgamanagamanA#}¦ <lex>f.</lex> <ab>N. pr.</ab> einer <is>Gandharva</is>-Jungfrau <ls>KĀRAṆḌ. 5,10</ls>.	bhs,sch	
AharaRIya	6-298-b	{#AharaRIya#}¦ <lex>Adj.</lex> <ls>LA¹. 70,13</ls> fehlerhaft für {#pariharaRIya#}.	sch,vcp	
AjYeya	7-317-b	{#*AjYeya#}¦ <lex>Adj.</lex> {%zu erkennen%} <ls>MAHĀVY. 20</ls>.	bhs,sch	
AkASAsaNgavimuktinirupalepa	7-316-c	{#*AkASAsaNgavimuktinirupalepa#}¦ <lex>m.</lex> {%ein <ab>best.</ab>%} <is>Samādhi</is> <ls>MAHĀVY. 21</ls>.	bhs,sch	
AkASarakzitA	2-293-b	{#AkASarakzitA#}¦ <lex>f.</lex> <ab>N. pr.</ab> einer <is>Kiṃnara</is>-Jungfrau <ls>KĀRAṆḌ. 6,8</ls>.	bhs,sch	
AkASasParaRa	7-316-c	{#*AkASasParaRa#}¦ <lex>m.</lex> {%ein <ab>best.</ab>%} <is>Samādhi</is> <ls>MAHĀVY. 21</ls>.	bhs,sch	
AkArABinirhAra	7-316-c	{#*AkArABinirhAra#}¦ <lex>m.</lex> <ab>desgl.</ab> <ls><ab>ebend.</ab></ls>	bhs,sch	
Akampya	7-316-b	{#*Akampya#}¦ <lex>m.</lex> {%ein <ab>best.</ab>%} <is>Samādhi</is> <ls>MAHĀVY. 24</ls>.	bhs,sch	
Akfzwimant	7-316-c	{#*Akfzwimant#}¦ <lex>Adj.</lex> {%gescheidt, klug%} <ls>MAHĀVY. 143</ls>.	bhs,sch	
Akzeptar	2-293-b	{#Akzeptar#}¦ auch {%der Jmd Etwas entzieht%} <ls>J. A. S. Beng. 47,406,48</ls>.	sch,pwg	
Akzyant	7-316-d	{#Akzyant#}¦ I. <ab>Vgl.</ab> <ls>AUFRECHT</ls> zu <ls>AIT. BR. 4,17,6</ls>. <ls n="AIT. BR. 4,17,">7</ls>.	sch,pwg	
Alokavant	5-249-b	{#Alokavant#}¦ auch {%sehend%} (Gegensatz {%blind%}) <ls>HEM. PAR. 1,245</ls>.	sch,pwg	
Amala	7-386-c	{#Amala#}¦ I. <ls><ab>ebend.</ab> 3,57. 1,35</ls>.	sch,pwg	
AmratIrTa	7-319-a	{#*AmratIrTa#}¦ <lex>m.</lex> <ab>N. pr.</ab> eines Schlangenfürsten <ls>MAHĀVY. 167</ls>.	bhs,sch	
ApIqaka	7-318-c	{#ApIqaka#}¦ = {#ApIqa#} 2〉 <ls>DIVYĀVAD. 215,25</ls>.	bhs,sch	
ApyAnavant	1-297-b	{#ApyAnavant#}¦, so zu lesen.	sch,pwg	
ArambaRaka	7-319-b	{#*ArambaRaka#}¦ <lex>n.</lex> etwa {%Geländer%} <ls>MAHĀVY. 226</ls>.	bhs,sch	
AsParaRakasamADi	7-320-c	{#*AsParaRakasamADi#}¦ <lex>m.</lex> {%ein <ab>best.</ab> Grad des%} <is>Samādhi</is> <ls>MAHĀVY. 67</ls>.	bhs,sch	
Asecanavant	2-294-b	{#Asecanavant#}¦ <lex>Adj.</lex> {%einen Bauch habend%} (Gefäss) <ls>ĀPAST. ŚR. 15,14,13</ls>.	sch,pwg	
AtaptakArin	7-317-c	{#*AtaptakArin#}¦ <lex>Adj.</lex> {%eifrig zu Werke gehend%} <ls>MAHĀVY. 98</ls>.	bhs,sch	
AtiyAtrika	1-296-c	{#AtiyAtrika#}¦ <lex>Adj.</lex> von {#AtayAtrA#} <ls>ŚAṂK.</ls> zu <ls>BĀDAR. 4,3,5</ls>.	sch,vcp	
AtmAlamBa	5-249-a	{#AtmAlamBa#}¦ <lex>m.</lex> {%Selbstberührung,%} so <ab>v. a.</ab> {%Berührung der Herzgegend mit der Hand%} <ls>CHĀNDOGYAP.</ls> in <ls>DRAVYAŚ. 127,a.</ls>	sch,vcp	
BUtopasfzwa	6-304-c	{#BUtopasfzwa#}¦ <lex>Adj.</lex> {%besessen%} <ls>ĀŚV. ŚR. 15,19,4</ls>. <ls>SĀY.</ls> zu <ls>TAITT. ĀR. 553</ls>.	sch,ap	
Banda	5-262-a	{#*Banda#}¦ <ls>ZACH. Beitr.</ls>	sch,vcp	
Bar	7-364-d	<hom>1.</hom> {#Bar#}¦ mit {#pra#}, {#praBfta#} IV. {%stark, gross%} ({#valepa#}) <ls>JĀTAKAM. 9,5</ls>. — Mit {#prati#} IV. {%den Unterhalt vergelten%} <ls>DIVYĀVAD. 2,13</ls>.	sch,pwg	
Basmita	5-262-b	{#Basmita#}¦ <lex>Adj.</lex> {%zu Asche —, zu Nichte gemacht%} <ls>VĀSAV. 186,6</ls>.	bhs,sch	
BiRqipAla	7-365-b	{#*BiRqipAla#}¦ <ls>MAHĀVY. 238,33</ls> fehlerhaft für {#Bindi˚#}.	bhs,sch	
BrUkuwika	7-366-a	{#*BrUkuwika#}¦ am Ende eines <ab>adj. Comp.</ab> = {#BrUkuwi#} <ls>MAHĀVY. 126,56</ls>.	bhs,sch	
BramI	7-389-c	{#BramI#}¦ <lex>f.</lex> = {#Brami#} 1〉 <ls><ab>ebend.</ab> 4,21</ls>.	sch,skd	
Buvadvant	5-262-b	{#Bu/vadvant#}¦ <ls>MAITR. S. 2,6,1 (64,9)</ls>.	sch,pwg	
DImant	7-351-a	{#DImant#}¦ III. *<lex>m.</lex> = {#boDisattva#} <ls>MAHĀVY. 22,3</ls>.	sch,pwg	
DUmAy	7-351-a	{#DUmAy#}¦ mit {#sam#} {%rauchen%} <ls>DIVYĀVAD. 107,7</ls>.	sch,pwg	
DUmay	5-257-a	{#DUmay#}¦ mit {#aBi#}, {#˚DUmita#} in Verbindung mit {#diS = DUmita#} 2〉 (wie statt b) zu lesen ist〉 <ls>ŚIŚ. 17,41</ls>.	sch,pwg	
DUpay	6-302-c	{#DUpay#}¦ mit {#anu#}, {#a/nuDUpita#} nach <ls>AUFRECHT</ls> {%umnebelt%}.	sch,pwg	
DanAy	3-264-b	{#DanAy#}¦ <ab>Med.</ab> auch {%schätzen%} ({#prARAn#}) <ls>MAHĀVĪRAC. 67,8</ls>.	sch,pwg	
DanasaMmata	7-350-b	{#DanasaMmata#}¦ <lex>m.</lex> <ab>N. pr.</ab> eines Fürsten <ls>DIVYĀVAD. 62,11. fgg.</ls>	bhs,sch	
DanuzkalApaka	7-350-b	{#*DanuzkalApaka#}¦ <lex>m.</lex> (!) {%Bogen und Köcher%} <ls>MAHĀVY. 217,33</ls>.	bhs,sch	
DanuzketakI	7-350-b	{#*DanuzketakI#}¦ <lex>f.</lex> {%eine <ab>best.</ab> Blume%} <ls>MAHĀVY. 240,34</ls>.	bhs,sch	
Dar	3-264-b	<hom>1.</hom> {#Dar#}¦ mit {#upa#} am Ende. <ls>ĀŚV. ŚR. 9,11,1</ls> vielleicht [Page3-264-c] {%Stand halten, am Orte verbleiben%}.	sch,pwg	
DavalapurARasamuccaya	7-350-d	{#DavalapurARasamuccaya#}¦ fehlerhaft für {#sakalapurARa˚#}.	sch,pwg	
Dvasmanvant	5-257-a	{#Dvasmanva/nt#}¦ 1〉 lies {%befleckt,%} so <ab>v. a.</ab> {%verunehrt, verläumdet%} <ls>ṚV. 6,15,12</ls>. <ls n="ṚV.">7,4,9</ls>. Es ist {#tvA/#} oder {#tva^d#} zu lesen.	sch,pwg	
EhipaSyika	7-328-b	{#*EhipaSyika#}¦ <lex>Adj.</lex> {%zur Selbstüberzeugung auffordernd%} <ls>MAHĀVY. 63</ls>.	bhs,sch	
Gowakamfga	7-340-a	{#*Gowakamfga#}¦ <lex>m.</lex> {%ein <ab>best.</ab> Thier%} <ls>MAHĀVY. 213,29</ls>. <ab>Vgl.</ab> {#gOqakamfga#}.	bhs,sch	
Ikzati	1-298-b	{#Ikzati#}¦ (fingirte <ab>3.</ab> <ab>Sg.</ab> <ab>Praes.</ab>) {%die Bedeutung der Wurzel%} {#Ikz#} <ls>BĀDAR. 1,1,5</ls>. <ls n="BĀDAR. 1,">3,13</ls>.	sch,vcp	
Ikzitar	7-321-d	{#Ikzitar#}¦ I. {%Zuschauer%} <ls>MBH. 7,25,46</ls>.	sch,pwg	
IzADara	7-322-a	{#*IzADara#}¦ <lex>m.</lex> <ab>N. pr.</ab> eines mythischen Berges <ls>MAHĀVY. 194</ls> ({#ISADara#} und {#izADAra#}). {#˚rA#} <lex>f.</lex> <ls>DIVYĀVAD. 217,14</ls>.	bhs,sch	
KARu	7-336-c	{#*KARu#}¦ (aus {#sTARu#}) <lex>m.</lex> {%Baumstumpf%} <ls>MAHĀVY. 245,564</ls>.	bhs,sch	
KAdyakacAraka	7-336-c	{#*KAdyakacAraka#}¦ <lex>m.</lex> <ab>Bez.</ab> {%eines <ab>best.</ab> Dieners im Kloster%} <ls>MAHĀVY. 274,4</ls>.	bhs,sch	
KaYjAhva	7-336-b	{#*KaYjAhva#}¦ <lex>m.</lex> {%Bachstelze%} <ls>MAHĀVY. 213,140</ls>.	bhs,sch	
KalupaScAdBaktika	7-336-c	{#*KalupaScAdBaktika#}¦ <lex>Adj.</lex> {%dem es verboten ist%} ({#Kalu#}) {%ein zweites Mahl zu sich zu nehmen%} <ls>MAHĀVY. 49</ls>.	bhs,sch	
KamBIrapati	7-336-b	{#*KamBIrapati#}¦ (?) <lex>m.</lex> <ls>MAHĀVY. 186,33</ls>.	bhs,sch	
KaruKarA	7-336-c	{#*KaruKarA#}¦ <lex>f.</lex> = {#KuraKurA#} <ls>MAHĀVY. 192</ls>.	bhs,sch	
Kavant	7-336-c	{#Kavant#}¦ II. fehlerhaft für {#svavant#}; <ab>vgl.</ab> <ls>PAT.</ls> zu <ls>P. 4,2,72</ls>.	sch,pwg	
Koqaka	7-336-d	{#Koqaka#}¦ <lex>m.</lex> = {#KoqakaSIrzaka#} <ls><ab>ebend.</ab> 220,21</ls> ({#zoqaka#} <ab>gedr.</ab>).	bhs,sch	
Kowaka	7-336-d	{#Kowaka#}¦ <lex>m.</lex> {%Topf%} <ls>DIVYĀVAD. 29,14</ls>.	bhs,sch	
Kusta	7-336-d	{#Kusta#}¦ <lex>Adj.</lex> {%abgeschabt%} <ls>DIVYĀVAD. 173,3</ls>. {%kahl%} <ls n="DIVYĀVAD.">426,28</ls>.	bhs,sch	
OdAra	7-328-c	{#OdAra#}¦ <lex>Adj.</lex> {%gross, deutlich wahrnehmbar%} <ls>DIVYĀVAD. 207,5</ls>.	bhs,sch	
SIlay	7-378-b	{#SIlay#}¦ mit {#anu#} VI. {%sich mit Etwas bekannt machen%} <ls>DAMAYANTĪK. 110</ls>. <ls n="DAMAYANTĪK.">182</ls>.	sch,pwg	
SiKAvant	7-378-a	{#SiKAvant#}¦ VI. 2〉a〉 <ls>KIR. 16,56</ls>.	sch,pwg	
UrDvaBAgIya	7-326-c	{#*UrDvaBAgIya#}¦ <lex>Adj.</lex> {%zu Höherem —, zur Wiedergeburt in höherer Stellung führend%} <ls>MAHĀVY. 109</ls>.	bhs,sch	
UrRamrada	4-297-a	{#UrRamrada#}¦ <lex>Adj.</lex> {%wollenweich%} <ls>KAUŚ. 2</ls>. <ls n="KAUŚ.">3</ls>. <ls n="KAUŚ.">137</ls>.	sch,ap	
UzmAy	1-299-c	{#UzmAy#}¦ <ls>HARṢAC. 139,5</ls>. <ls n="HARṢAC.">160,5</ls>.	sch,pwg	
Uzmagata	7-326-c	{#Uzmagata#}¦ ({#u˚#} <ab>geschr.</ab>) <lex>n.</lex> {%Begeisterung%} <ls>DIVYĀVAD. 166,15</ls>. <ls n="DIVYĀVAD.">240,20</ls>. <ls n="DIVYĀVAD.">271,12</ls>. <ls n="DIVYĀVAD.">469,12</ls>. *<lex>Adj.</lex> {%begeistert	bhs,sch	
aBidravaRa	1-292-b	{#aBidravaRa#}¦ <lex>n.</lex> {%feindseliges Losgehen auf%} (<ab>Gen.</ab>) <ls>CARAKA 2,7</ls>.	sch,vcp	
aBilapanatA	7-306-b	{#*aBilapanatA#}¦ <lex>f.</lex> wohl {%Geschwätzigkeit%} <ls>MAHĀVY. 138</ls>.	bhs,sch	
aBimanAy	7-306-a	{#aBimanAy#}¦ etwa {%zu sich kommen, sich beruhigen%} <ls>DAŚAK. (1883) 111,2. 119,12</ls>.	sch,pwg	
aBinamana	7-305-d	{#*aBinamana#}¦ <lex>n.</lex> {%ehrfurchtsvolles Verbeugen%} <ls>MAHĀVY. 97</ls>.	bhs,sch	
aBinamitA	2-291-a	{#aBinamitA#}¦ <lex>f.</lex> <ab>N. pr.</ab> einer <is>Gandharva</is>-Jungfrau <ls>KĀRAṆḌ. 4,22</ls>.	bhs,sch	
aBinirhAra	7-306-a	{#aBinirhAra#}¦ <lex>m.</lex> wohl {%Anweisung%} <ls>JĀTAKAM. 23,20</ls>.	bhs,sch	
aBinnaparivArA	2-291-a	{#aBinnaparivArA#}¦ <lex>f.</lex> <ab>N. pr.</ab> einer <is>Nāga</is>-Jungfrau <ls>KĀRAṆḌ. 4,7</ls>.	bhs,sch	
aBipAraga	7-306-a	{#aBipAraga#}¦ <lex>m.</lex> <ab>N. pr.</ab> eines Mannes <ls>JĀTAKAM. 13</ls>.	bhs,sch	
aBirADana	7-306-b	{#aBirADana#}¦ I. *<lex>Adj.</lex> {%beifällig aufnehmend%} <ls>MAHĀVY. 145</ls>.	sch,pwg	
aBirADya	7-306-b	{#aBirADya#}¦ <lex>Adj.</lex> {%zu gewinnen%} <ls>JĀTAKAM. 20</ls>.	bhs,sch	
aBisamitAvin	7-306-c	{#*aBisamitAvin#}¦ <lex>Adj.</lex> {%klar —, gründlich erkennend%} <ls>MAHĀVY. 142</ls>.	bhs,sch	
aBizeRay	3-253-a	{#aBizeRay#}¦. *<ab>Desid.</ab> {#aBizizeRayizati#} <ls>P. 8,3,64</ls>, <ab>Sch.</ab>	sch,pwg	
aBizecanI	7-306-c	{#*aBizecanI#}¦ <lex>f.</lex> {%eine <ab>best.</ab>%} <is>Dhāraṇī</is> <ls>MAHĀVY. 25</ls>.	bhs,sch	
aBrAtar	3-253-a	{#aBrA/tar#}¦ (so accentuirt) <ls>AV. 1,17,1</ls>.	sch,pwg	
aDISitar	5-242-a	{#aDISitar#}¦ {%Oberherr%}. {#jagatAm#} <ls>ŚIŚ. 13,21</ls>.	sch,pwg	
aNgadinna	7-291-c	{#aNgadinna#}¦ <lex>m.</lex> <ab>N. pr.</ab> eines Fürsten <ls>JĀTAKAM. 29</ls>.	bhs,sch	
aNgulIPaRahastaka	4-291-a	{#*aNgulIPaRahastaka#}¦ <lex>Adj.</lex> {%klumphändig%} <ls>VYUTP. 204</ls>.	bhs,sch	
aNguzWaviBedika	6-293-a	{#aNguzWaviBedika#}¦ <lex>n.</lex> {%Fausthandschuhe%} <ls>KĀRAṆḌ. 78,21</ls>.	bhs,sch	
aNkUray	7-291-c	{#aNkUray#}¦ {%spriessen lassen%} <ls>PĀRV. 591,31</ls>.	sch,pwg	
aNkuray	5-240-c	{#aNkuray#}¦ auch so <ab>v. a.</ab> {%bewirken%} <ls>SUBHĀṢITĀV. 1489</ls>.	sch,pwg	
aSokavarRa	1-295-c	{#aSokavarRa#}¦ <lex>Adj.</lex> <ab>N. pr.</ab> eines <is>Cakravartin</is> <ls>DIVYĀV. 55</ls>.	bhs,sch	
aSrAmaRya	7-313-b	{#*aSrAmaRya#}¦ <lex>n.</lex> {%Mangel an Ehrfurcht vor%} <is>Śramaṇa</is> <ls>MAHĀVY. 127</ls>.	bhs,sch	
aSuBaBAvanA	7-313-b	{#*aSuBaBAvanA#}¦ <lex>f.</lex> {%fromme Betrachtungen über das Unerfreuliche des Lebens%} <ls>MAHĀVY. 52</ls> in der <ab>Unterschr.</ab>	bhs,sch	
aSvAvant	1-295-c	{#aSvAvant#}¦, lies {#aSvAvatI#}.	sch,pwg	
aSvalakzaRa	2-292-c	{#aSvalakzaRa#}¦ <lex>n.</lex> Titel eines Werkes <ls>OPP. Cat. 1</ls>.	sch,vcp	
aSvavant	1-295-c	{#aSvavant#}¦ <lex>Adj.</lex> {%das Wort%} {#aSva#} {%enthaltend%} <ls>TĀṆḌYA-BR. 12,4,15</ls>.	sch,pwg	
aYjanABa	1-284-a	{#aYjanABa#}¦ <lex>m.</lex> auch <ab>Bein.</ab> <is>Rāhu</is>ʼs <ls>KĀLAC. 1,126</ls>.	sch,pwg	
aYjanika	1-284-a	{#*aYjanika#}¦ <is>gaṇa</is> {#purohitAdi#}.	sch,pwg	
abahumAna	7-305-b	{#abahumAna#}¦ <lex>Adj.</lex> {%keine Achtung bezeugend vor%} (<ab>Loc.</ab>) <ls>JĀTAKAM. 33,16</ls>.	bhs,sch	
abrajas	7-305-b	{#*abrajas#}¦ <lex>n.</lex> {%ein überaus kleines Theilchen%} <ls>MAHĀVY. 251</ls>.	bhs,sch	
acyutapraca	4-291-a	{#acyutapraca#}¦ <lex>m.</lex> <ab>N. pr.</ab> eines Mannes <ls>WILSON, Sel. W. 1,140</ls>.	sch,pwg	
acyuti	1-284-a	{#acyuti#}¦ <lex>f.</lex> {%das Nichtwandern aus einer Welt in eine andere%} <ls>KĀLAC. 4,128</ls>.	sch,vcp	
adabDanIti	5-241-c	{#a/dabDanIti#}¦, zu lesen {#a/dabDaDIti#} {%dessen Einsicht nicht zu täuschen ist%} oder {%dessen Absicht man nicht vereitelt%}.	sch,pwg	
agnipraskandana	7-291-a	{#agnipraskandana#}¦ <lex>n.</lex> <ls>MBH. 1,84,26</ls> nach <ls>NĪLAK.</ls> = {#SrOtasmArtAdyagnisADyakarmatyAga#}.	sch,vcp	
agrAha	3-247-b	{#agrAha#}¦ <lex>m.</lex> {%gar keine Vorstellung%} <ls>VAJRACCH. 42,13</ls>. <ls n="VAJRACCH.">45,5</ls>.	bhs,sch	
agurusAra	6-293-a	{#agurusAra#}¦ {%das Harz der <bot>Aquilaria Agallocha</bot>%} <ls>SUŚR. 1,183,15</ls>. <ls n="SUŚR.">2,175,4</ls>. <ls>RAGH. ed. Calc. 6,8</ls>. {#agaru˚#} <ls>ed. STENZL.</ls>	sch,pwg	
ahaMmati	5-248-b	{#ahaMmati#}¦ <lex>Adj.</lex> {%eine hohe Meinung von sich habend%} <ls>BRAHMAVAIV. 2,38,22</ls>.	sch,pwg	
aholABakara	6-297-c	{#aholABakara#}¦ <lex>Adj.</lex> {%beim geringsten Gewinne schon hoch erfreut%} ({#aho#} {%ausrufend%}) <ls>MBH. 5,133,27</ls>.	sch,ap	
ajabanDu	1-284-a	{#*ajabanDu#}¦ <lex>m.</lex> <ab>N. pr.</ab> eines Mannes <ls>KĀŚ.</ls> zu <ls>P. 4,1,96</ls>.	sch,vcp	
akAlajYa	2-285-a	{#akAlajYa#}¦ <lex>Adj.</lex> {%keine Rücksicht auf Zeit nehmend%}.	sch,ap	
akOsIdya	7-289-d	{#akOsIdya#}¦ <lex>n.</lex> {%Fleiss%} <ls>JĀTAKAM. 1</ls>.	bhs,sch	
akaluza	2-285-a	{#akaluza#}¦ <lex>Adj.</lex> {%nicht trübe, hell%} <ls>VARĀH. BṚH. S. 8,53</ls>.	bhs,sch	
akardama	2-285-a	{#akardama#}¦ <lex>Adj.</lex> (<lex>f.</lex> {#A#}) {%ohne Schlamm%}.	bhs,sch	
akarmakft	2-285-a	{#akarmakft#}¦ <lex>Adj.</lex> {%unthätig%} <ls>BHAG. 3,5</ls>.	sch,ap	
akftaka	2-285-b	{#akftaka#}¦ <lex>Adj.</lex> {%natürlich, naturalis%}.	bhs,sch	
akfzwarohin	3-246-c	{#akfzwarohin#}¦ <lex>Adj.</lex> {%wild wachsend%} <ls>RAGH. 14,77</ls>.	sch,ap	
akilbiza	3-246-c	{#akilbiza#}¦, <lex>f.</lex> {#I#} <ls>MBH. 1,63,97</ls>.	sch,ap	
akleSam	4-290-c	{#akleSam#}¦ <lex>Adv.</lex> {%ohne Leiden, — Beschwerden%} <ls>PRAB. 61,11</ls>.	sch,ap	
akzakUwa	3-246-c	{#akzakUwa#}¦ <lex>n.</lex> {%Betrug im Würfelspiel%} <ls>MBH. 3,33,3</ls>.	sch,vcp	
alIna	1-294-b	{#alIna#}¦ <lex>Adj.</lex> {%nicht in Etwas steckend%} <ls>Spr. 3250</ls>.	bhs,sch	
alaMkArika	1-294-b	{#alaMkArika#}¦ <ab>s.</ab> {#AlaM˚#}.	bhs,sch	
alpotsuka	7-310-b	{#alpotsuka#}¦ <lex>Adj.</lex> {%gleichgültig%} <ls>DIVYĀVAD. 41,23</ls>. <ls n="DIVYĀVAD.">57,4</ls>. <ls n="DIVYĀVAD.">86,12</ls>. <ls n="DIVYĀVAD.">159,23</ls>.	bhs,sch	
amAtfjYa	7-307-b	{#*amAtfjYa#}¦ <lex>Adj.</lex> {%undankbar gegen die Mütter%} <ls>MAHĀVY. 127</ls>.	bhs,sch	
amanasikAra	7-307-b	{#*amanasikAra#}¦ <lex>m.</lex> {%Nichtbeachtung%} <ls>MAHĀVY. 68</ls>. <ls n="MAHĀVY.">70</ls>.	bhs,sch	
amftataraMgiRI	2-291-b	{#amftataraMgiRI#}¦ <lex>f.</lex> Titel eines Werkes <ls>OPP. Cat. 1</ls>.	sch,pwg	
anABAsa	1-288-b	{#anABAsa#}¦ <lex>Adj.</lex> {%lichtlos%} <ls n="Kārikā">Kār. 48</ls> zu <ls>MĀṆḌ. UP.</ls>	bhs,sch	
anAdAna	1-288-a	{#anAdAna#}¦ <lex>n.</lex> {%das Nichtempfangen%} <ls>MBH. 3,32,10</ls>.	bhs,sch	
anAdarSaka	2-289-a	{#anAdarSaka#}¦ <lex>m.</lex> <ab>N. pr.</ab> eines fabelhaften Berges <ls>KĀRAṆḌ. 91,14</ls>.	bhs,sch	
anAdarSanA	2-289-a	{#anAdarSanA#}¦ <lex>f.</lex> <ab>N. pr.</ab> einer <is>Gandharva</is>-Jungfrau <ls>KĀRAṆḌ. 4,16</ls>.	bhs,sch	
anAkftsnagatA	2-288-c	{#anAkftsnagatA#}¦ <lex>f.</lex> <ab>N. pr.</ab> einer <is>Nāga</is>-Jungfrau <ls>KĀRAṆḌ. 4,4</ls>.	bhs,sch	
anAlIQa	5-242-c	{#anAlIQa#}¦ <lex>Adj.</lex> {%nicht beleckt%} <ls>RAGH. 10,46</ls>.	bhs,sch	
anAlamBuka	2-289-a	{#anAlamBuka#}¦ <ls>KAP. S. 48,16</ls>.	sch,pwg	
anArabDa	1-288-b	{#anArabDa#}¦ <lex>Adj.</lex> {%nicht begonnen%} <ls>BĀDAR. 4,1,15</ls>.	bhs,sch	
anAtmavedin	5-242-c	{#anAtmavedin#}¦ <lex>Adv.</lex> {%sich selbst%} oder {%den%} <is>Ātman</is> {%nicht kennend%}. <ab>Nom. abstr.</ab> {#˚ditA#} <lex>f.</lex> <ls>ŚIŚ. 15,22</ls>.	sch,ap	
anaBiBava	1-287-b	{#anaBiBava#}¦ <lex>m.</lex> {%das Nichtunterliegen%} <ls>BĀDAR. 3,4,35</ls>.	sch,vcp	
anaBilapya	3-249-c	{#anaBilapya#}¦ <lex>Adj.</lex> {%nicht auszudrücken%} <ls>VAJRACCH. 24,8</ls>. <ls n="VAJRACCH.">45,6</ls>.	bhs,sch	
anaBinirvftta	5-242-b	{#anaBinirvftta#}¦ <lex>Adj.</lex> {%nicht zu Stande gekommen, — vorhanden%}. <ab>Nom. abstr.</ab> {#˚tva#} <lex>n.</lex> <ls>P. 6,1,101</ls>, <ab>Sch.</ab>	bhs,sch	
anaBisaMhita	3-249-c	{#anaBisaMhita#}¦ <lex>Adj.</lex> {%keine selbstsüchtigen Absichten habend%}.	sch,vcp	
anaDimUrCita	6-294-b	{#anaDimUrCita#}¦ <lex>Adj.</lex> {%unbefangen, sich zu den Dingen gleichgültig verhaltend%}. {#˚tva#} <lex>n.</lex> <ls>JĀTAKAM. 14</ls>.	bhs,sch	
anantakAya	1-287-a	{#anantakAya#}¦ <lex>Adj.</lex> {%unvergänglich%} als <ab>Bez.</ab> {%bestimmter Pflanzen%}.	sch,pwg	
ananugama	2-288-b	{#ananugama#}¦ <lex>m.</lex> {%das Nichtbegleiten, Nichtverbundensein mit Etwas%} <ls><ab>Comm.</ab> zu ŚĀṆḌ. S. 5, Z. 13. 15</ls>.	sch,vcp	
ananyaSAsana	1-287-b	{#ananyaSAsana#}¦ <lex>Adj.</lex> (<lex>f.</lex> {#A#}) {%unter keines Andern Befehlen stehend%} <ls>DAŚAK. 3,14</ls>.	sch,ap	
ananyajanman	7-385-b	{#ananyajanman#}¦ <lex>m.</lex> {%der Liebesgott%} <ls>MĀLATĪM. (ed. Bomb.) 56,5</ls>.	sch,ap	
anaqvah	3-249-b	{#anaqvah#}¦ 1〉 als Schimpfwort <ls>MAHĀVĪRAC. 43,4</ls>.	gra,sch	
anarka	1-287-c	{#anarka#}¦ <lex>m.</lex> {%etwas Anderes als die Sonne%} <ls>NAIṢ. 3,76</ls>.	sch,pwg	
anavamfdya	5-242-b	{#anavamfdya#}¦ <lex>Adj.</lex> {%nicht unter die Füsse zu bringen, nicht unterzukriegen%}. <ab>Nom. abstr.</ab> {#˚tA#} <lex>f.</lex> <ls>LALIT. 37,11</ls>.	bhs,sch	
andolay	6-295-a	{#andolay#}¦ im <lang>Prākrit</lang> 〔294,19〕.	sch,pwg	
aneya	3-250-c	{#aneya#}¦ <lex>Adj.</lex> {%unleitbar, der sich nicht belehren lässt%} <ls>MBH. 5,26,15</ls>. <ls n="MBH.">8,9,75</ls>. <ls n="MBH.">10,5,6</ls>. <ls>HARIV. 11187</ls>.	bhs,sch	
aneza	1-290-a	{#*aneza#}¦ (<ab>Nom.</ab> {#˚s#}) {%nicht dieser hier%} <ls>P. 6,1,132</ls>, <ab>Sch.</ab>	bhs,sch	
anfRI	1-290-a	{#anfRI#}¦ <lex>Adv.</lex> mit {#BU#} {%sich von einer Schuld befreien%} <ls>PAÑCAD.</ls>	sch,skd	
anikziptaDura	2-289-a	{#anikziptaDura#}¦, auch <ls>KĀRAṆḌ. 1,12</ls> {#˚DUra#}.	bhs,sch	
anivizwa	5-242-c	{#anivizwa#}¦ <lex>Adj.</lex> {%der sich nicht häuslich niedergelassen hat, unverheirathet%} <ls>MBH. 1,195,24</ls>.	sch,ap	
aniyantrita	4-292-b	{#aniyantrita#}¦ <lex>Adj.</lex> {%unbeschränkt, unbestimmt%} <ls>SĀH. D. 18,10</ls>.	sch,vcp	
antarAvedi	5-243-b	{#antarAvedi#}¦, so zu lesen <ab>st.</ab> {#˚vedI#}. <ab>Vgl.</ab> <ls>H. an. 3,185</ls>. <ls>VIŚVA</ls> im <ls><ab>Comm.</ab> zu ŚIŚ. 19,65</ls>. Die Bedeutung ist wohl {%Scheidewand%}.	sch,vcp	
anubanDikA	1-289-c	{#anubanDikA#}¦ <lex>f.</lex> {%ungünstiges Symptom, Todesanzeichen%} <ls>HARṢAC. 124,4</ls>.	sch,ap	
anulomay	7-300-c	{#anulomay#}¦ auch so <ab>v. a.</ab> {%günstig gestalten%} <ls>MBH. 8,10,15</ls>.	sch,pwg	
anumArjana	2-289-b	{#anumArjana#}¦ <lex>n.</lex> {%das Glattstreichen%} <ls><ab>Comm.</ab> zu KĀTY. ŚR. 2,6,11</ls>.	sch,pwg	
anumAsa	1-289-c	{#anumAsa˚#}¦ <lex>Adv.</lex> {%allmonatlich%} <ls>NAIṢ. 8,37</ls>.	sch,pwg	
anumantar	1-289-c	{#anumanta/r#}¦ <ls>TBR. 3,10,1,3</ls>. <ls n="TBR. 3,10,">9,7</ls>. <ls n="TBR. 3,10,">10,3</ls>.	sch,pwg	
anupanIta	1-289-b	{#anupanIta#}¦ <lex>Adj.</lex> {%nicht in die Lehre aufgenommen%} <ls>KĀVYĀD. 3,178</ls>.	sch,vcp	
anupavIta	1-289-b	{#anupavIta#}¦ <lex>Adj.</lex> {%nicht mit der heiligen Schnur behängt%} <ls>HEMĀDRI 2,a,38,19</ls>.	sch,vcp	
anuyAjavant	1-289-c	{#anuyAja/vant#}¦ <ls>MAITR. S. 3,7,2</ls>.	sch,pwg	
anuzWAyajYayajYIya	3-250-c	{#anuzWAyajYayajYIya#}¦ fehlerhaft für {#anuzWAyajYAyajYIya#}.	sch,pwg	
anvetavE	1-290-c	{#a/nvetavE/#}¦ <ab>Dat.</ab> <ab>Inf.</ab> {%einzuholen%} <ls>ṚV. 7,33,8</ls>.	sch,pwg	
apAkesTa	5-244-a	{#apAkesTa/#}¦ zu streichen; <ab>vgl.</ab> {#ApAkesTa/#}.	sch,pwg	
apaSyant	3-251-c	{#apaSyant#}¦ {%nicht gewahr werdend%} 〔127,7〕 ({#apaSyantI#}). 〔81,29〕 ({#apaSyatI#}); {%nicht sehend%} in der <ab>Astrol.</ab> so <ab>v. a.</ab> {%nicht in adspectu stehend von%} (<ab>Acc.</ab>) <ls>VARĀH. BṚH. 5,1</ls	sch,pwg	
apalakzaRa	7-303-b	<hom>1.</hom> {#apalakzaRa#}¦ <lex>n.</lex> {%ein ungünstiges Zeichen%} <ls>JĀTAKAM. 13</ls>.	bhs,sch	
apamatsara	7-302-c	{#apamatsara#}¦ <lex>Adj.</lex> {%unbeneidet%} <ls>JĀTAKAM. 22,5</ls>.	bhs,sch	
aparigfhIta	1-291-a	{#aparigfhIta#}¦ <lex>Adj.</lex> 1〉 {%nicht eingepfercht%} <ls>TĀṆḌYA-BR. 6,8,10</ls>. — 2〉 {%von Niemand in Besitz genommen, <ab n="Niemand">N.</ab> gehörend%} <ls>ĀPAST.</ls>	sch,vcp	
aparijYAna	3-251-b	{#aparijYAna#}¦ <lex>n.</lex> {%Unkenntniss%}.	sch,vcp	
aparisaMsTita	7-303-a	{#aparisaMsTita#}¦ <lex>Adj.</lex> {%nirgends stehen bleibend%} <ls>R. ed. Bomb. 3,60,37</ls>.	sch,ap	
aparokzAnuBUti	2-290-b	{#aparokzAnuBUti#} <lex>f.</lex> und {#aparokzAnuSruti#} <lex>f.</lex>¦ Titel zweier Werke <ls>OPP. Cat. 1</ls>.	sch,vcp	
apattana	7-302-b	{#apattana#}¦ <lex>n.</lex> etwa so <ab>v. a.</ab> {%so zu sagen keine Stadt%} <ls>DIVYĀDAD. 276,14</ls>. <ls n="DIVYĀDAD. 276,">16</ls>. <ls n="DIVYĀDAD.">277,13. fgg.</ls>	bhs,sch	
aprAptakAya	7-305-a	{#aprAptakAya#}¦ <lex>Adj.</lex> etwa {%schmächtig, schwächlich geblieben%} <ls>DIVYĀVAD. 334,2</ls>. <ls n="DIVYĀVAD.">571,11</ls>.	bhs,sch	
aprakarza	3-252-b	{#aprakarza˚#}¦ {%nicht in hohem Grade, nicht ganz und gar%}.	sch,vcp	
aprakftisTa	1-291-c	{#aprakftisTa#}¦ <lex>Adj.</lex> (<lex>f.</lex> {#A#}) = {#aprakfti#} <ls>HEMĀDRI 1,680,1</ls>.	sch,vcp	
aprapaYca	7-304-d	{#*aprapaYca#}¦ <lex>Adj.</lex> wohl {%unerklärlich, unerklärt%} <ls>MAHĀVY. 144</ls>.	bhs,sch	
apratiGAta	4-293-b	<hom>2.</hom> {#apratiGAta#}¦ <lex>Adj.</lex> {%unbehindert, unwiderstehlich%} <ls>BHĀG. P. 1,12,16</ls>.	bhs,sch	
apratiSaraRa	7-304-c	{#*apratiSaraRa#}¦ <lex>Adj.</lex> {%unverbrüchlich%} <ls>MAHĀVY. 63</ls>.	bhs,sch	
apratikANkzin	4-293-b	{#˚apratikANkzin#}¦ <lex>Adj.</lex> {%nicht erwartend, nicht hoffend auf%} <ls>LALIT. 217,9</ls>.	bhs,sch	
apratipudgala	7-304-b	{#*apratipudgala#}¦ <lex>m.</lex> {%ein%} <is>Buddha</is> <ls>MAHĀVY. 1</ls>.	bhs,sch	
apratisama	7-304-c	{#*apratisama#}¦ <lex>Adj.</lex> {%unvergleichlich%} <ls>MAHĀVY. 19</ls>. <ls n="MAHĀVY.">128</ls>.	bhs,sch	
aprativirata	7-304-c	{#*aprativirata#}¦ <lex>Adj.</lex> {%sich nicht enthaltend%} (böser Handlungen) <ls>MAHĀVY. 245,893</ls>.	bhs,sch	
apratyudAvartya	7-304-d	{#*apratyudAvartya#}¦ <lex>Adj.</lex> {%unverbrüchlich%} <ls>MAHĀVY. 278</ls>.	bhs,sch	
apratyudDArya	7-385-d	{#*apratyudDArya#}¦ <lex>Adj.</lex> {%unwiderbringlich%} <ls>MAHĀVY. 278</ls>.	bhs,sch	
apsarAy	1-292-a	{#apsarAy#}¦, <ab>Partic.</ab> <lex>f.</lex> {#˚yitA#} <ls>NAIṢ. 1,115</ls>.	sch,pwg	
apsumant	4-293-c	{#apsumant#}¦ <lex>Adj.</lex> 3〉 <ab>Bez.</ab> {%eines%} <is>Agni</is> <ls>ĀPAST. ŚR. 9,3,22</ls>. — 4〉 {%an diesen%} <is>Agni</is> {%gerichtet%} <ls><ab>ebend.</ab> 23</ls>.	sch,pwg	
arAma	3-253-c	{#arAma#}¦ <lex>Adj.</lex> (<lex>f.</lex> {#A#}) {%ohne%} <is>Rāma</is> <ls>BĀLAR. 115,1</ls>. <ls>MAHĀVĪRAC. 44,21</ls>.	sch,ap	
arDuzwa	7-309-d	{#*arDuzwa#}¦ <lex>Adj.</lex> = {#aDyuzwa#} <ls>MAHĀVY. 250</ls>.	bhs,sch	
arTepsu	5-245-b	{#arTepsu#}¦ <lex>Adj.</lex> {%Reichthum wünschend%} <ls>KĀTY. PARIBH. 2,7</ls>.	sch,pwg	
araRasamavasaraRa	7-308-b	{#*araRasamavasaraRa#}¦ <lex>m.</lex> und {#*araRasaraRasarvasamavasaraRa#} <lex>m.</lex> <ab>Bez.</ab> {%zweier%} <is>Samādhi</is> <ls>MAHĀVY. 21</ls>.	bhs,sch	
arajovirajonayayukta	7-308-b	{#*arajovirajonayayukta#}¦ <lex>m.</lex> {%ein <ab>best.</ab>%} <is>Samādhi</is> <ls>MAHĀVY. 21</ls>.	bhs,sch	
arakzya	5-244-c	{#arakzya#}¦ <lex>Adj.</lex> {%nicht zu schützen, keinen Schutz verdienend%} <ls>KATHĀS. 62,82</ls>.	bhs,sch	
aravAqa	7-308-c	{#*aravAqa#}¦ <lex>m.</lex> <ab>N. pr.</ab> eines Schlangendämons <ls>MAHĀVY. 167</ls>.	bhs,sch	
arkavant	1-293-c	{#arkavant#}¦ auch {%dem zu Ehren der%} <is>Arka</is> {%dargebracht wird%} (<ls>MAITR. S. 2,2,9</ls>) und {%das Wort%} {#arka#} {%enthaltend%} (<ls>TĀṆḌYA-BR. 5,1,8</ls>).	sch,pwg	
arpaRA	7-309-d	{#*arpaRA#}¦ <lex>f.</lex> {%Richtung der Gedanken, Entschluss%} <ls>MAHĀVY. 245,1021</ls>.	bhs,sch	
asUsu	5-248-a	{#asUsu/#}¦, <ls>WHITNEY</ls> nimmt {#asUsU/#} an.	sch,pwg	
asaMhfta	6-297-a	{#asaMhfta#}¦ <lex>Adj.</lex> {%ununterbrochen%} <ls>UTTARAR. 1,16</ls>. <ls n="UTTARAR. 1,">17</ls> (<ls n="UTTARAR.">2,9</ls>. <ls n="UTTARAR. 2,">10</ls>).	sch,vcp	
asaMpraKyAna	7-314-d	{#*asaMpraKyAna#}¦ <lex>n.</lex> vielleicht {%Mangel an Einsicht%} <ls>MAHĀVY. 127</ls>. <ls n="MAHĀVY.">133</ls>.	bhs,sch	
asaMprajYAna	7-314-d	{#*asaMprajYAna#}¦ <lex>n.</lex> {%Nichterkenntniss%} <ls>MAHĀVY. 245,488</ls>.	bhs,sch	
asaMprajanya	7-314-d	{#*asaMprajanya#}¦ <lex>n.</lex> {%Mangel an klarem Bewusstsein, — Besonnenheit%} <ls>MAHĀVY. 104</ls>.	bhs,sch	
asaMvIta	6-296-c	{#asaMvIta#}¦ <lex>Adj.</lex> (<lex>f.</lex> {#A#}) {%unbekleidet%} <ls>MBH. 3,61,6</ls>. <ls>BHĀG. P. 5,6,8</ls>. <ls n="BHĀG. P.">6,18,49</ls>.	sch,ap	
asaMyant	5-248-a	{#a/saMyant#}¦, so richtiger betont in einigen <ab>Hdschrr.</ab>	sch,pwg	
asamAvftta	5-248-a	{#asamAvftta#}¦ <lex>Adj.</lex> = {#asamAvfttaka#} <ls>ĀPAST. 2,6,12</ls>.	sch,vcp	
asamayavimukta	7-314-c	{#*asamayavimukta#}¦ <lex>Adj.</lex> <ab>Bez.</ab> {%eines%} <is>Śrāvaka</is> {%in einem <ab>best.</ab> Stadium der geistigen und sittlichen Entwickelung%} <ls>MAHĀVY. 46</ls>.	bhs,sch	
asant	7-314-c	<hom>1.</hom> {#asant#}¦ I. {#asat#} mit {#kar#} {%schlecht empfangen%} <ls>JĀTAKAM. 22,70</ls>. {%schlecht behandeln%} <ls n="JĀTAKAM.">23</ls>.	sch,pwg	
asurendrA	2-293-a	{#asurendrA#}¦ <lex>f.</lex> <ab>N. pr.</ab> einer <is>Kiṃnara</is>-Jungfrau <ls>KĀRAṆḌ. 6,21</ls>.	bhs,sch	
atiBArika	3-248-a	{#atiBArika#}¦ <lex>Adj.</lex> in {#nAtiBArika#}.	sch,ap	
atiSIta	6-293-b	{#atiSIta#}¦ 1〉 <lex>Adj.</lex> {%sehr kühlend%} <ls>SUŚR. 1,184,1</ls>. — 2〉 <lex>n.</lex> {%grosse —, zu grosse Kälte%} <ls>Spr. 2504</ls>. <ls>MĀRK. P. 99,4</ls>. <ls n="MĀRK. P. 99,">9</ls>.	sch,vcp	
atigarjin	2-287-b	{#atigarjin#}¦ <ls>KATHĀS. 60,105</ls> fehlerhaft für {#aBi˚#}.	sch,pwg	
atikrAntaBAvanIya	3-247-c	{#atikrAntaBAvanIya#}¦, lies {%auf der 4ten und höchsten Stufe%}.	sch,pwg	
atisadfSa	6-293-c	{#atisadfSa#}¦ <lex>Adj.</lex> {%überaus ähnlich%} <ls>KATHĀS. 101,81</ls>.	bhs,sch	
ativizWita	7-294-a	{#ativizWita#}¦ <lex>Adj.</lex> etwa {%fest stehend, sich nicht von der Stelle bewegend%} <ls>R. ed. Bomb. 4,18,38</ls>.	sch,ap	
ativizama	5-241-b	{#ativizama#}¦ <lex>Adj.</lex> (<lex>f.</lex> {#A#}) auch {%sehr beschwerlich, — unbequem%} <ls>Spr. 1871</ls>.	sch,pwg	
atizkad	6-293-b	{#atizka/d#}, {#atizka/das#}¦ 〔17,4〕 ist <ab>Abl.</ab> <ab>Infin.</ab> zu {#skad#} [Page6-293-c] mit {#ati#}, {#atizka/de#} <ls>ṚV. 8,67,19</ls> <ab>Dat.</ab>	gra,sch	
atrARa	2-288-a	{#atrARa#}¦ <lex>Adj.</lex> (<lex>f.</lex> {#A#}) {%schutzlos%} <ls>KĀRAṆḌ. 45,17</ls>.	bhs,sch	
atyAga	2-287-c	{#atyAga#}¦ <lex>m.</lex> {%Nichthingabe%}. {#˚ge tanoH#} so <ab>v. a.</ab> {%bei Lebzeiten%} <ls>Spr. 4021</ls>.	sch,vcp	
atyAjya	2-287-c	{#atyAjya#}¦ <lex>Adj.</lex> 1〉 {%nicht im Stich zu lassen, nicht zurückzuweisen, nicht zu verstossen%}. — 2〉 {%nicht hinzugeben, nicht aufzugeben%}.	sch,vcp	
atyunnati	1-285-c	{#atyunnati#}¦ <lex>f.</lex> {%sehr bedeutende Höhe%} <ls>SĀH. D. 41,13</ls>.	sch,pwg	
atyuttama	1-285-c	{#atyuttama#}¦ <lex>Adj.</lex> (<lex>f.</lex> {#A#}) {%ganz vorzüglich%} <ls>KATHĀS. 87,4</ls>.	bhs,sch	
avAnta	5-246-c	{#avAnta#}¦ <lex>Adj.</lex> {%nicht ausgebrochen, — ausgespien%} <ls>HEM. PAR. 1,376</ls>.	bhs,sch	
avaga	7-310-c	{#*avaga#}¦ <lex>n.</lex> {%eine bestimmte hohe Zahl%} <ls>MAHĀVY. 246. fg.</ls>	bhs,sch	
avakalpanA	7-310-b	{#*avakalpanA#}¦ <lex>f.</lex> {%das für möglich Halten%} <ls>MAHĀVY. 245</ls>.	bhs,sch	
avakrAma	1-294-b	{#avakrAma#}¦ in {#anavakrAma#}.	bhs,sch	
avalokitalakzmI	2-292-a	{#avalokitalakzmI#}¦ <lex>f.</lex> <ab>N. pr.</ab> einer <is>Kiṃnara</is>Jungfrau <ls>KĀRAṆḌ. 6,3</ls>.	bhs,sch	
avalupta	5-246-b	{#avalupta#}¦ 1〉 <lex>Adj.</lex> <ab>s. u.</ab> <hom>1.</hom> {#lup#} mit {#ava#}. — 2〉 *<lex>n.</lex> <ab>Nom.</ab> <ab>act.</ab> {#vfkAva˚#} {%das Heranspringen nach Art eines Wolfes%} <ls>P. 6,2,145</ls>, <ab>Sch.</ab	bhs,sch	
avamUrDa	7-310-d	{#*avamUrDa#}¦ <lex>m.</lex> <ab>N. pr.</ab> einer mythischen Welt <ls>MAHĀVY. 154</ls>.	bhs,sch	
avaraBAgIya	7-311-a	{#avaraBAgIya#}¦ <lex>Adj.</lex> {%von niedriger Art%} und zugleich {%eine niedrige Wiedergeburt nach sich ziehend%} <ls>MAHĀVY. 109</ls>. <ls>DIVYĀVAD. 533,24</ls>.	bhs,sch	
avaragodAnIya	7-311-a	{#*avaragodAnIya#}¦ <ls>MAHĀVY. 154</ls> fehlerhaft für {#apara˚#}.	bhs,sch	
avavartin	5-246-b	{#avavarti/n#}¦ zu streichen, da <ls>TBR. 1,2,6,1</ls> {#avavarti#} <ab>Aor.</ab> von {#vart#} ist; <ab>vgl.</ab> {#upA/vavarti#} <ls>TS. 6,2,7,4</ls>.	sch,pwg	
avfTArTa	5-247-c	{#avfTArTa#}¦ <lex>Adj.</lex> {%eine zutreffende Bedeutung —, einen zutreffenden Namen habend%}. <ab>Nom. abstr.</ab> {#˚tA#} <lex>f.</lex> <ls>ŚIŚ. 6,47</ls>.	sch,ap	
aviSlizwa	7-312-c	{#aviSlizwa#}¦ <lex>Adj.</lex> {%übereinstimmend%} <ls>R. ed. Bomb. 4,19,10</ls>.	sch,vcp	
avidUzaka	5-247-a	{#avidUzaka#}¦ <lex>Adj.</lex> {%der Einen nicht verunglimpft, — beleidigt%} <ls>R. ed. Bomb. 1,7,11</ls>.	sch,ap	
avilakzaRa	5-247-b	{#avilakzaRa#}¦ <ls>KĀM. NĪTIS. 8,14</ls> fehlerhaft für {#arilakzaRa#}.	sch,vcp	
avinivartanIya	7-312-a	{#*avinivartanIya#}¦ <lex>m.</lex> {%ein <ab>best.</ab>%} <is>Samādhi</is> <ls>MAHĀVY. 24</ls>.	bhs,sch	
avirajas	7-312-b	{#*avirajas#}¦ <lex>n.</lex> {%ein <ab>best.</ab> kleines Theilchen%} <ls>MAHĀVY. 251</ls>.	bhs,sch	
avivara	7-312-b	{#avivara#}¦ <lex>Adj.</lex> {%keine Oeffnung habend, keine Lücke zeigend%} <ls>R. ed. Bomb. 3,28,7</ls>.	sch,vcp	
avyaBicarita	2-292-b	{#avyaBicarita#}¦ <lex>Adj.</lex> {%wogegen nicht gefehlt worden ist%} <ls><ab>Comm.</ab> zu TS. PRĀT. 2,25</ls>.	sch,vcp	
ayonijanman	3-253-b	{#ayonijanman#}¦ <lex>Adj.</lex> {%keinem Mutterleibe entsprossen%} <ls>MAHĀVĪRAC. 10,4</ls>.	sch,ap	
azwamAsika	4-295-c	{#azwamAsika#}¦ <lex>Adj.</lex> (<lex>f.</lex> {#I#}) {%acht Monate vorhaltend%} ({#tfpti#}), {%<ab n="acht Monate">a. M.</ab> hindurch Wasser habend%} ({#nadI#}).	sch,ap	
bfMhayitar	7-364-a	{#*bfMhayitar#}¦ <ab>Nom. ag.</ab> {%Vermehrer%} <ls>MAHĀVY. 126,88</ls>.	bhs,sch	
bindupratizWAnamaya	5-261-c	{#bindupratizWAnamaya#}¦ <lex>Adj.</lex> (<lex>f.</lex> {#I#}) {%den%} <is>Anusvāra</is> {%zur Grundlage habend%}.	sch,pwg	
boDipakzanirdeSa	7-364-b	{#*boDipakzanirdeSa#}¦ <lex>m.</lex> Titel eines <ab>buddh.</ab> Werkes <ls>MAHĀVY. 65,57</ls>.	bhs,sch	
cApodara	7-341-b	{#*cApodara#}¦ <lex>Adj.</lex> (<lex>f.</lex> {#I#}) {%einen gewölbten Bauch habend%} <ls>MAHĀVY. 223,133</ls> ({#˚danI#} <ab>gedr.</ab>).	bhs,sch	
cAturdvIpaka	7-341-a	{#*cAturdvIpaka#}¦ <lex>Adj.</lex> {%vier Welttheile umfassend%} <ls>MAHĀVY. 154,1</ls>.	bhs,sch	
cEtanaka	7-342-a	{#*cEtanaka#}¦ <lex>n.</lex> <ab>Pl.</ab> {%Gelder oder Werthsachen zum Einkaufen oder Eintauschen%} <ls>MAHĀVY. 260,10</ls>.	bhs,sch	
cEtradaRqika	7-342-a	{#*cEtradaRqika#}¦ <lex>m.</lex> <ls>MAHĀVY. 186,65</ls> wohl fehlerhaft für {#vetra˚#}.	bhs,sch	
cakawi	7-340-a	{#cakawi#}¦ <lex>Adj.</lex> {%schlecht, von geringer Art%} <ls>DIVYĀVAD. 496,9</ls>. <ls n="DIVYĀVAD. 496,">26</ls>.	bhs,sch	
cakrIvant	2-300-b	{#cakrIvant#}¦ 3〉 <lex>n.</lex> {%Wagen%} <ls>ĀPAST. ŚR. 15,20,18</ls>.	sch,pwg	
cakravant	6-301-a	{#cakravant#}¦ <lex>n.</lex> {%Wagen%} <ls>BAUDH. 1,3,34</ls>. <ab>Vgl.</ab> {#cakrIvant#} <ls>Nachtr. 2</ls>.	sch,pwg	
cakzuzmant	7-340-b	{#cakzuzmant#}¦ II. *<lex>f.</lex> {#˚zmatI#} <ab>N. pr.</ab> einer <is>Tantra</is>-Gottheit <ls>MAHĀVY. 197,92</ls>.	sch,pwg	
catuzkumBikA	7-340-c	{#*catuzkumBikA#}¦ <lex>f.</lex> ? <ls>MAHĀVY. 281,111</ls>.	bhs,sch	
ciray	7-341-d	{#ciray#}¦ mit {#ati#} {%sehr lange ausbleiben%} <ls>DIVYĀVAD. 175,20</ls>.	sch,pwg	
citray	7-341-c	{#citray#}¦ mit {#sam#} {%bunt machen%} <ls>DHARMAŚARM. 6,34</ls>.	sch,pwg	
culukI	4-299-a	{#culukI#}¦ mit {#kar#} auch {%verschwinden machen%} <ls>BHĀM. V. 1,120</ls>.	sch,skd	
dIpAvatI	7-348-b	{#dIpAvatI#}¦ <lex>f.</lex> <ab>N. pr.</ab> einer Stadt <ls>DIVYĀVAD. 246,9. fgg.</ls>	bhs,sch	
dUray	7-348-d	{#dUray#}¦ III. {%entfernen%} <ls>KUMĀRAS. 8,31</ls>.	sch,pwg	
darS	7-347-c	{#darS#}¦ mit {#pari#} III. {%untersuchen%} <ls>JĀTAKAM. 23</ls>. <ls n="JĀTAKAM.">27</ls>. {#SAstraparidfzwa = SAstradfzwa#} <ls n="JĀTAKAM.">12</ls>. — Mit {#pra#} <ab>Caus.</ab> III. 1〉 {%Jmd Etwas zeigen,%} mit doppe	sch,pwg	
dfzant	5-256-b	{#dfzant#}¦, eher fehlerhaft für {#riSant#}.	sch,pwg	
dfzwipanTan	3-264-a	{#dfzwipanTan#}¦ <lex>m.</lex> {%Gesichtskreis%}.	sch,pwg	
digvilokita	7-348-a	{#*digvilokita#}¦ <lex>m.</lex> {%ein <ab>best.</ab>%} <is>Samādhi</is> <ls>MAHĀVY. 21,19</ls>.	bhs,sch	
dravant	6-302-b	{#dravant#}¦ Z. 2, lies {#dravantI#} <ab>st.</ab> {#dravatI#}.	sch,pwg	
duHKilatA	7-348-c	{#*duHKilatA#}¦ <lex>f.</lex> ? <ls>MAHĀVY. 85,16</ls>.	bhs,sch	
duraBisaMBava	7-348-c	{#duraBisaMBava#}¦ <lex>Adj.</lex> <ls>MAHĀVY. 245,804</ls>. {%schwer auszuführen, schwierig%} <ls>JĀTAKAM. 12</ls>. {%mit Schwierigkeiten verbunden%} oder {%schwer zu bewohnen%} <ls n="JĀTAKAM.">21</ls>.	bhs,sch	
dvArakozWaka	7-350-a	{#dvArakozWaka#}¦ <lex>m.</lex> {%Zinne eines Stadtthors%} <ls>DIVYĀVAD. 17,12</ls>. <ls n="DIVYĀVAD.">300,8. fgg. 535,11. fgg.</ls>	bhs,sch	
dvIpavant	7-350-a	{#dvIpavant#}¦ III. 3〉a〉 <ls>DHARMAŚ. 1,31</ls>.	sch,pwg	
ekAkAra	7-327-c	{#*ekAkAra#}¦ <lex>m.</lex> {%ein <ab>best.</ab>%} <is>Samādhi</is> <ls>MAHĀVY. 21</ls>.	bhs,sch	
ekAntI	7-327-d	{#ekAntI#}¦ <lex>Adv.</lex> mit {#kar#} {%feststellen, ausmachen, entscheiden%} <ls>DIVYĀVAD. 572,1</ls>.	sch,skd	
ekAvacAraka	7-327-d	{#*ekAvacAraka#}¦ <lex>Adj.</lex> <ls>MAHĀVY. 245,1027</ls>.	bhs,sch	
ekaDyam	7-327-a	{#*ekaDyam#}¦ <lex>Adv.</lex> {%zusammen%} <ls>MAHĀVY. 245</ls>. {#ekaDye#} <ab>dass.</ab> <ls>DIVYĀVAD. 35,24</ls>. <ls n="DIVYĀVAD.">40,22</ls>. Richtig {#Eka˚#}.	bhs,sch	
ekaSIrzA	2-296-b	{#ekaSIrzA#}¦ <lex>f.</lex> <ab>N. pr.</ab> einer <is>Nāga</is>-Jungfrau <ls>KĀRAṆḌ. 4,3</ls>.	bhs,sch	
ekanizWa	3-258-a	{#ekanizWa#}¦ 1〉 <lex>Adj.</lex> <ab>Pl.</ab> {%auf dasselbe hinauslaufend%} <ls>MBH. 12,349,2</ls>. — 2〉 <lex>m.</lex> <ab>N. pr.</ab> eines göttlichen Wesens <ls>LALIT. 49,7</ls>.	sch,ap	
ekapuzkara	2-296-b	{#ekapuzkara#}¦ <lex>m.</lex> {%eine Art Trommel%} <ls>MBH. 5,94,21</ls>.	sch,vcp	
ekaraSmi	2-296-b	{#ekaraSmi#}¦ <lex>Adj.</lex> {%einen Zügel habend%}.	sch,ap	
ekatya	7-327-a	{#ekatya#}¦ <lex>Adj.</lex> <ab>Pl.</ab> {%nonnulli%} <ls>MAHĀVY. 119</ls>. <ls>DIVYĀVAD. 327,16</ls>. <ls n="DIVYĀVAD. 327,">18</ls>. <ls n="DIVYĀVAD.">618,9</ls>.	bhs,sch	
ekavIcika	7-327-b	{#*ekavIcika#}¦ <lex>Adj.</lex> als <ab>Bez.</ab> eines <is>Śrāvaka</is> {%in einem <ab>best.</ab> Stadium der Entwickelung%} <ls>MAHĀVY. 46</ls>.	bhs,sch	
ekavasana	5-251-a	{#ekavasana#}¦ <lex>Adj.</lex> (<lex>f.</lex> {#A#}) = {#ekavastra#} <ls>MBH. 1,130,8</ls>. <ls n="MBH.">3,65,60</ls>.	sch,ap	
eqAkzipuzpa	7-327-d	{#*eqAkzipuzpa#}¦ <lex>n.</lex> {%eine <ab>best.</ab> Blume%} <ls><ab>ebend.</ab> 240</ls>. <ab>Vgl.</ab> {#eqikAkzI#}.	bhs,sch	
eqameqa	7-327-d	{#*eqameqa#}¦ <lex>m.</lex> <ab>desgl.</ab> <ls><ab>ebend.</ab></ls>	bhs,sch	
fRaDara	7-326-d	{#fRaDara#}¦ <lex>m.</lex> {%Erbe%} <ls>DIVYĀVAD. 254,11</ls>.	bhs,sch	
fdDimant	6-299-a	{#fdDimant#}¦ 2〉 <ab>Nom. abstr.</ab> {#˚mattA#} <ls>MBH. 5,131,23</ls>.	sch,pwg	
gIrvant	7-338-b	{#*gIrvant#}¦ <lex>Adj.</lex> von <hom>2.</hom> {#gir#}.	sch,pwg	
gOcya	2-300-b	{#gO/cya#}¦ <lex>m.</lex> {%ein <ab>best.</ab> göttliches Wesen%} <ls>MAITR. S. 2,9,1</ls>.	sch,vcp	
gamBIraGozasvaranAdita	7-337-c	{#*gamBIraGozasvaranAdita#}¦ <lex>m.</lex> <ab>N. pr.</ab> eines <is>Bodhisattva</is> <ls>MAHĀVY. 23,42</ls>.	bhs,sch	
gamanavant	5-253-b	{#gamanavant#}¦ <lex>Adj.</lex> {%hingehend, vergehend%} <ls>SĀY.</ls> zu <ls>ṚV. 1,113,15</ls>.	sch,pwg	
ganDavant	7-337-c	{#ganDavant#}¦, <lex>f.</lex> {#˚vatI#} II. *<ab>N. pr.</ab> einer <is>Tantra</is>-Gottheit <ls>MAHĀVY. 197,90</ls>.	sch,pwg	
gocarapariSudDa	7-339-a	{#*gocarapariSudDa#}¦ <lex>n.</lex> Titel eines Werkes <ls>MAHĀVY. 65,51</ls>.	bhs,sch	
gopay	5-253-c	{#gopay#}¦ mit {#vi#} etwa {%Jmd blossstellen%} <ls>CAMPAKA 269</ls>. Ist wohl <ab>Denomin.</ab> von {#vigopa#}.	sch,pwg	
grahika	7-339-c	{#*grahika#}¦ <lex>Adj.</lex> etwa {%bissig%} <ls>MAHĀVY. 127,8</ls>.	bhs,sch	
greDa	7-339-c	{#*greDa#}¦ <lex>m.</lex> {%Gier, Begierde%} <ls>MAHĀVY. 245,1145</ls>. [Page7-339-d] <ab>Vgl.</ab> <lang>Pāli</lang> {#geDa#}.	bhs,sch	
guRay	7-338-b	{#guRay#}¦ mit {#anu#} II. {%fördern%} <ls>KIR. 13,44</ls>.	sch,pwg	
icCantika	7-321-a	{#*icCantika#}¦ <lex>Adj.</lex> {%Begierden fühlend%} oder {%zu fühlen anfangend%} <ls>MAHĀVY. 110</ls>.	bhs,sch	
ihehamAtar	7-321-d	{#ihe/hamAtar#}¦, lies {%gleichzeitig eine Mutter habend,%} <ab>d. i.</ab> {%zu gleicher Zeit geboren%}.	sch,pwg	
indraSrI	2-294-c	{#indraSrI#}¦ <lex>f.</lex> <ab>N. pr.</ab> einer <is>Gandharva</is>-Jungfrau <ls>KĀRAṆḌ. 5,9</ls>.	bhs,sch	
indramati	2-294-c	{#indramati#}¦ <lex>m.</lex> {%ein <ab>best.</ab>%} <is>Samādhi</is> <ls>KĀRAṆḌ. 94,3</ls>.	bhs,sch	
indrapawa	2-294-c	{#indrapawa#}¦ <lex>n.</lex> {%Luftgewand,%} so <ab>v. a.</ab> {%Nacktheit%} <ls>KĀRAṆḌ. 81,6</ls>.	bhs,sch	
izADAra	7-321-c	{#izADAra#}¦ <ab>s.</ab> {#IzADara#}.	bhs,sch	
izavant	3-256-b	{#iza/vant#}¦ <lex>Adj.</lex> {%kräftig%}.	sch,pwg	
jAnana	7-343-b	{#*jAnana#}¦ <lex>n.</lex> {%Ursprung, Geburtsstätte%} <ls>MAHĀVY. 101,12</ls>.	bhs,sch	
jAva	7-343-c	{#*jAva#}¦ <lex>m.</lex> ? <ls>MAHĀVY. 104,82</ls>.	bhs,sch	
jAvita	7-343-c	{#*jAvita#}¦ <lex>n.</lex> ? <ls>MAHĀVY. 217,27</ls>.	bhs,sch	
jUtimant	3-262-b	{#jUtima/nt#}¦ <lex>Adj.</lex> {%drängend, ungestüm%}.	sch,pwg	
jYAnavatI	7-344-a	{#*jYAnavatI#}¦ <lex>f.</lex> <ab>N.</ab> einer <ab>buddh.</ab> <is>Dhāraṇī</is> <ls>MAHĀVY. 25,2</ls>.	bhs,sch	
jamBi	7-343-a	{#*jamBi#}¦ <ls>MAHĀVY. 189,25</ls> wohl nur fehlerhaft für {#jamBa#}.	bhs,sch	
janimant	3-262-b	{#janimant#}¦ <lex>m.</lex> {%Geschöpf, Mensch%} <ls>MAHĀVĪRAC. 132,19</ls>.	sch,pwg	
jawApura	7-342-c	{#jawApura#}¦ <lex>n.</lex> <ab>N. pr.</ab> einer {%Stadt%} <ls>R. ed. Bomb. 4,42,13</ls>.	bhs,sch	
jawilay	4-299-b	{#jawilay#}¦ auch {%erfüllen mit%} (<ab>Instr.</ab>) <ls>BHĀM. V. 4,5</ls>.	sch,pwg	
jayavant	5-254-c	{#jayavant#}¦ <lex>Adj.</lex> {%der gesiegt hat%} <ls>HEM. PAR. 1,317</ls>.	sch,pwg	
jvalanolka	7-344-b	{#*jvalanolka#}¦ <lex>m.</lex> {%ein <ab>best.</ab>%} <is>Samādhi</is> <ls>MAHĀVY. 21,94</ls>.	bhs,sch	
kARqarika	7-331-b	{#*kARqarika#}¦ <lex>Adj.</lex> <ls>MAHĀVY. 271,28</ls>.	bhs,sch	
kAlabanDana	3-259-c	{#kAlabanDana#}¦ <lex>Adj.</lex> {%an die Zeit gebunden, von der Zeit abhängig%} <ls>MBH. 3,35,2</ls>.	sch,ap	
kAlahAni	6-300-a	{#kAlahAni#}¦ <lex>f.</lex> {%Zeitverlust%}.	sch,vcp	
kAlita	2-298-b	{#kAlita#}¦ <lex>m.</lex> <ab>N. pr.</ab> eines <lang>Prākrit</lang>-Dichters <ls>HĀLA 63</ls>.	sch,ap	
kAlopa	3-259-c	{#kAlopa#}¦ <lex>m.</lex> <ab>Pl.</ab> {%eine <ab>best.</ab> Schule%} <ls>Ind. St. 3,273</ls>.	sch,pwg	
kArAkAra	7-331-c	{#*kArAkAra#}¦ <lex>m.</lex> {%ein <ab>best.</ab>%} <is>Samādhi</is> [Page7-331-d] <ls>MAHĀVY. 21,53</ls>.	bhs,sch	
kArRAwa	7-331-d	{#kArRAwa#}¦ II. <lex>f.</lex> {#I#} <ls>Z. d. d. m. G. 41,493</ls>.	sch,pwg	
kAravAlika	7-331-c	{#*kAravAlika#}¦ <lex>m.</lex> (fürstlicher) {%Schwertträger%} <ls>MAHĀVY. 186,59</ls>.	bhs,sch	
kArayitar	2-298-a	{#kArayitar#}¦ Z. 2 lies {#˚yitftva#}.	sch,pwg	
kAritra	7-331-d	{#*kAritra#}¦ <lex>n.</lex> = {#cezwita#} <ls>MAHĀVY. 245</ls>. <ls n="MAHĀVY.">844</ls>. <ab>Vgl.</ab> {#cAritra#}.	bhs,sch	
kAyakalisaMpramaTana	7-331-c	{#*kAyakalisaMpramaTana#}¦ <lex>m.</lex> {%ein <ab>best.</ab>%} <is>Samādhi</is> <ls>MAHĀVY. 21,116</ls>.	bhs,sch	
kAzWahAraka	7-332-b	{#*kAzWahAraka#}¦ <lex>m.</lex> {%Holzträger%} <ls>MAHĀVY. 186,106</ls>.	bhs,sch	
kODuma	7-335-a	{#kODuma#}¦ <lex>m.</lex> <ab>Pl.</ab> <ls>DIVYĀVAD. 632,23</ls> fehlerhaft für {#kOTuma#} 2〉, wie <ls><ab>ebend.</ab> 25</ls> geschrieben wird.	bhs,sch	Y
kORqapAyin	7-335-a	{#kORqapAyin#}¦ II. {#˚nAmayanam#} <ls>ŚĀṄKH. ŚR. 13,24,1</ls>. <ls>ŚAṂK.</ls> zu <ls>BĀDAR. 3,3,40</ls>.	sch,vcp	
kUrparaka	7-333-d	{#*kUrparaka#}¦ = {#kUrpara#} {%Ellbogen%} <ls>MAHĀVY. 189,44</ls>.	bhs,sch	
kaSambakajAta	7-331-a	{#*kaSambakajAta#}¦ <lex>Adj.</lex> {%besudelt, unrein%} <ls>MAHĀVY. 278</ls>. <ab>Vgl.</ab> <lang>Pāli</lang> {#kasambu#}.	bhs,sch	
kakudmant	3-258-c	{#kaku/dmant#}¦ 1〉 auch = {#kaku/nmant#} <ls>TS. 1,7,7,2</ls>.	sch,pwg	
kakzIvant	6-299-b	{#kakzI/vant#}¦, <ab>Pl.</ab> <ls>ṚV. 1,126,4</ls>.	sch,pwg	
kalandakanivApa	7-330-c	{#kalandakanivApa#}¦ <lex>m.</lex> <ab>N. pr.</ab> einer Oertlichkeit <ls>MAHĀVY. 193</ls>. <ls>DIVYĀVAD. 262,8</ls>. <ls n="DIVYĀVAD.">298,25</ls>. <ls n="DIVYĀVAD.">364,19</ls> ({#kali˚#} <ab>gedr.</ab>). <ls n="DIVYĀV	bhs,sch	
kalkI	6-300-a	{#kalkI#}¦ mit {#BU#} {%zu Teig werden%} <ls>RĀJAT. 7,1544</ls> ({#SalkI#} <ab>gedr.</ab>).	sch,skd	
kalmAzadamya	7-330-d	{#kalmAzadamya#}¦ <lex>m.</lex> <ab>N. pr.</ab> eines Flekkens <ls>DIVYĀVAD. 515,12</ls>. <ls n="DIVYĀVAD.">516,2. fgg.</ls>	bhs,sch	
kaluzay	7-330-d	{#kaluzay#}¦ II. {#kaluzita#} <ls>MUDRĀR. 60,4 (97,7)</ls>.	sch,pwg	
kapiSIrzaka	7-329-c	{#kapiSIrzaka#}¦ = {#kapiSIrza#} <ls>VIKRAMĀṄKAC. 9,105</ls>.	sch,vcp	
kaqevara	7-329-a	{#kaqevara#}¦ <lex>n.</lex> = {#kalevara#} 1〉 <ls>MAHĀVY. 189</ls>. <ls>DIVYĀVAD. 39,11</ls>.	bhs,sch	
karmavAcanA	7-330-b	{#*karmavAcanA#}¦ <lex>f.</lex> {%der Antrag —, der Beschluss in einer Versammlung des Kapitels der Mönche%} <ls>MAHĀVY. 266</ls>.	bhs,sch	
karmaviBaNga	7-330-b	{#*karmaviBaNga#}¦ <lex>m.</lex> Titel eines Werkes <ls>MAHĀVY. 65,47</ls>.	bhs,sch	
kavacikA	7-331-a	{#*kavacikA#}¦ <lex>f.</lex> {%eine <ab>best.</ab> Waffe%} <ls>MAHĀVY. 238</ls>.	bhs,sch	
kavy	4-297-c	{#kavy#}¦, <ab>Partic.</ab> {#kavya/nt#} {%klug, weise%} <ls>TS. 7,1,20,1</ls>.	sch,pwg	
kawidAna	6-299-b	{#kawidAna#}¦, nach <is>Tārānātha</is> soll {#kawadAna#} im <ls>VARĀHAP.</ls> gelesen werden.	sch,pwg	
kftsnAyatana	7-334-a	{#*˚kftsnAyatana#}¦ <lex>n.</lex> {%eine <ab>best.</ab> mystische Uebung%} (den Geist zu concentriren <ab>u. s. w.</ab>), deren 10 <ls>MAHĀVY. 72</ls>.	bhs,sch	
kfzRAjinA	7-334-b	{#kfzRAjinA#}¦ <lex>f.</lex> <ab>N. pr.</ab> einer Frau <ls>JĀTAKAM. 9</ls>.	bhs,sch	
kiMpratyaya	4-297-c	{#kiMpratyaya#}¦ <lex>Adj.</lex> (<lex>f.</lex> {#A#}) {%welche Ursache habend ? wodurch bedingt ?%} <ls>LALIT. 442,4. fgg.</ls>	bhs,sch	
kirIwavatsa	7-332-c	{#kirIwavatsa#}¦ <lex>m.</lex> <ab>N. pr.</ab> eines Mannes <ls>JĀTAKAM. 13</ls>.	bhs,sch	
kiridra	2-298-b	{#kiridra#}¦ <lex>Adj.</lex> <ls>KAP. S. 27,6</ls> statt {#vikriqa#} <ls>MAITR. S. 2,9,9</ls>.	sch,pwg	
klomaka	7-335-c	{#*klomaka#}¦ <lex>m.</lex> = {#kloman#} <ls>MAHĀVY. 189,90</ls>.	bhs,sch	
kowambaka	7-334-d	{#*kowambaka#}¦ <lex>m.</lex> {%eine Art Zeug%} <ls>MAHĀVY. 280,5</ls>.	bhs,sch	
kowanaka	7-334-d	{#*kowanaka#}¦ in {#gaRqI˚#}. <ab>Vgl.</ab> <hom>4.</hom> {#kuw#}.	bhs,sch	
kowikarRa	7-387-c	{#kowikarRa#}¦ II. Wohl nur <ab>Bein.</ab> {#kowI˚#} <ls>DIVYĀVAD. 3,8. fgg.</ls>	sch,pwg	
krozwar	7-335-c	{#krozwar#}¦ II. <lex>f.</lex> auch {%*das Weibchen des Schakals%}.	sch,pwg	
kubjottarA	7-333-a	{#kubjottarA#}¦ <lex>f.</lex> <ab>N. pr.</ab> einer Nonne <ls>JĀTAKAM. 19,35</ls>. <ls>DIVYĀVAD. 533,5</ls>. <ls n="DIVYĀVAD.">539,16. fgg.</ls>	bhs,sch	
kuladUzaka	7-333-b	{#*kuladUzaka#}¦ <lex>Adj.</lex> {%die Familie schändend%} <ls>MAHĀVY. 258</ls>.	bhs,sch	
kulopaka	7-333-b	{#kulopaka#}¦ <lex>m.</lex> {%Hausfreund, ein guter Bekannter%} <ls>DIVYĀVAD. 307,2</ls>.	bhs,sch	
kurkuwArAma	7-333-b	{#kurkuwArAma#}¦ <lex>m.</lex> = {#kukkuwA˚#} <ls>DIVYĀVAD. 375,7</ls>. <ls n="DIVYĀVAD.">381,12</ls>. <ls n="DIVYĀVAD.">384,28</ls>.	bhs,sch	
kurukuci	7-333-b	{#*kurukuci#}¦ <lex>Adj.</lex> <ls>MAHĀVY. 127,50</ls> wohl = {#mAyAvin#}.	bhs,sch	
kusumay	6-300-b	{#kusumay#}¦ auch {%mit Blüthen versehen%} <ls>ŚIŚ. 6,62</ls>.	sch,pwg	
kutsanIya	7-333-a	{#*kutsanIya#}¦ <lex>Adj.</lex> {%tadelnswerth%} <ls>MAHĀVY. 132</ls>.	bhs,sch	
kutsay	7-333-a	{#kutsay#}¦ II. <ab>Med.</ab> <ls>JĀTAKAM. 23,24</ls>. — Mit {#vi#} = <ab>Simpl.</ab> <ls n="JĀTAKAM. 23,">23</ls>.	sch,pwg	
kuwukuYcaka	7-332-d	{#kuwukuYcaka#}¦ <lex>Adj.</lex> etwa {%knickerig, knauserig%} <ls>DIVYĀVAD. 8,3</ls>. <ls n="DIVYĀVAD.">302,3</ls>.	bhs,sch	
kzamI	5-252-c	{#kzamI#}¦ <lex>Adv.</lex> mit {#BU#} {%in die Lage kommen Etwas%} (<ab>Dat.</ab>) {%zu vermögen%} <ls>HEM. PAR. 1,229</ls>.	sch,skd	
lakzay	7-371-c	{#lakzay#}¦ mit {#aBi#}, {#˚lakzita#} auch {%erprobt%} <ls>R. ed. Bomb. 4,41,1</ls>. {%ausgezeichnet%} <ls>JĀTAKAM. 7</ls>. <ls n="JĀTAKAM.">18</ls>. <ls n="JĀTAKAM.">28,42</ls>. <ab>Nom. abstr.</ab> {#˚tva#} <lex>n.</le	sch,pwg	
lohitAy	7-372-b	{#lohitAy#}¦ V. <ab>Act.</ab> <ls>ŚĀṄKH. BR. 7,4</ls>.	sch,pwg	
mAtar	7-367-d	{#mAtar#}¦ V. 8〉 Z. 2, lies {%Manen%}.	sch,pwg	
mIQvaMs	7-368-b	{#mIQvaMs#}¦ V. 3〉 <lex>f.</lex> {#mIQuzI#} <ab>Bein.</ab> der <is>Devī</is>, Gattin des <is>Īśāna</is>, <ls>ĀPAST. GṚHY. 20,2</ls>.	sch,pwg	
mUzikAhEraRyika	7-368-d	{#mUzikAhEraRyika#}¦ <lex>m.</lex> Spitzname eines Mannes <ls>DIVYĀVAD. 501,3. fgg.</ls>	bhs,sch	
mahAhatamanda	7-367-c	{#mahAhatamanda#}¦ <lex>Adj.</lex> {%in grosser Noth erfolgt%} <ls>DIVYĀVAD. 443,16</ls> ({#˚tapamanda#} <ab>geschr.</ab>).	bhs,sch	
mahant	6-305-a	{#mahant#}¦, {#mahatas#} <ab>Abl.</ab> {%von grösserem Werth%} (Gegensatz {#hInatas#}) <ls>VASIṢṬHA 2,37</ls>.	sch,pwg	
mahardDimant	7-367-b	{#mahardDimant#}¦ <lex>Adj.</lex> auch {%sehr kostbar%} <ls>MBH. 7,127,17</ls>.	sch,pwg	
marS	7-389-c	{#marS#}¦ mit {#pravi#} V. {#˚mfzwa = spfzwa#} <ls>HARAVIJAYA 12,49</ls>.	sch,pwg	
mard	7-367-a	{#mard#}¦ V. {#mfdnIyAt#} mit <ab>intrans.</ab> <ab>Bed.</ab> <ls>SUBHĀṢITĀV. 55</ls>.	sch,pwg	
melanduka	7-369-a	{#melanduka#}¦ V. <ls>MAHĀVY. 273,18</ls>.	bhs,sch	
mfgAramAtar	7-368-d	{#mfgAramAtar#}¦ <lex>f.</lex> <ab>Bein.</ab> einer Frau <ls>DIVYĀVAD. 77,27</ls>. <ls n="DIVYĀVAD.">466,24</ls>.	bhs,sch	
mudray	7-368-d	{#mudray#}¦ mit {#ud#} {%entstehen lassen%} <ls>DHARMAŚ. 7,67</ls>. <ls n="DHARMAŚ.">8,38</ls>. <ls n="DHARMAŚ.">12,38</ls>. <ls n="DHARMAŚ.">17,82</ls>.	sch,pwg	
murucikA	7-368-d	{#*murucikA#}¦ <lex>f.</lex> ? <ls>MAHĀVY. 273,47</ls>.	bhs,sch	
nEmittaka	7-354-c	{#nEmittaka#}¦ <lex>m.</lex> {%Zeichendeuter, Astrolog%} <ls>DIVYĀVAD. 168,19</ls>. <ls n="DIVYĀVAD.">234,30</ls>.	bhs,sch	
naraMmanya	7-351-d	{#naraMmanya#}¦ III. <ls>RUDRAṬA, ŚṚṄGĀRAT. 1,124</ls>.	sch,pwg	
nart	7-351-d	{#nart#}¦ mit {#aBipra#} {%tanzen%} <ls>KIR. 4,17</ls>.	sch,pwg	
navalakzaRa	5-257-b	{#navalakzaRa#}¦ <lex>Adj.</lex> (<lex>f.</lex> {#A#}) {%auf neunfache Weise sich äussernd%} <ls>BHĀG. P. 7,5,24</ls>.	sch,vcp	
niDAtar	5-257-c	{#niDAta/r#}¦, lies {%der welcher in%} (die Fussstapfen) {%tritt%}.	sch,pwg	
niHsaraRIya	7-354-a	{#*niHsaraRIya#}¦ <lex>Adj.</lex> {%zum Befreien von Etwas geeignet%} <ls>MAHĀVY. 82,1</ls>.	bhs,sch	
niScikIrzA	7-353-c	{#*niScikIrzA#}¦ <lex>f.</lex> etwa {%der Wunsch zu vervollkommnen, — zu vermehren%} <ls>MAHĀVY. 127,15</ls>.	bhs,sch	
nigarhaRIya	7-352-c	{#*nigarhaRIya#}¦ <lex>n.</lex> (<ab>sc.</ab> {#karman#}) {%Tadel, Rüge%} <ls>MAHĀVY. 265,5</ls>. Richtig {#vi˚#}.	bhs,sch	
oqigalla	4-297-b	{#oqigalla#}¦ <ab>s.</ab> {#uqigalla#}.	bhs,sch	
pAraMparI	5-259-c	{#pAraMparI#}¦ <lex>f.</lex> {%Aufeinanderfolge%} <ls>SUBHĀṢITĀV. 1489</ls>.	sch,ap	
pAruzyaka	7-358-a	{#pAruzyaka#}¦ <ab>N. pr.</ab> eines Götterhains <ls>DIVYĀVAD. 194,2</ls>. <ls n="DIVYĀVAD. 194,">10</ls>. <ls n="DIVYĀVAD.">195,9</ls>. <ab>Vgl.</ab> {#pAruzya#} 2〉c〉.	bhs,sch	
pElottika	7-359-d	{#*pElottika#}¦ <lex>n.</lex> <ls>MAHĀVY. 281,242</ls>. <ab>Vgl.</ab> <lang>Pāli</lang> {#pilotikA#}.	bhs,sch	
paRAy	7-355-c	<hom>2.</hom> {#paRAy#}¦ IV. so zu lesen <ab>st.</ab> <hom>3.</hom> {#paRAy#}.	sch,pwg	
paRitaka	7-355-c	{#*paRitaka#}¦ <lex>n.</lex> {%Wette%} <ls>MAHĀVY. 281,215</ls>.	bhs,sch	
pacanika	7-355-a	{#pacanika#}¦ IV. <lex>f.</lex> {#A#} der <ab>gedr.</ab> Text.	sch,pwg	
padmavyUhA	7-355-d	{#*padmavyUhA#}¦ <lex>f.</lex> {%eine <ab>best.</ab>%} <is>Dhāraṇī</is> [Page7-356-a] <ls>MAHĀVY. 25,7</ls>.	bhs,sch	
paligoDa	7-357-b	{#*paligoDa#}¦ <lex>m.</lex> {%Verbot, Verhinderung%} <ls>MAHĀVY. 245,122</ls>. <ab>Vgl.</ab> {#parigoDa#} und {#paliboDa#} in den <is>Aśoka</is>-Inschriften.	bhs,sch	
paraMparaBojana	7-356-b	{#*paraMparaBojana#}¦ <lex>n.</lex> {%das von einem Mahle zum andern Gehen%} <ls>MAHĀVY. 261,35</ls>.	bhs,sch	
parijetar	7-356-c	{#*parijetar#}¦ <ab>Nom. ag.</ab> {%Sieger%} <ls>MAHĀVY. 126,62</ls>.	bhs,sch	
paripUri	7-356-c	{#*paripUri#}¦ {%Erfütlung%} <ls>MAHĀVY. 244,71</ls>. Richtig <lang>Pāli</lang> {#pAripUrI#}.	bhs,sch	
parj	6-303-b	{#parj#}¦, {#pfRajmi#} = {#parc#} <ls>ĀPAST. ŚR. 12,28,16</ls>.	sch,pwg	
paryavadApayitar	7-357-a	{#paryavadApayitar#}¦ <ab>Nom. ag.</ab> {%Erheller, Beleuchter%} <ls>DIVYĀVAD. 202,13</ls>.	bhs,sch	
patant	7-355-c	{#patant#}¦ IV. 2〉 <ls>KIR. 6,1</ls>. <ls n="KIR.">16,47</ls>.	sch,pwg	
pattI	7-355-c	{#pattI#}¦ metrisch statt {#patti#} {%Fussgänger, Fussknecht%} <ls>R. ed. Bomb. 4,25,23</ls>.	sch,ap	
pfzant	6-303-c	{#pfzant#}¦ 2〉b〉 {#pfzatAM patiH#} <ls>ŚIŚ. 6,55</ls>.	sch,pwg	
piWarikA	7-358-a	{#piWarikA#}¦ <lex>f.</lex> {%Kochtopf%} <ls>DIVYĀVAD. 196,14</ls>.	bhs,sch	
pipatizant	7-358-b	{#pipatizant#}¦ IV. 2〉 <ls>KIR. 7,17</ls>.	sch,pwg	
popPala	7-359-d	{#*popPala#}¦ <lex>n.</lex> prākritisch für {#pUgaPala#} <ls>MAHĀVY. 231,33</ls>.	bhs,sch	
praSAntaviniScayaprAtihAryanirdeSa	7-362-a	{#*praSAntaviniScayaprAtihAryanirdeSa#}¦ <lex>m.</lex> Titel eines <is>Sūtra</is> <ls>MAHĀVY. 65,52</ls>.	bhs,sch	
pramAtar	7-361-d	<hom>1.</hom> {#pramAtar#}¦ auch <ab>Bez.</ab> {%eines <ab>best.</ab> Beamten%} <ls>Festgr. 16,37</ls>.	sch,pwg	
prasTAvant	7-362-b	{#prasTA/vant#}¦ IV. <ab>vgl.</ab> <ls>ROTH</ls> in <ls>Festgr. 99</ls>.	sch,pwg	
pratiSizyakA	7-360-d	{#pratiSizyakA#}¦ <lex>f.</lex> ? <ls>DIVYĀVAD. 153,14</ls>.	bhs,sch	
pratisaMkrAma	7-361-a	{#pratisaMkrAma#}¦ <lex>m.</lex> = {#pratisaMkrama#} 2〉 <ls><ab>Comm.</ab> zu YOGAS. 2,20</ls>.	sch,pwg	
pratisaMmodana	7-361-a	{#pratisaMmodana#}¦ <lex>n.</lex> {%Begrüssung%}. {#˚kaTA#} <lex>f.</lex> {%Anrede zur <ab n="Begrüssung">B.</ab>%} <ls>JĀTAKAM. 21</ls>. <ls n="JĀTAKAM.">23</ls>.	bhs,sch	
pravezwar	5-261-a	{#pravezwar#}¦ nicht in <ab>Comp.</ab> <ls>SĀY.</ls> zu <ls>ṚV. 1,13,6</ls>.	sch,pwg	
priyAy	5-261-a	{#priyAy#}¦ auch {%sich befreunden mit%} (<ab>Instr.</ab>) <ls>ṚV. 3,53,9</ls>.	gra,sch	
puYjay	5-260-a	{#puYjay#}¦ mit {#pari#} {%aufhäufen%} <ls>ŚIŚ. 13,8</ls>.	sch,pwg	
punaHsaMBava	6-303-c	{#punaHsaMBava#}¦ <lex>m.</lex> {%Wiedergeburt%} <ls>ĀPAST. 1,5</ls>. <ls n="ĀPAST. 1,">5</ls>.	sch,pwg	
puzpavant	4-302-a	{#puzpavant#}¦, <lex>f.</lex> {#˚vatI#} auch <ab>N. pr.</ab> einer Fürstin <ls>HEM. PAR. 6,94</ls>.	sch,pwg	
puzpy	7-359-b	{#puzpy#}¦ mit {#vi#}, {#tena vipuzpitam#} {%er lächelte%} <ls>DIVYĀVAD. 585,10</ls>. <ls n="DIVYĀVAD. 585,">26</ls>. {#vEpu˚#} (!) <ls n="DIVYĀVAD.">17,6</ls>.	sch,pwg	
rUkzaka	7-371-b	{#rUkzaka#}¦ <lex>Adj.</lex> (<lex>f.</lex> {#˚kzikA#}) = {#rUkza#} 1〉. Von einer Speise <ls>DIVYĀVAD. 87,1</ls>. <ls n="DIVYĀVAD.">89,3</ls>.	bhs,sch	
rUkzay	7-371-b	{#rUkzay#}¦ V. {%verunglimpfen, beleidigen, erbittern%}. {#rUkzitatva#} <lex>n.</lex> <ls>JĀTAKAM. 23,7</ls>.	sch,pwg	
rUpay	7-371-c	{#rUpay#}¦ V. 2〉 <ls>KIR. 8,26</ls>.	sch,pwg	
raSanasaMmita	5-264-b	{#raSanasaMmita#}¦ auch <ls>ĀPAST. ŚR. 14,6,10</ls>.	sch,pwg	
rasavant	5-264-b	{#ra/savant#}¦ Z. 6, lies <ls>ANARGHAR.</ls>	sch,pwg	
ratirAgA	7-370-c	{#*ratirAgA#}¦ <lex>f.</lex> <ab>N. pr.</ab> einer <is>Tantra</is>Gottheit <ls>MAHĀVY. 197,56</ls>.	bhs,sch	
sUtray	7-383-c	{#sUtray#}¦ mit {#sam#}, {#saMsUtrita#} {%stimmend, passend%} <ls>DHARMAŚARM. 2,78</ls>.	sch,pwg	
saMBfti	7-381-b	{#saMBfti#}¦ VII. {%Menge%} <ls>HARAVIJAYA 2,62</ls>.	sch,pwg	
saMBinnapralApa	7-381-b	{#saMBinnapralApa#}¦ <lex>m.</lex> {%sinnloses Geschwätze%} <ls>MAHĀVY. 92</ls>. <ls>DIVYĀVAD. 302,8</ls>. {#˚pralApika#} <lex>Adj.</lex> {%Unsinn redend%} <ls n="DIVYĀVAD.">301,24</ls>.	bhs,sch	
saMDay	7-380-b	{#saMDay#}¦ mit {#anu#} auch {%fügen, bestimmen%}. {#BAvikarmAnusaMDayet#} ({#viDiH#}) <ls>KĀŚĪKH. 13,95</ls>.	sch,pwg	
saMkaTya	7-379-c	{#*saMkaTya#}¦ = {#sAM˚#} <ls>MAHĀVY. 245</ls>.	bhs,sch	
saMmodanIya	7-381-c	{#*saMmodanIya#}¦ <lex>Adj.</lex> {%freundlich%} <ls>MAHĀVY. 145</ls>.	bhs,sch	
saMmuKavinaya	7-381-b	{#*saMmuKavinaya#}¦ <lex>m.</lex> etwa {%ein Verweis unter vier Augen%} <ls>MAHĀVY. 264</ls>.	bhs,sch	
saMparivarta	7-381-a	{#saMparivarta#}¦ <lex>m.</lex> = {#parivarta#} 5〉 <ls>DHARMAŚARM. 15,56</ls>.	bhs,sch	
saMpraKyAna	7-381-b	{#*saMpraKyAna#}¦ <lex>n.</lex> <ls>MAHĀVY. 133</ls>.	bhs,sch	
saMpraharzaRa	7-381-b	{#saMpraharzaRa#}¦ VII. <lex>n.</lex> {%*das Aufmuntern%} <ls>MAHĀVY. 245</ls>. {#˚RA#} <lex>f.</lex> <ab>dass.</ab> <ls>JĀTAKAM. 7</ls>.	bhs,sch	
saMprajAna	7-381-b	{#*saMprajAna#}¦ (!) <ab>dass.</ab> <ls>MAHĀVY. 281</ls>.	bhs,sch	
saMprajanya	7-381-b	{#saMprajanya#}¦ (!) <lex>n.</lex> {%volles Bewusstsein%} <ls>DIVYĀVAD. 654,27</ls>. <ls n="DIVYĀVAD.">655,3</ls>.	bhs,sch	
saMpratigraha	7-381-b	{#saMpratigraha#}¦ <lex>m.</lex> {%gute Aufnahme, Vorliebe für Jmd%} <ls>JĀTAKAM. 7</ls>.	bhs,sch	
saMprayuktaka	7-381-b	{#*saMprayuktaka#}¦ <lex>Adj.</lex> {%mitwirkend%} <ls>MAHĀVY. 114</ls>.	sch,ap	
saMskAravant	7-379-c	{#saMskAravant#}¦ VII. {%*einen Eindruck empfangend%} <ls>MAHĀVY. 208</ls>.	sch,pwg	
sant	7-380-b	{#sant#}¦ VII. 6〉b〉 {#satkftya#} {%mit gehöriger Aufmerksamkeit, andachtsvoll%} <ls>JĀTAKAM. 1</ls>. <ls n="JĀTAKAM.">2</ls>. <ls n="JĀTAKAM.">9</ls>. <ls n="JĀTAKAM.">11</ls>. <ls n="JĀTAKAM.">24</ls>. <ls n="JĀTAKAM.">	sch,pwg	
sar	7-381-c	{#sar#}, {#*sAreta#}¦ {%fliessend%} (Stimme) <ls>MAHĀVY. 20</ls>. — Mit {#*ati, nAtisaret#} ? <ls><ab>ebend.</ab> 245,619</ls>. — Mit {#vyati#} <ab>Caus.</ab> {%wechseln%} (die Rede) <ls>DIVYĀVAD. 70,11</ls>. <ls n="DIVY	sch,pwg	Y
sarp	7-381-c	{#sarp#}¦ mit {#ud#} <ab>Caus.</ab> {#utsarpita#} ? <ls>DIVYĀVAD. 23,11. fgg.</ls>	sch,pwg	
sarvaroDaviroDasaMpraSamana	7-382-a	{#*sarvaroDaviroDasaMpraSamana#}¦ <lex>m.</lex> {%ein <ab>best.</ab>%} <is>Samādhi</is> <ls><ab>ebend.</ab> 21,101</ls>.	bhs,sch	
sattvavant	7-379-d	{#sattvavant#}¦, so zu lesen <ab>st.</ab> {#sattvant#}.	sch,pwg	
skanDI	7-383-d	{#skanDI#}¦ <lex>Adv.</lex> mit {#kar#} {%über die Schulter hängen%} <ls>DAMAYANTĪK. 148</ls>.	sch,skd	
svaDay	7-384-b	{#svaDay#}¦ VII. statt {#svaDayA/makaH#} <ls>MAITR. S. 1,8,4 (120,19)</ls> ist nach <ls>DELBRÜCK</ls> {#svada˚#} zu lesen.	sch,pwg	
tAmasavana	7-345-c	{#tAmasavana#}¦ III. <ab>vgl.</ab> {#tamasAvana#}.	sch,pwg	
talavarga	7-345-b	{#*talavarga#}¦ <lex>m.</lex> {%ein <ab>best.</ab> Amt%} oder {%Beruf%} 〔186,54〕.	bhs,sch	
tandrAy	7-344-d	{#tandrAy#}¦ zu streichen, da <ls>ŚĀṄKH. ŚR. 15,19 (191,6)</ls> {#tandrayate#} gelesen wird.	sch,pwg	
tantumant	4-299-c	{#tantumant#}¦ 1〉b〉 <ls>ĀPAST. ŚR. 9,8,5</ls>. — 2〉 <lex>f.</lex> {#˚matI#} auch {%eine an diesen%} <is>Agni</is> {%gerichtete Darbringung%} <ls><ab>Comm.</ab> zu ĀPAST. ŚR. 9,8,5</ls>.	sch,pwg	
tarutar	3-263-a	<hom>2.</hom> {#tarutar#}¦ 2〉 <lex>f.</lex> {#˚trI#} <ls>MĀN. GṚHY. 1,22</ls>.	sch,pwg	
tavasvant	3-263-a	{#ta/vasvant#}¦, so zu accentuiren.	sch,pwg	
tejovant	7-346-b	{#tejovant#}¦ <lex>Adj.</lex> auch {%kräftig, energisch%} <ls>R. ed. Bomb. 4,50,12</ls>. {#˚vatI#} <lex>f.</lex> III. {%*ein <ab>best.</ab>%} <is>Samādhi</is> <ls>MAHĀVY. 21,44</ls>.	sch,pwg	
tilakocavaka	7-345-d	{#*tilakocavaka#}¦ <lex>n.</lex> {%eine Art Pfeil%} <ls>MAHĀVY. 238,29</ls>.	bhs,sch	
trAyin	3-263-b	{#˚trAyin#}¦ <lex>Adj.</lex> {%behütend%} <ls>PR. P. 19</ls>.	bhs,sch	
tuRava	7-346-a	{#*tuRava#}¦ <lex>m.</lex> {%eine Art Trommel%} <ls>MAHĀVY. 218,8</ls>. <ab>Vgl.</ab> <lang>Pāli</lang> {#tiRava#}.	bhs,sch	
tvEzIraTi	5-255-c	{#tvEzIraTi#}¦ zu streichen, da {#tu E˚#} gemeint ist.	sch,pwg	
uBayatoBAgavimukta	7-325-d	{#*uBayatoBAgavimukta#}¦ <lex>Adj.</lex> <ab>Bez.</ab> eines <is>Śrāvaka</is> {%auf einer <ab>best.</ab> Stufe seiner Entwickelung%} <ls>MAHĀVY. 46</ls>.	bhs,sch	
ucCaNga	7-322-b	{#*ucCaNga#}¦ <lex>n.</lex> {%eine <ab>best.</ab> hohe Zahl%} <ls>MAHĀVY. 248</ls>. <ab>Vgl.</ab> {#utsaNga#}.	bhs,sch	
ucCiraska	7-322-b	{#ucCiraska#}¦ <lex>Adj.</lex> = {#ucCiras#} <ls>JĀTAKAM. 20,20</ls>.	bhs,sch	
udApu	6-298-c	{#udApu#}¦ <lex>m.</lex> <ab>N. pr.</ab> eines Mannes <ls>HARIV. 1812</ls>. <ab>v. l.</ab> {#udApi#}.	sch,vcp	
udBija	7-324-a	{#udBija#}¦ I. metrisch <ls>VĀYU-P. 1,3,20</ls>.	sch,pwg	
udGAtikA	7-324-a	{#udGAtikA#}¦ <lex>f.</lex> in {#vAsodGA˚#} {%Nachtquartier%} <ls>DIVYĀVAD. 173,20</ls>.	bhs,sch	
udGawaka	7-324-a	{#udGawaka#}¦ <lex>Adj.</lex> {%klug%} <ls>DIVYĀVAD. 26,14</ls>. {#udGawwaka#} 〔(I) 58,20. 100,6〕.	bhs,sch	
udakamaRi	1-298-c	{#udakamaRi#}¦ <lex>m.</lex> {%Wassertopf%} <ls>DIVYĀV. 27</ls>.	bhs,sch	
udguraRa	7-323-d	{#*udguraRa#} und {#*udgUraRa#}¦ <lex>n.</lex> {%das Drohen [Page7-324-a] mit der Hand%} <ls>MAHĀVY. 261,53</ls>.	bhs,sch	
udyojaka	7-324-b	{#udyojaka#}¦ <lex>m.</lex> {%Anreger%} <ls>CARAKA 71,16</ls> (so zu verbessern).	sch,vcp	
ugrarUpa	3-256-c	{#ugrarUpa#}¦ <lex>Adj.</lex> {%grausig aussehend%} <ls>MBH. 8,90,46</ls>.	sch,ap	
ujjahistamba	2-295-a	{#ujjahistamba#}¦ ist mit *zu versehen.	sch,pwg	
ullaNGikA	7-326-a	{#*ullaNGikA#}¦ <lex>f.</lex> {%Sprung%} <ls>MAHĀVY. 263,24</ls>.	bhs,sch	
ulluka	7-326-a	{#*ulluka#}¦ <lex>m.</lex> = {#uluka#} <ls>MAHĀVY. 167,53</ls>.	bhs,sch	
uluka	7-326-a	{#*uluka#}¦ <lex>m.</lex> <ab>N. pr.</ab> eines Schlangendamons <ls>MAHĀVY. 167,53</ls>. <ab>Vgl.</ab> {#ulUka, ulluka#}.	bhs,sch	
umeSvara	2-296-a	{#umeSvara#}¦ <lex>m.</lex> die Göttin <is>Umā</is> als künftiger <is>Ruddha</is> <ls>KĀRAṆḌ. 90,20</ls>.	bhs,sch	
upAdAyarUpa	7-325-c	{#upAdAyarUpa#}¦ <lex>n.</lex> {%Elementarform%} <ls>MAHĀVY. 101,10</ls>.	bhs,sch	
upAyAsa	3-257-b	{#upAyAsa#}¦ <lex>m.</lex> {%Niedergeschlagenheit, Melancholie%} <ls>Lot. de la b. l. 99,5</ls> (<ab>Hdschr.</ab>).	bhs,sch	
upaDivAra	7-324-d	{#upaDivAra#} und {#˚vArika#}¦ <lex>m.</lex> {%Aufwärter%} (in einem Kloster) <ls>DIVYĀVAD. 54,17</ls>. <ls n="DIVYĀVAD.">50,27</ls>. <ls n="DIVYĀVAD.">237,16</ls>. <ls n="DIVYĀVAD.">542,21</ls>.	bhs,sch	
upaSlokay	6-299-a	{#upaSlokay#}¦ <ab>s.</ab> {#Slokay#} mit {#upa#}.	sch,pwg	
upacAyaka	7-324-c	{#*˚upacAyaka#}¦ <lex>Adj.</lex> {%ehrend%} <ls>MAHĀVY. 126</ls>.	bhs,sch	
upadrotar	7-324-d	{#*upadrotar#}¦ <ab>Nom. ag.</ab> {%der Jmd anführt, Angreifer%} <ls>MAHĀVY. 146</ls>.	bhs,sch	
upajIvita	7-324-c	{#upajIvita#}¦ <lex>n.</lex> <ls>R. ed. Bomb. 3,37,21</ls>. Es ist wohl {#tava jIvitam#} zu vermuthen.	bhs,sch	
upamAtar	1-299-a	<hom>2.</hom> {#upamAtar#}¦ <ab>Nom. ag.</ab> {%Vergleicher%} <ls>NAIṢ. 7,16</ls>.	sch,pwg	
upaniSA	7-324-d	{#upaniSA#}¦ = {#upanizad#}; <ab>vgl.</ab> <ls>PĀṆINI² S. 479</ls>.	bhs,sch	
upaparIkzaka	7-325-a	{#upaparIkzaka#}¦ <lex>Adj.</lex> {%prüfend, erwägend%} <ls>DIVYĀVAD. 212,9</ls>.	bhs,sch	
uparima	7-325-a	{#*uparima#}¦ <lex>Adj.</lex> {%der obere%} <ls>MAHĀVY. 15</ls>.	bhs,sch	
upasaMkrama	7-325-b	{#upasaMkrama#}¦ <lex>m.</lex> {%Behandlung%} (in medie. Sinne) <ls>DIVYĀVAD. 264,11</ls>.	bhs,sch	
upaskIrRa	1-299-a	{#*upaskIrRa#}¦ <lex>n.</lex> etwa {%das Geschundenwerden%}.	sch,vcp	
upatapant	2-295-c	{#upata/pant#}¦ ist <lex>n.</lex> <ls>TBR. 3,9,17,1</ls>.	sch,pwg	
upavIRay	7-325-b	{#upavIRay#}¦ I. füge {%mit Lautenspiel feiern%} und <ls>PĀRV. 606,7</ls> hinzu.	sch,pwg	
upavaktar	7-325-b	{#upavakta/r#}¦ I. 2〉 <ls>MAITR. S. 1,9,4 (133,4)</ls>.	sch,pwg	
uqigalla	4-296-b	{#uqigalla#} (richtiger) und {#uqilla#}¦ {%Cloake%} <ls>Lot. de la b. l. 384. fg.</ls> Nach dem <lang>Pāli</lang> {#oligallo#} hätte man {#oqigalla#} erwartet.	bhs,sch	
utkArika	7-322-c	{#*utkArika#}¦ <ls>MAHĀVY. 245,1210</ls>.	bhs,sch	
utkfzwikA	7-322-c	{#*utkfzwikA#}¦ <ls>MAHĀVY. 263,18</ls>. <ls n="MAHĀVY. 263,">84</ls>.	bhs,sch	
utkuwukikA	7-322-c	{#*utkuwukikA#}¦ <lex>f.</lex> <ab>Instr.</ab> {%kauernd%} <ls>MAHĀVY. 263,25</ls> ({#ukku˚#} <ab>gedr.</ab>).	bhs,sch	
utkzepaRIya	7-322-d	{#utkzepaRIya#}¦ <lex>Adj.</lex> mit {#karman#} und *<lex>n.</lex> mit Ergänzung von {#karman#} {%eine Handlung, die eine zeitliche Ausschliessung eines Mönchs aus der Gemeinde nach sich zieht,%} <ls>DIVYĀVAD. 329,10</ls	bhs,sch	
utpuMsay	5-250-a	{#utpuMsay#}¦ ist richtig; <ab>vgl.</ab> <ls>Z. d. d. m. G. 32,99</ls> und <ls>ZACH. Beitr.</ls> {#utpuMsita#} <ls>SUBHĀṢITĀV. 880</ls>. <ls>ALAṂKĀRAR. 22,a.</ls> <ab>Vgl.</ab> <hom>2.</hom> {#puMs#}. — Mit {#samud#} in 	sch,pwg	
utsadana	7-323-b	{#*utsadana#}¦ <lex>n.</lex> {%das Einreiben%} <ls>MAHĀVY. 245,379</ls>. Richtig wäre {#utsAdana#}; <ab>vgl.</ab> {#ucCAdana#}.	bhs,sch	
utsahanA	7-323-b	{#utsahanA#}¦ (lies {#utsAhanA#}) <lex>f.</lex> {%Aufmunterung%} <ls>DIVYĀVAD. 490,5</ls>.	bhs,sch	
uttaraSrI	2-295-b	{#uttaraSrI#}¦ <lex>f.</lex> <ab>N. pr.</ab> einer <is>Gandharva</is>-Jungfrau <ls>KĀRAṆḌ. 5,18</ls>.	bhs,sch	
uttaramantrin	7-323-a	{#*uttaramantrin#}¦ <lex>m.</lex> <ab>Pl.</ab> <ab>N. pr.</ab> eines mythischen Landes <ls>MAHĀVY. 154</ls>.	bhs,sch	
uttarya	2-295-b	{#uttarya#}¦ in {#candrottarya#}.	bhs,sch	
uttrAsana	2-295-b	{#uttrAsana#}¦ <lex>n.</lex> {%das Erschrecken%} (<ab>trans.</ab>) <ls>DHĀTUP. 9,15</ls>.	bhs,sch	
vAjinIvant	7-373-b	{#vAji/nIvant#}¦ VI. <ab>Vgl.</ab> <ls>PISCHEL, Vedische Studien 9. fgg.</ls>	sch,pwg	
vErayAtana	7-376-c	{#vErayAtana#}¦ VI. <ab>vgl.</ab> <ls>ROTH</ls> in <ls>Z. d. d. m. G. 41,675. fg.</ls>	sch,pwg	
valganA	7-373-a	{#*valganA#}¦ <lex>f.</lex> ? <ls>MAHĀVY. 245,1151</ls>.	bhs,sch	
vaptar	7-372-c	<hom>2.</hom> {#vaptar#}¦ VI. 2〉 <ls>DHARMAŚARM. 9,1</ls>. <ls n="DHARMAŚARM. 9,">28</ls>.	sch,pwg	
varRay	7-372-d	{#varRay#}¦ mit {#vi#} VI. <ab>Vgl.</ab> {#vivarRay#} weiter unten. — Mit {#sam#} VI. 2〉 {%anpreisen%} <ls>JĀTAKAM. 10</ls>. — Mit {#anusam#} {%billigen, beistimmen%} <ls>DIVYĀVAD. 196,3</ls>. <ls n="DIVYĀVAD.">263,10</l	sch,pwg	
varj	7-372-d	{#varj#}¦ mit {#pra#} auch {%Jmd inʼs Verderben bringen%} <ls>ŚĀṄKH. BR. 5,6</ls>.	sch,pwg	
vart	7-372-d	{#vart#}¦ mit {#ati#} VI. 1〉e〉 {#Atavftta#} {%übertroffen, in Schatten gestellt%} <ls>MBH. 1,83,28</ls>. — Mit {#antar#} <ab>Caus.</ab> {%zugesellen%} <ls>MĀLATĪM. (ed. Bomb.) 324,7</ls>. — Mit {#ud#} <ab>Caus.</ab> VI. 	sch,pwg	
vfzikA	7-376-b	{#vfzikA#}¦ <ls>DIVYĀVAD. 40,10</ls>. <ls n="DIVYĀVAD.">550,16</ls> fehlerhaft für {#bfsikA#}.	bhs,sch	
viSAta	7-375-c	{#*viSAta#}¦ <lex>Adj.</lex> ? <ls>MAHĀVY. 99</ls>.	bhs,sch	
viWapana	7-374-b	{#*viWapana#}¦ <lex>n.</lex> <ls>MAHĀVY. 245,827</ls> prākritisch für {#vizWApana#}.	bhs,sch	
vimanAy	7-375-a	{#vimanAy#}¦ auch <ls>PĀRV. 579,7</ls>.	sch,pwg	
vipratisAravant	7-374-d	{#vipratisAravant#}¦ <lex>Adj.</lex> {%von Reue erfüllt%} [Page7-375-a] <ls><ab>ebend.</ab> 4,17</ls>.	bhs,sch	
vipravAdana	7-375-a	{#*vipravAdana#}¦ <lex>n.</lex> ? <ls>MAHĀVY. 281,229</ls>.	bhs,sch	
virahI	7-375-b	{#virahI#}¦ <lex>Adv.</lex> mit {#kar#} {%trennen von%} (<ab>Instr.</ab>) <ls>R. ed. Bomb. 4,1,101</ls>.	sch,skd	
visarjayitar	7-376-a	{#visarjayitar#}¦ <ab>Nom. ag.</ab> {%fahren lassend, aufgebend%} <ls>JĀTAKAM. 23,63</ls>.	bhs,sch	
vitaRqana	7-374-b	{#*vitaRqana#}¦ <lex>n.</lex> {%Krittelei%} <ls>MAHĀVY. 261,11</ls>.	bhs,sch	
vyAkartar	7-377-a	{#vyAkartar#}¦ VI. {%Erklärer%} <ls>DIVYĀVAD. 620,19</ls>.	sch,pwg	
vyaBicAravant	6-306-c	{#vyaBicAravant#}¦ <lex>Adj.</lex> {%sich umhertreibend%} <ls>BAUDH. 1,21</ls>. <ls n="BAUDH. 1,">20</ls>.	sch,pwg	
vyasanI	7-377-a	{#vyasanI#}¦ <lex>Adv.</lex> mit {#kar#} {%als Laster ansehen, — stempeln%} <ls>JĀTAKAM. 9,10</ls>.	sch,skd	
yAtaka	5-264-a	{#yAtaka#}¦ <lex>n.</lex> in {#raTa˚#} weiter unten.	bhs,sch	
yAvant	7-370-a	{#yAvant#}¦ V. {#yAvacca — yAvacca — antarAt#} {%zwischen — und%} — <ls>DIVYĀVAD. 93,24</ls>. <ls n="DIVYĀVAD.">386,10</ls>. {#yAvat#} mit <ab>Dat.</ab> {%bis zu, bis auf%} <ls n="DIVYĀVAD.">2,24. 523,15</ls>.	sch,pwg	
yAvatsaMpAtam	6-305-c	{#yAvatsaMpAtam#}¦ <lex>Adv.</lex> {%so lange es geht%} <ls>CHĀND. UP. 5,10,5</ls>.	sch,ap	
yantar	6-305-c	{#yantar#}¦ 5〉 zu streichen; <ab>vgl.</ab> <ls>Z. d. d. m. G. 39,526</ls>.	sch,pwg	
ABAradvAja	7-318-d	{#ABAradvAja#}¦ (!) <lex>m.</lex> <ab>N. pr.</ab> eines Mannes <ls>MAITR. S. 3,10,4 (135,8)</ls>.	sch	
ABaraRI	1-297-b	{#ABaraRI#}¦ <lex>Adv.</lex> mit {#BU#} {%zum Schmuck werden%} <ls>NAIṢ. 6,3</ls>.	sch	
ABogya	5-249-b	{#ABogya#}¦ als Erklärung von {#ABogi/#} <ls>SĀY.</ls> zu <ls>ṚV. 1,113,5</ls>.	sch	
ADAkarman	2-293-c	{#ADAkarman#}¦ <lex>n.</lex> {%eine <ab>best.</ab> sündhafte Handlung%} <ls>ŚĪLĀṄKA 2,12</ls>.	sch	
ADAraRamudra	7-318-a	{#*ADAraRamudra#}¦ <lex>m.</lex> {%ein <ab>best.</ab>%} <is>Samādhi</is> <ls>MAHĀVY. 21</ls>.	sch	
ADyAtmikI	1-297-a	{#ADyAtmikI#}¦ <lex>Adv.</lex> mit {#kar#} {%zur Allseele in Beziehung bringen%} <ls>AGNI-P. 27,61</ls>.	sch	
AGAtaka	4-296-a	{#AGAtaka#}¦ <lex>Adj.</lex> in {#praDAnAGAtaka#}.	sch	
AGAwana	5-248-c	{#AGAwana#}¦ <lex>n.</lex> = {#AGAwa#} {%Grenze%} <ls>Ind. Antiq. 6,68</ls>. <ls n="Ind. Antiq. 6,">193</ls>. <ls n="Ind. Antiq.">13,78</ls>.	sch	
AKurAja	5-248-c	{#AKurAja#}¦ <lex>m.</lex> {%Mäusekönig%} <ls>GOBH. 4,4,31</ls>.	sch	
AKyAtaSiromaRi	2-293-b	{#AKyAtaSiromaRi#}¦ <lex>m.</lex> Titel eines Werkes <ls>OPP. Cat. 1</ls>.	sch	
ANgirasakalpa	7-317-a	{#ANgirasakalpa#}¦ <lex>m.</lex> <ab>s.</ab> <ls>J. A. O. S. 11,376</ls>.	sch	
AQyarAja	5-248-c	{#AQyarAja#}¦ <lex>m.</lex> <ab>N. pr.</ab> eines Dichters <ls>HARṢAC. 1,16 (12,3)</ls>.	sch	
ARqapille	2-293-c	{#ARqapille#}¦ <lex>m.</lex> <ab>N. pr.</ab> eines Autors <ls>OPP. Cat. 1</ls>.	sch	
ASApallI	1-297-c	{#ASApallI#}¦ <lex>f.</lex> <ab>N. pr.</ab> eines {%Dorfes%} <ls>Ind. St. 15,225</ls>.	sch	
ASAtika	1-297-c	{#ASAtika#}¦ <lex>Adj.</lex> <ls>TAITT. ĀR. 1,8,7</ls>. = {#Agatya SAtyamAnaH, asmABireva bADyamAnaH#} <ab>Comm.</ab>	sch	
ASIHpada	4-296-b	{#ASIHpada#} (<ls><ab>Comm.</ab> zu ĀPAST. ŚR. 11,7,3</ls>) und {#ASI/rpada#} (<ls>TS. 6,2,9,4</ls>)¦ <lex>Adj.</lex> (<lex>f.</lex> {#A#}) mit und ohne {#fc#} <ab>Bez.</ab> {%der Worte%} {#divo vA vizRo#} <ab>u. s. w.</	sch	
ASIrmant	7-320-b	{#ASI/rmant#}¦ <lex>Adj.</lex> = {#ASI/rvant#} <ls>MAITR. S. 4,7,1 (94,7)</ls>.	sch	
ASIrpada	7-320-b	{#ASIrpada#}¦ 4.	sch	
ASIrvacanamAlA	2-294-b	{#ASIrvacanamAlA#} <lex>f.</lex>, {#ASOcakARqa#}, {#ASOcacandrikA#} <lex>f.</lex>, {#ASOcadIpikA#} <lex>f.</lex>, {#ASOcaviDi#} <lex>m.</lex>, {#ASOcaSataka#} <lex>n.</lex>, {#ASramavAsaparvan#} <lex>n.</lex> (<ls>MBH.</	sch	
ASUra	1-297-c	{#ASUra#}¦ <lex>Adj.</lex> <ls>SUŚR. 1,335,17</ls> fehlerhaft fur {#Asura#}.	sch	
ASramadvezasaMkarin	6-298-b	{#ASramadvezasaMkarin#}¦ <lex>Adj.</lex> {%der gegen die Stadien im religiösen Leben eine Abneigung hat und zu ihrer Vermischung beiträgt%} <ls>MBH. 12,164</ls>. <ls n="MBH. 12,">6</ls>.	sch	
ASramavAsaparvan	7-320-b	{#ASramavAsaparvan#} und {#ASramavAda#}¦ 2.	sch	
ASretar	6-298-b	{#ASretar#}¦ <ab>Nom. ag.</ab> {%der sich an Jmd lehnt, auf Jmd stützt, sich in Jmds%} (<ab>Gen.</ab>) {%Schutz begiebt%} <ls>MBH. ed. Vardh. 5,134,20</ls>.	sch	
ASrumay	7-320-b	{#A/Srumay#}¦ (!), {#˚yati#} <ls>MAITR. S. 3,10,3 (133,14)</ls>.	sch	
ASugI	1-297-c	{#ASugI#}¦ <lex>Adv.</lex> mit {#BU#} {%zu Jmds%} (im <ab>Comp.</ab> vorangehend) {%Pfeil werden%} <ls>NAIṢ. 6,67</ls>.	sch	
AYjigavi	5-248-c	{#AYjigavi#}¦ <lex>m.</lex> <ab>N. pr.</ab> eines Rituallehrers bei <ls>BAUDHĀYANA</ls> <ls><ab>Comm.</ab> zu ĀPAST. ŚR. 13,24,12</ls>.	sch	
AbrahmARqa	1-297-b	{#AbrahmARqa˚#}¦ <lex>Adv.</lex> {%so lange die Welt besteht%} <ls>HEMĀDRI 1,700,11</ls>.	sch	
AbrahmaBuvanAntikam	1-297-b	{#AbrahmaBuvanAntikam#}¦ <lex>Adv.</lex> {%bis zu%} <is>Brahman</is>ʼs {%Welt%} <ls>HEMĀDRI 1,273,3</ls>.	sch	
AcAmla	3-255-b	{#AcAmla#}¦ <ab>Bez.</ab> {%einer Speise, mit der%} <is>Jaina</is>-{%Asketen im letzten Stadium ihre Fasten brechen,%} <ls>ŚĪLĀṄKA 1,345</ls>.	sch	
AcAradarSana	7-317-a	{#AcAradarSana#}, {#AcAradAya#}, {#AcAranavanIta#} und {#AcArapraSaMsA#}¦ 2.	sch	
AcArakARqa	2-293-b	{#AcArakARqa#}, {#AcAradarSana#} <lex>n.</lex>, {#AcAradAya#} <lex>m.</lex>, {#AcAranavanIta#} <lex>n.</lex>, {#AcArapraSaMsA#} <lex>f.</lex>, {#AcAryacampU#} <lex>f.</lex>, {#AcAryaprapatti#} <lex>f.</lex>, {#AcAryaprAr	sch	
AcArakAlakUwa	1-296-c	{#AcArakAlakUwa#}¦ <lex>m.</lex> <ab>N. pr.</ab> eines Priesters <ls>KAUTUKAR.</ls>	sch	
AcAryARI	3-255-b	{#AcAryARI#}¦ <ls>MAHĀVĪRAC. 40,15</ls>.	sch	
AcAryI	3-255-b	{#AcAryI#}¦ <lex>Adv.</lex> mit {#kar#} {%zum Lehrer machen%} <ls>P. 1,3,36</ls>, <ab>Sch.</ab>	sch	
AcAryaSikzA	7-317-b	{#AcAryaSikzA#} und {#AcAryasaptati#}¦ 2.	sch	
AcAryacampU	7-317-a	{#AcAryacampU#}¦ 2.	sch	
AcAryaprapatti	7-317-a	{#AcAryaprapatti#}, {#AcAryaprArTanA#}, {#AcAryamaNgala#} und {#AcAryamahiman#}¦ 2.	sch	
AcCowanikA	3-255-c	{#AcCowanikA#}¦ <lex>f.</lex> in {#naKAcCo˚#}.	sch	
AcandrArkagraha	4-296-a	{#AcandrArkagraha#}¦ <lex>Adj.</lex> <ls>HARIV. 11080</ls> fehlerhaft für {#acandrA˚#}.	sch	
AcandrArkakzitisamakAlam	2-293-b	{#AcandrArkakzitisamakAlam#}¦ <lex>Adv.</lex> {%so lange Mond, Sonne und Erde bestehen werden%} <ls>J. A. S. Beng. 47,406,43</ls>.	sch	
AdaSakaRWabanDam	1-297-a	{#AdaSakaRWabanDam#}¦ <lex>Adv.</lex> {%bis zur Gefangennahme%} <is>Rāvaṇa</is>ʼs <ls>BĀLAR. 183,5</ls>.	sch	
AdarSAvekzaRa	7-317-d	{#AdarSAvekzaRa#}¦ <lex>n.</lex> {%das in den Spiegel Sehen%} <ls>ĀPAST. GṚHY. 12,11</ls>.	sch	
AdeSanAprAtihArya	7-318-a	{#*AdeSanAprAtihArya#}¦ <lex>n.</lex> <ab>Bez.</ab> {%einer der Wunderkräfte eines%} <is>Buddha</is> <ls>MAHĀVY. 16</ls>.	sch	
AdevayAnam	3-255-c	{#AdevayAnam#}¦ <lex>Adv.</lex> {%bis zum Götterweg%} <ls>HARIV. 6806</ls>.	sch	
Adftatva	5-249-a	{#*Adftatva#}¦ <lex>n.</lex> {%das Geehrtsein, Berühmtheit%} <ls>ŚĀŚVATA 190</ls>.	sch	
Adicakrin	1-297-a	{#Adicakrin#}¦ <lex>Adj.</lex> {%der zuerst den Discus führte%}. <is>Viṣṇu-Kṛṣṇa</is> <ls>AGNI-P. 31,10</ls>.	sch	
AdikuRqanIya	7-317-d	{#AdikuRqanIya#} und {#AdikeSavasTalamAhAtmya#}¦ 2.	sch	
AdimaDyAntaja	6-298-a	{#AdimaDyAntaja#}¦ <lex>Adj.</lex> <ab>Pl.</ab> {%von hoher, mittlerer und niedriger Geburt%} <ls>MBH. 2,52,39</ls>.	sch	
AdityAramBaRa	5-249-a	{#AdityAramBaRa#}¦ <lex>Adj.</lex> {%mit dem%} <is>Āditya-Graha</is> {%beginnend%} <ls>ĀPAST. ŚR. 13,9,1</ls>.	sch	
AdivimAnajIrRodDAra	2-293-c	{#AdivimAnajIrRodDAra#}¦ <lex>m.</lex> Titel eines Werkes <ls>OPP. Cat. 1</ls>.	sch	
AdvAdaSavarzaBAvin	1-297-a	{#AdvAdaSavarzaBAvin#}¦ <lex>Adj.</lex> {%zwölf Jahre während%} <ls>Ind. St. 15,410</ls>.	sch	
AdyANgaDArin	5-249-a	{#AdyANgaDArin#}¦ <lex>m.</lex> {%ein Kenner des ersten%} <is>Aṅga</is> {%der%} <is>Jaina</is> <ls>VARDHAMĀNAC. 1,51</ls>.	sch	
AdyadvAra	3-255-c	{#AdyadvAra#}¦ <lex>n.</lex> {%ein altes, früher erbautes Thor%} <ls>VIṢṆUS. 3,53</ls>.	sch	
AdyakAraRatA	7-318-a	{#AdyakAraRatA#}¦ <lex>f.</lex> {%das erste Ursache Sein%} <ls>SĀṂKHYAS. 6,37</ls>.	sch	
Adyakola	5-249-a	{#Adyakola#}¦ <lex>m.</lex> = {#AdivarAha#} <ls>ŚIŚ. 14,43</ls>.	sch	
AdyantasTAyika	1-297-a	{#AdyantasTAyika#}¦ <lex>Adj.</lex> {%von Anfang bis zu Ende dauernd%} <ls>Ind. St. 15,392</ls>.	sch	
AdyopAdAnatA	7-318-a	{#AdyopAdAnatA#}¦ <lex>f.</lex> {%das erste Ursache Sein%} <ls>ANIRUDDHA</ls> zu <ls>SĀṂKHYAS. 6,32</ls>.	sch	
AgamaprAmARya	2-293-b	{#AgamaprAmARya#} <lex>n.</lex> und {#AgamasArasaMgraha#} <lex>m.</lex>¦ Titel zweier Werke <ls>OPP. Cat. 1</ls>.	sch	
AgamasArasaMgraha	7-316-d	{#AgamasArasaMgraha#}¦ 2.	sch	
AgoraRa	6-297-c	{#AgoraRa#}¦ <lex>n.</lex> = {#AguraRa#} <ls><ab>Comm.</ab> zu ĀPAST. ŚR. 14,23,1</ls>.	sch	
AgrAyaRasUtra	2-293-b	{#AgrAyaRasUtra#}¦ <lex>n.</lex> Titel eines Werkes <ls>OPP. Cat. 1</ls>.	sch	
AgrayaRadevatA	1-296-c	{#AgrayaRadevatA#}¦ <lex>f.</lex> {%eine Gottheit des Erstlingsopfers%} <ls>ŚĀṄKH. GṚHY. 3,8</ls>.	sch	
AhAryapurIza	6-298-b	{#AhAryapurIza#}¦ <lex>Adj.</lex> (<lex>f.</lex> {#A#}) {%aus herbeizuschaffendem Schutt bestehend%} ({#vadi#}) <ls>ĀPAST. ŚR. 2,3,5</ls>.	sch	
Ahartos	3-256-b	{#Ahartos#}¦ <ab>Abl.</ab> <ab>Infin.</ab> zu {#har#} mit {#A#} <ls>AIT. BR. 7,2,6</ls>.	sch	
AhitAgnibrAhmaRa	2-294-b	{#AhitAgnibrAhmaRa#} <lex>n.</lex>, {#˚gniviDAna#} <lex>n.</lex> und {#AhnikaBAskara#}¦ Titel von Werken <ls>OPP. Cat. 1</ls>.	sch	
AhlAdayitar	2-294-b	{#AhlAdayitar#}¦ <ab>Nom. ag.</ab> {%Erquicker%}. <ab>Nom. abstr.</ab> {#˚tftva#} <lex>n.</lex> <ls>ŚAṂK.</ls> zu <ls>BĀDAR. 2,3,25</ls>. [Page2-294-c] <hom>3.</hom> {#i#} mit {#samudA#}, {#˚deta#} 1〉 am Ende eines <ab>C	sch	
AhnikaBAskara	7-320-d	{#AhnikaBAskara#}¦ 2.	sch	
Ahutimant	5-249-c	{#Ahutimant#}¦ <lex>Adj.</lex> = {#Ahutivant#} <ls>GOBH. 1,7,15</ls>.	sch	
AhuvaDyE	3-256-b	{#Ahuva/DyE#}¦, so zu accentuiren.	sch	
AhvAtar	5-249-c	{#AhvAtar#}¦ <ab>Nom. ag.</ab> {%Herbeirufer%} <ls>SĀY.</ls> zu <ls>ṚV. 1,13,4</ls>.	sch	
AjYApanIya	7-317-b	{#*AjYApanIya#}¦ <lex>Adj.</lex> wohl {%zum Befehlen geeignet%} <ls>MAHĀVY. 20,27</ls>.	sch	
AjYAviDAyin	5-248-c	{#AjYAviDAyin#}¦ <lex>Adj.</lex> {%Jmds Befehle ausführend, gehorsam%} <ls>KATHĀS. 52,336</ls>.	sch	
AjyAyaMs	2-293-b	{#A/jyAyaMs#}¦ <ls>TBR. 3,7,5,6</ls> fehlerhaft für {#a/jyAyaMs#}.	sch	
AkASADikaraRavAda	2-293-b	{#AkASADikaraRavAda#}¦ <lex>m.</lex> Titel eines Werkes <ls>OPP. Cat. 1</ls>.	sch	
AkASaBErava	2-293-b	{#AkASaBErava#} <lex>n.</lex> und {#˚kalpa#} <lex>m.</lex>¦ Titel von Werken <ls>OPP. Cat. 1</ls>.	sch	
AkASaPena	7-316-c	{#AkASaPena#}¦ {%eine <ab>best.</ab> Pflanze%} <ls>ANTYEṢṬIK.</ls> und <ls>ATH. PADDH.</ls> zu <ls>KAUŚ. 82,26</ls>.	sch	
AkArAnapakAra	7-316-c	{#*AkArAnapakAra#}¦ <lex>m.</lex> {%ein <ab>best.</ab>%} <is>Samādhi</is> <ls>MAHĀVY. 21</ls>.	sch	
AkArakara	2-293-a	{#AkArakara#}¦ <lex>m.</lex> {%ein <ab>best.</ab>%} <is>Samādhi</is> <ls>KĀRAṆḌ. 51,9</ls>. <ls n="KĀRAṆḌ.">92,20</ls>.	sch	
AkArolleKin	7-316-c	{#AkArolleKin#}¦ <lex>Adj.</lex> {%die Form eines Dinges wiedergebend%} <ls>SĀṂKHYAS. 1,89</ls>.	sch	
AkEwaBavEri	1-296-c	{#AkEwaBavEri#}¦ <lex>Adv.</lex> {%bis zum Feinde%} <is>Kaiṭabha</is>ʼs, <ab>d. i.</ab> {%bis%} <is>Viṣṇu</is> <ls>NAIṢ. 6,106</ls>.	sch	
AkIwam	1-296-c	{#AkIwam#}¦ <lex>Adv.</lex> {%vom Wurm an%} <ls>NAIṢ. 6,106</ls>.	sch	
AkalpasAra	1-296-c	{#AkalpasAra#}¦ <lex>Adj.</lex> {%putzsüchtig%} <ls>DAŚAK. 68,9</ls>.	sch	
AkarRI	6-297-c	{#AkarRI#}¦ <lex>Adv.</lex> mit {#kar#} {%bis zu den Ohren spannen%} (einen Bogen) <ls>Z. d. d. m. G. 39,308</ls>.	sch	
AkarRadeSAntam	1-296-c	{#AkarRadeSAntam#}¦ <lex>Adv.</lex> {%bis zur Gegend des Ohres%} <ls>MBH. 3,99,53</ls>.	sch	
AkarRatawa	1-296-c	{#AkarRatawa˚#}¦ <lex>Adv.</lex> {%bis zum Ohrknorpel%} <ls>NAIṢ. 8,57</ls>.	sch	
AkarzaPalaka	1-296-c	{#AkarzaPalaka#}¦ <lex>n.</lex> {%Würfelbrett%} <ls>PĀR. GṚHY. 2,10,17</ls>.	sch	
Akevalika	3-255-b	{#Akevalika#}¦ <lex>Adj.</lex> {%nicht allein bleibend%} (von Begierden, die andere im Gefolge haben) <ls>ŚĪLĀṄKA 1,314</ls>.	sch	
AkoSa	7-316-c	{#AkoSa˚#}¦ <lex>Adv.</lex> {%bis zur Samenkapsel%} (der Lotusblüthe) <ls>R. ed. Bomb. 4,13,7</ls>.	sch	
Akopavant	3-255-b	{#Akopavant#}¦ <lex>Adj.</lex> {%ein wenig erzürnt auf%} (<ab>Loc.</ab>) <ls>ŚIŚ. 2,99</ls>.	sch	
AkrIqaSEla	7-316-d	{#AkrIqaSEla#}¦ <lex>m.</lex> = {#AkrIqaparvata#} <ls>DHARMAŚARMĀBHY. 1,74</ls>.	sch	
Akrandanin	7-316-d	{#Akrandanin#}¦ <lex>Adj.</lex> {%von Wehklagen begleitet%} <ls>VIKRAMĀṄKAC. 10,12</ls>.	sch	
AkroSanavant	6-297-c	{#AkroSanavant#}¦ <lex>Adj.</lex> {%einer Schmähung ausgesetzt%} <ls>J. A. O. S. 11, CXLV.</ls>	sch	
AkroSayitar	3-255-b	{#AkroSayitar#}¦ <ab>Nom. ag.</ab> {%schmähend, schimpfend%} <ls>VIṢṆUS. 5,23</ls>.	sch	
AkumAra	1-296-c	{#AkumAra˚#}¦ {%vom Knaben an%} <ls>RAGH. 4,20</ls>.	sch	
AkzaRika	4-295-c	{#AkzaRika/#}¦ (?) <ls>MAITR. S. 2,9,9</ls>.	sch	
AlApaka	7-319-d	{#AlApaka#}¦ 2.	bhs	
AlambanapratyayaDyAnaSAstravyAKyA	5-249-b	{#AlambanapratyayaDyAnaSAstravyAKyA#}¦ <lex>f.</lex> Titel eines <ab>buddh.</ab> Werkes <ls>M. MÜLLER, Ren. 310, <ab>N.</ab> 3</ls>.	sch	
Alasyavant	5-249-b	{#*Alasyavant#}¦ <lex>Adj.</lex> {%träge, faul%} <ls>DEŚĪN. 1,46</ls>.	sch	
AlokAcala	1-297-c	{#AlokAcala#}¦ <lex>m.</lex> <ab>N. pr.</ab> eines {%Gebirges%} <ls>HEMĀDRI 2,a,28,16</ls>.	sch	
AmakoSin	2-294-a	{#AmakoSin#}¦ <lex>Adj.</lex> etwa {%dessen Inneres noch wund ist%} (Ohr) <ls>SUŚR. 1,58,8</ls>.	sch	
AmapiSita	7-318-d	{#AmapiSita#}¦ <lex>n.</lex> {%rohes Fleisch%} <ls>ŚĀṄKH. GṚHY. 6,1</ls>.	sch	
AmezwakA	3-256-a	{#AmezwakA#}¦ <lex>f.</lex> zu streichen, da <ls>MṚCCH. 47,9</ls>. <ls n="MṚCCH. 47,">10</ls>. {#Amezwaka#} <lex>Adj.</lex> {%(aus ungebrannten Ziegeln bestehend)%} anzunehmen ist.	sch	
AmfRAlam	1-297-b	{#AmfRAlam#}¦ <lex>Adv.</lex> {%bis zur Wurzel%} (eines Lotus) <ls>NAIṢ. 8,69</ls>.	sch	
AmizakiMcitka	7-319-a	{#*AmizakiMcitka#}¦ <lex>Adj.</lex> {%mit irgend einem selbstsüchtigen Zweck verbunden%} <ls>MAHĀVY. 261,26</ls>.	sch	
AmnAyakriyArTatvAdisUtravicAra	2-294-a	{#AmnAyakriyArTatvAdisUtravicAra#} <lex>m.</lex> und {#AmnAyazawka#} <lex>n.</lex>¦ Titel von Werken <ls>OPP. Cat. 1</ls>.	sch	
AnAkzipa	7-318-b	{#AnAkzipa#}¦ <ls>ŚĀṄKH. BR. 30,7</ls> fehlerhaft für {#anA˚#}.	sch	
AnApAnasmfti	7-318-b	{#*AnApAnasmfti#}¦ <lex>f.</lex> {%eine <ab>best.</ab> Uebung des Geistes%} <ls>MAHĀVY. 53</ls>.	sch	
AnandagirIya	2-293-c	{#AnandagirIya#} <lex>n.</lex>, {#AnandatARqavavarRana#} <lex>n.</lex>, {#AnandatAratamyaKaRqana#} <lex>n.</lex>, {#Anandatilaka#} <lex>m.</lex>, {#AnandatIrTIya#} <lex>n.</lex>, {#AnandarAGava#}, {#AnandavarDIya#} <lex>	sch	
AnandarAGava	7-318-b	{#AnandarAGava#}, {#AnandavarDIya#}, {#AnandavilAsa#}, {#AnandasAgarastava#} und {#AnandasAratAratamyaKaRqana#}¦ 2.	sch	
Anartasatkfta	6-298-a	{#Anartasatkfta#}¦ <lex>Adj.</lex> {%von den%} <is>Ānarta</is> {%gefeiert%} (<is>Kṛṣṇa</is>) <ls>MBH. 5,83,45</ls> (in einem Wortspiel).	sch	
Anfhata	3-255-c	{#Anfhata/#}¦ <lex>Adj.</lex> <ls>MAITR. S. 2,9,9</ls>. <ab>v. l.</ab> für {#A/nirhata#}.	sch	
Animila	7-318-b	{#Animila#}¦ 2.	sch	
AnugrAhika	2-294-a	{#AnugrAhika#}¦ (auch {#anu˚#}) <lex>Adj.</lex> {%über%} {#anugraha#} 1〉 {%handelnd%} <ls>MĀN. ŚR. 8</ls> in den <ab>Unterschrr.</ab>	sch	
AnumatI	7-318-b	{#AnumatI#}¦ <lex>f.</lex> <ab>Bez.</ab> {%eines <ab>best.</ab> Verses%} (<ls>AV. 7,20,6</ls> ?) <ls>KAUŚ. 23,4</ls>.	sch	
ApAtajYAna	6-298-a	{#ApAtajYAna#}¦ <lex>n.</lex> so <ab>v. a.</ab> {%oberflächliche Kenntniss%} <ls><ab>Comm.</ab> zu KAP. 4,30</ls>.	sch	
ApIWAntam	1-297-b	{#ApIWAntam#}¦ <lex>Adv.</lex> {%bis zum Ende des Piedestals%} <ls>HEMĀDRI 1,259,7</ls>.	sch	
ApaReya	6-298-a	{#ApaReya#}¦ <ls>BAUDH. 1,10,3</ls> wohl nur fehlerhaft für {#ApaRIya#}.	sch	
ApadevIya	2-294-a	{#ApadevIya#} <lex>n.</lex>, {#Apastambagfhya#} <lex>n.</lex>, {#˚stambaDarma#} <lex>m.</lex>, {#˚stambapUrvaprayoga#} <lex>m.</lex>, {#˚stambaprayoga#} <lex>m.</lex>, {#˚stambaSrOta#} <lex>n.</lex>, {#˚stambasAmAnyasUtr	sch	
Apali	5-249-a	{#Apali#}¦ <lex>m.</lex> {%eine <ab>best.</ab>%} <is>Jaina</is>-{%Secte%} <ls>BHADRAB. 4</ls> in der <ab>Unterschr.</ab> <ab>v. l.</ab>	sch	
AparvaBaNganipuRa	1-297-b	{#AparvaBaNganipuRa#}¦ zu streichen; <ab>vgl.</ab> oben {#aparva˚#}.	sch	
Apattisama	1-297-b	{#Apattisama#}¦ <lex>m.</lex> = {#upapattisama#} <ls>SARVAD. 114,12</ls>.	sch	
Apawaliman	7-386-c	{#Apawaliman#}¦ <lex>m.</lex> {%Röthe%} <ls>CAṆḌĪŚ. 20</ls>.	sch	
ApiSaliSikzA	2-294-a	{#ApiSaliSikzA#}¦ <lex>f.</lex> Titel eines Werkes <ls>OPP. Cat. 1</ls>.	sch	
Apin	4-296-a	{#Apin#}¦ <lex>Adj.</lex> in {#paScApin#}.	sch	
Apolupa	2-294-a	{#Apolupa#}¦ <lex>Adj.</lex> = {#upolapa/#} <ls>KAP. S. 8,3</ls>.	sch	
AptamImAMsAlaMkfti	1-297-b	{#AptamImAMsAlaMkfti#}, {#˚mImAMsAvivfti#} und {#˚mImAMsAvftti#}¦ <lex>f.</lex> Titel von Werken <ls>BÜHLER, Rep. No. 564. fgg.</ls> {#AptA˚#} in den zwei letzten Titeln.	sch	
Aptar	1-297-b	{#Aptar#}¦ in {#anAptar#}.	sch	
AptoryAmahOtra	2-294-a	{#AptoryAmahOtra#}¦ <lex>n.</lex> Titel eines Werkes <ls>OPP. Cat. 1</ls>.	sch	
ApuNKaSiKam	1-297-b	{#ApuNKaSiKam#}¦ <lex>Adv.</lex> {%bis zum untersten Ende des Pfeils%} <ls>NAIṢ. 8,3</ls>.	sch	
ArADanakrama	7-319-b	{#ArADanakrama#}¦ 2.	sch	
ArTat	1-297-c	{#ArTat#}¦ <ls>TĀṆḌYA-BR. 11,8,10</ls>. <ls n="TĀṆḌYA-BR.">13,6,10</ls>. <ls n="TĀṆḌYA-BR. 13,">11,10</ls> fehlerhaft für {#ArCat#}, wie die <ab>Hdschrr.</ab> haben.	sch	
ArUQajAtaka	2-294-b	{#ArUQajAtaka#}¦ <lex>n.</lex> Titel eines Werkes <ls>OPP. Cat. 1</ls>.	sch	
ArUQapatita	6-298-a	{#ArUQapatita#}¦ <lex>Adj.</lex> {%gestiegen und wieder gefallen, rückfällig, zur alten%} (schlechten) {%Lebensweise wieder zurückgekehrt%} <ls>BAUDH. 2,4,24</ls>. <ls>HEMĀDRI 1,40,7</ls>. <ls>NĪLAK.</ls> zu <ls>MBH. 13,	sch	
AraRyakaBawwaBAskara	2-294-a	{#AraRyakaBawwaBAskara#}, {#AraRyakaBAzya#} <lex>n.</lex>, {#AraRyakopanizad#} <lex>f.</lex>, {#AraRyaBAzya#} <lex>n.</lex>, {#AraRyamahAprastAnikA#} (lies {#˚prasTAnikA#}) <lex>f.</lex>, {#AraRyaSikzA#} <lex>f.</lex>, {	sch	
AragvaDamaya	7-319-b	{#AragvaDamaya#}¦ <lex>Adj.</lex> (<lex>f.</lex> {#I#}) {%von der <bot>Cathartocarpus fistula</bot>%} <ls>ĀPAST. GṚHY. 18,7</ls>.	sch	
ArdrIBAva	2-294-b	{#ArdrIBAva#}¦ <lex>m.</lex> {%das Nasswerden%} <ls>DHĀTUP. 26,16</ls>.	sch	
Ari	7-319-b	{#*Ari#}¦ <lex>f.</lex> {%eine%} <is>Khadira</is>-{%Art%} <ls>RĀJAN. 8,30</ls>.	sch	
Arizwa	7-319-b	{#Arizwa#}¦ <ab>v. l.</ab> für {#mArdvIka#} <ls>VIJÑ.</ls> zu <ls>YĀJÑ. 3,253. fg.</ls>	sch	
ArogyApay	7-319-c	{#ArogyApay#}¦ <ab>Caus.</ab> zu {#Arogyay#} <ls>DIVYĀVAD. 128,25</ls>.	sch	
Arogyavant	1-297-c	{#Arogyavant#}¦ <lex>Adj.</lex> {%gesund%} <ls>HEMĀDRI 1,741,5</ls>.	sch	
Arogyay	1-297-c	{#Arogyay#}¦, {#˚yati#} {%salutare, begrüssen%} <ls>DIVYĀV. 52</ls>.	ap	
Aropayitar	7-319-c	{#Aropayitar#}¦ <ab>Nom. ag.</ab> {%der sich Etwas%} (<ab>Acc.</ab>) {%aufsetzt%} <ls>R. ed. Bomb. 3,73,22</ls>.	sch	
Artarava	1-297-c	{#Artarava#}¦ <lex>m.</lex> {%Nothgeschrei%} <ls>DAŚAK. 67,10</ls>.	sch	
Artasvana	1-297-c	{#Artasvana#}¦ <lex>m.</lex> <ab>dass.</ab> <ls>PĀR. GṚHY. 2,11,6</ls>.	sch	
ArtayajYa	3-256-a	{#ArtayajYa/#}¦ <lex>Adj.</lex> {%dessen Opfer gestört worden ist%} <ls>MAITR. S. 2,4,1</ls>.	sch	
Artikara	5-249-b	{#Artikara#}¦ <lex>Adj.</lex> {%Unheil schaffend%} <ls>ĀPAST. ŚR. 12,23,12</ls>.	sch	
AruRaSikzA	7-319-b	{#AruRaSikzA#}¦ 2.	sch	
AryAdviSatI	2-294-b	{#AryAdviSatI#} <lex>f.</lex>, {#AryApaYcASat#} <lex>f.</lex>, {#AryAsvargArohaRaparvan#} <lex>n.</lex> (<ls>MBH.</ls>) und {#AlavandArstotra#} <lex>n.</lex>¦ Titel von Werken <ls>OPP. Cat. 1</ls>.	sch	
AryaKaRqa	7-319-c	{#AryaKaRqa#}¦ <lex>n.</lex> = {#BAratavarza#} <ls>DHARMAŚARMĀBHY. 1,43</ls>.	sch	
AryabrahmaviSezacittaparipfcCA	7-319-c	{#*AryabrahmaviSezacittaparipfcCA#}¦ <lex>f.</lex> Titel eines Werkes <ls>MAHĀVY. 65</ls>.	sch	
AryabudDi	2-294-b	{#AryabudDi#}¦ <lex>Adj.</lex> {%edelmüthig%} <ls><ab>ebend.</ab> 2,111,9</ls>.	sch	
AryadAsI	2-294-b	{#AryadAsI#}¦ <lex>f.</lex> <ab>N. pr.</ab> einer Frau <ls>DAŚAK. (1925) 2,74,11. 13</ls>.	sch	
Aryamati	6-298-a	{#Aryamati#}¦ <lex>Adj.</lex> {%von edler Gesinnung%} <ls>MBH. 1,44,7</ls>.	sch	
AryaputrIya	1-297-c	{#AryaputrIya#}¦ <lex>Adj.</lex> von {#Aryaputra#} <ls>NAIṢ. 9,68</ls>.	sch	
Aryavant	2-294-b	{#Aryavant#}¦ <lex>m.</lex> <ab>N. pr.</ab> eines Mannes <ls>HEM. PAR. 1,288</ls>.	sch	
AsInanyAya	7-320-c	{#AsInanyAya#}¦ <lex>Adj.</lex> {%wobei die sitzende Stellung als Regel dient%} <ls>ŚĀṄKH. ŚR. 1,1,15</ls>.	sch	
AsTI	7-320-c	{#AsTI#}¦ <lex>Adv.</lex> <ab>s.</ab> oben {#asTI#}.	sch	
Asahasrakftvas	1-298-a	{#Asahasrakf/tvas#}¦ <lex>Adj.</lex> {%bis tausend Mal%} <ls>TAITT. ĀR. 4,28,1</ls>.	sch	
AsaktivAda	2-294-b	{#AsaktivAda#} <lex>m.</lex> und {#AsanADyAya#} <lex>m.</lex>¦ Titel von Werken <ls>OPP. Cat. 1</ls>.	sch	
AsanADyAya	7-320-c	{#AsanADyAya#}¦ 2.	sch	
Asanapawwa	3-256-a	{#Asanapawwa#}¦ <lex>m.</lex> {%ein flacher Sitz%}.	sch	
AsapARqu	6-298-b	{#AsapARqu#}¦ <lex>Adj.</lex> {%weiss von Asche%} <ls>J. A. O. S. 11, CXLV.</ls>	sch	
Asaritaka	7-386-d	{#Asaritaka#}¦ <lex>n.</lex> <ab>term. techn.</ab> in der Musik <ls><ab>ebend.</ab> 218</ls>.	sch	
AspadI	5-249-c	{#AspadI#}¦ mit {#kar#} <ls>HEM. PAR. 2,388</ls>.	sch	
AsurakARqa	2-294-b	{#AsurakARqa#}¦ Titel eines Werkes (<ls>MBH.</ls>) <ls>OPP. Cat. 1</ls>.	sch	
AsyasaMmita	4-296-b	{#AsyasaMmita#}¦ <lex>Adj.</lex> {%der Höhe des Mundes entsprechend%} <ls>ĀŚV. ŚR. 1,7,6</ls>.	sch	
Atas	2-293-c	{#Atas#}¦ (<hom>1.</hom> {#A#} + {#atas#}) <lex>Adv.</lex> mit angefügtem {#ca#} {%und zwar aus folgendem Grunde%} <ls>MAHĀBH. (K.) 12,27</ls>. <ls n="MAHĀBH. (K.)">81,4</ls>. <ls n="MAHĀBH. (K.)">95,16</ls>. <ls n="MAHĀ	sch	
AtmArpaRa	2-293-c	{#AtmArpaRa#} <lex>n.</lex> und {#˚Sruti#} <lex>f.</lex>¦ Titel von Werken <ls>OPP. Cat. 1</ls>.	sch	
AtmArpaRaSruti	7-317-d	{#AtmArpaRaSruti#}¦ 2.	sch	
AtmIyadeSa	3-255-c	{#AtmIyadeSa#}¦ <lex>m.</lex> {%Heimat%} <ls>KATHĀS. 18,393</ls>.	sch	
AtmIyajAtya	2-293-c	{#AtmIyajAtya#}¦ <lex>Adj.</lex> {%des eigenen Geschlechts, seines Gleichen%} <ls>PAÑCAT. 63,24</ls>.	sch	
AtmaBaya	4-296-a	{#AtmaBaya#}¦ <lex>n.</lex> {%Angst für sein Leben%} <ls>KATHĀS. 5,86</ls>.	sch	
AtmaSlAGAkara	5-249-a	{#AtmaSlAGAkara#}¦ <lex>Adj.</lex> in {#anAtma˚#}.	sch	
AtmaSlAGana	6-297-c	{#AtmaSlAGana#} <lex>n.</lex> oder {#˚nA#} <lex>f.</lex>¦ (<ab>adj. Comp.</ab> <lex>f.</lex> {#A#}) {%Selbstlob%} <ls>SĀH. D. 135</ls>.	sch	
AtmajYAnopadeSa	2-293-c	{#AtmajYAnopadeSa#}¦ <lex>m.</lex> Titel eines Werkes <ls>OPP. Cat. 1</ls>.	sch	
AtmaprakASikAvivaraRa	7-317-c	{#AtmaprakASikAvivaraRa#}¦ 2.	sch	
AtmapriyA	7-317-c	{#AtmapriyA#}¦ 2.	sch	
AtmarUpa	5-249-a	{#AtmarUpa/#}¦ <lex>n.</lex> {%die eigene Schönheit%} <ls>TS. 6,1,6,1</ls>.	sch	
AtmasaMBAvita	7-386-c	{#AtmasaMBAvita#}¦ <lex>Adj.</lex> {%von sich selbst eingenommen%} <ls>BHAG. 16,17</ls>.	sch	
AtmasaMsTA	6-298-a	{#AtmasaMsTA#}¦ <lex>f.</lex> {%das Verweilen —, Verbleiben bei sich%} (auf das Subject des Satzes sich beziehend) <ls>MBH. 5,38,2</ls>. <ls n="MBH.">13,17,159</ls>.	sch	
Atmasnehamaya	7-317-d	{#Atmasnehamaya#}¦ <lex>Adj.</lex> {%in Selbstliebe —, in Selbstsucht bestehend%} <ls>JĀTAKAM. 1,20</ls>.	sch	
AtmatvajAtisidDivAda	2-293-c	{#AtmatvajAtisidDivAda#} <lex>m.</lex>, {#AtmaprakASikAvivaraRa#} <lex>n.</lex> und {#AtmapriyA#} <lex>f.</lex>¦ Titel von Werken <ls>OPP. Cat. 1</ls>.	sch	
AtmavikatTana	5-249-a	{#AtmavikatTana#}¦ <lex>n.</lex> {%Prahlerei%}. <ab>Pl.</ab> <ls>Verz. d.Oxf. H. 185, b, 6</ls>.	sch	
Atmotkarza	7-317-d	{#Atmotkarza#}¦ I. *<lex>Adj.</lex> {%an Selbstüberhebung leidend%} <ls>MAHĀVY. 127</ls>.	sch	
AtreyaSikzA	7-317-d	{#AtreyaSikzA#} und {#AtreyasaMhitA#}¦ 2.	sch	
Attaretas	3-255-c	{#A/ttaretas#}¦ <lex>Adj.</lex> {%des Samens beraubt%} <ls>TS. 7,1,1,2</ls>.	sch	
AvAmadevyam	1-297-c	{#AvAmadevyam#}¦ <lex>Adv.</lex> {%mit Einschluss des%} <is>Vāmadevya</is> <ls>ŚĀṄKH. GṚHY. 6,2</ls>.	sch	
AvaleKana	5-249-b	{#AvaleKana#}¦ <lex>Adj.</lex> (<lex>f.</lex> {#I#}) {%aus einem <ab>best.</ab> Stoffe gemacht%} <ls>J. A. O. S. Procc. 1883, Oct. VIII.</ls>	sch	
AvarItar	7-319-d	{#AvarItar#}¦ I. {%Umhüller, Bedecker%} <ls>KIR. 18,40</ls>.	sch	
AvarRI	2-294-b	{#AvarRI#} <lex>f.</lex> und {#˚SikzA#} <lex>f.</lex>¦ Titel von Werken <ls>OPP. Cat. 1</ls>.	sch	
Avarjanakara	7-319-d	{#Avarjanakara#}¦ <lex>Adj.</lex> (<lex>f.</lex> {#I#}) {%für sich gewinnend, imponirend%} <ls>DIVYĀVAD. 133,9</ls>. <ls n="DIVYĀVAD.">192,8</ls>. <ls n="DIVYĀVAD.">313,15</ls>.	sch	
AvasaTI	7-320-a	{#AvasaTI#}¦ <lex>Adv.</lex> mit {#kar#} {%zum Wohnsitz machen%} <ls>JĀTAKAM. 27,31</ls>.	sch	
AvasaTavAsin	5-249-b	{#AvasaTavAsi/n#}¦ <lex>Adj.</lex> {%im Hause übernachtend%} <ls>ŚAT. BR. 12,4,4,6</ls>.	sch	
Avftatva	5-249-b	{#Avftatva#}¦ <lex>n.</lex> {%das Geschlossensein%} (einer Thür) [Page5-249-c] <ls>PAÑCAT. 195,8</ls>.	sch	
AviSam	1-297-c	{#Avi/Sam#}¦, lies 〔2,24,6〕.	sch	
AvirBUtatva	5-249-b	{#AvirBUtatva#}¦ <lex>n.</lex> {%das Offenbargewordensein, Erscheinung%} <ls>SĀY.</ls> zu <ls>ṚV. 8,29,1</ls>.	sch	
AvirBUya	1-297-c	{#AvirBU/ya#}¦ <lex>Adj.</lex> {%das Offenbarwerden%} <ls>MAITR. S. 1,8,6</ls>.	sch	
AvizpfzWa	1-297-c	{#Avi/zpfzWa#}¦ <lex>Adj.</lex> {%dessen Rücken sichtbar ist%} <ls>MAITR. S. 1,10,7</ls>.	sch	
Avraskya	2-294-b	{#Avraskya#}¦ <lex>m.</lex> {%ein abgeschnittenes Holzstück%} <ls>ĀPAST. ŚR. 15,5,11</ls>.	sch	
AwarUzaka	7-317-b	{#AwarUzaka#}¦ I. <ls>MBH. 7,23,74</ls>.	sch	
Awavakayakza	7-317-b	{#*Awavakayakza#}¦ <lex>m.</lex> <ab>Bez.</ab> {%eines <ab>best.</ab>%} <is>Yakṣa</is> <ls>MAHĀVY. 169</ls>.	sch	
AyAmatA	7-319-a	{#AyAmatA#}¦ <lex>f.</lex> {%Höhe%} <ls>Ind. Antiq. 1887, S. 64, V. 7</ls>.	sch	
AyattI	4-296-a	{#AyattI#}¦ <lex>Adv.</lex> mit {#kar#} {%abhängig machen, in Abhängigkeit erhalten%} <ls>RĀJAT. 4,680</ls>.	sch	
AyuHpatnI	4-296-a	{#AyuHpatnI#}¦ <lex>f.</lex> = {#AyuzpatnI#} <ls>ĀPAST. ŚR. 6,21,1</ls>.	sch	
BARqya	5-262-b	{#BARqya#}¦ <lex>n.</lex> {%Possenreisserei%} <ls>SUBHĀṢITĀV. 771</ls>.	sch	
BAgAnuBAga	5-262-b	{#BAgAnuBAga#}¦ <ab>Instr.</ab> {%mit grösserem oder geringerem Antheil, in verschiedenem Verhältniss%} <ls>MBH. 3,276,8</ls>.	sch	
BAnutanayA	5-262-b	{#BAnutanayA#}¦ <lex>f.</lex> <ab>Patron.</ab> der <is>Yamunā</is> <ls>ŚIŚ. 13,25</ls>.	sch	
BAtkUwa	5-262-b	{#*BAtkUwa#}¦ <lex>m.</lex> <ab>v. l.</ab> für {#BAkUwa#} <ls>ZACH. Beitr.</ls>	sch	
BAvaBawa	7-365-b	{#*BAvaBawa#}¦ <lex>m.</lex> <ab>N. pr.</ab> <ls>MAHĀVY. 177,7</ls> fehlerhaft für {#vAgBawa#}.	sch	
BAvayatI	5-262-b	{#BAvayatI#}¦ <lex>Adv.</lex> mit {#BU#} {%wie ein wirklicher Asket zu leben anfangen%} <ls>HEM. PAR. 1,443</ls>. <ls n="HEM. PAR. 1,">458</ls>. <ls n="HEM. PAR.">2,184</ls>.	sch	
BUyizWatA	5-262-c	{#BUyizWatA#}¦ <lex>f.</lex> {%grosse Anzahl%} <ls>ŚIŚ. 12,11</ls>.	sch	
BagnacCandas	6-304-c	{#BagnacCandas#}¦ <lex>Adj.</lex> {%metrisch fehlerhaft%} <ls>SARASVATĪK. 9,2</ls> <ab>v. u.</ab>	sch	
Bagnayati	6-304-c	{#Bagnayati#}¦ <lex>Adj.</lex> {%eine falsche Cäsur enthaltend%} <ls>SARASVATĪK. 10,3</ls>.	sch	
Baktimahant	7-364-c	{#Baktimahant#}¦ <lex>Adj.</lex> = {#Baktimant#} 1〉 <ls>DIVYĀVAD. 433,11</ls>.	sch	
BaktottarikA	7-364-c	{#BaktottarikA#}¦ <lex>f.</lex> {%köstliche Bewirthung%} <ls>DIVYĀVAD. 284,21</ls>. <ls n="DIVYĀVAD.">285,15. fgg.</ls>	sch	
BartfBawwa	5-262-a	{#BartfBawwa#}¦ <lex>m.</lex> <ab>N. pr.</ab> = {#BartfmeRWa#} <ls>M. MÜLLER, Ren. 314</ls>.	sch	
BayaSaNkita	6-304-c	{#BayaSaNkita#}¦ <lex>Adj.</lex> {%in Furcht und Besorgniss seiend%} <ls>MBH. 12,133,14</ls>.	sch	
BogipurI	7-365-d	{#BogipurI#}¦ <lex>f.</lex> {%die Stadt der%} <is>Nāga</is> <ls>DHARMAŚARM. 1,62</ls>.	sch	
Bramaraketu	5-262-c	{#Bramaraketu#}¦ <lex>m.</lex> <ab>N. pr.</ab> eines <is>Rākṣasa</is> <ls>UTTAMAC. 31. fgg.</ls>	sch	
CAyApatti	7-342-b	{#CAyApatti#}¦ <lex>f.</lex> {%das Auffallen des Abbildes%} (des Geistes auf das Innenorgan) <ls>SĀṂKHYATATTVAK.</ls> zu <ls>KĀRIKĀ 5</ls>. [Page7-342-c] <ls>ANIRUDDHA</ls> zu <ls>SĀṂKHYAS. 1,99</ls>. <ls n="SĀṂKHYAS. 1,	sch	
CAyApuruzAvaboDana	7-342-c	{#CAyApuruzAvaboDana#}¦ 2.	sch	
CaRqIkalpa	7-342-b	{#CaRqIkalpa#}¦ (nicht {#CandI˚#}) 2.	sch	
CaRqikAvArika	7-342-b	{#*CaRqikAvArika#}¦ <lex>m.</lex> {%ein <ab>best.</ab> Klosterdiener%} <ls>MAHĀVY. 274,20</ls>.	sch	
CadiHsaMmita	4-299-a	{#CadiH/saMmita#}¦ <lex>Adj.</lex> {%einer Decke entsprechend%} <ls>ŚAT. BR. 3,5,3,9</ls>.	sch	
Cadizmant	4-299-a	{#Cadizmant#}¦ <lex>Adj.</lex> {%ein Verdeck habend%} (Wagen) <ls>ĀPAST. ŚR. 10,24,2</ls>.	sch	
Calamaya	7-387-d	{#Calamaya#}¦ <lex>Adj.</lex> {%verstellt%} <ls>CAṆḌĪŚ. 22</ls>.	sch	
CandaHSloka	7-342-b	{#CandaHSloka#}, {#CandogAna#} und {#CandodarpaRa#}¦ 2.	sch	
CandadAyaka	7-342-b	{#*CandadAyaka#}¦ <lex>Adj.</lex> {%seine Zustimmung gebend%} <ls>MAHĀVY. 281,207</ls>.	sch	
CandapariSudDi	7-342-b	{#*CandapariSudDi#}¦ <lex>f.</lex> {%wohlüberlegte Willensäusserung%} <ls>MAHĀVY. 265,19</ls>.	sch	
CandapratyudDAra	7-342-b	{#*CandapratyudDAra#}¦ <lex>m.</lex> {%Zurückziehung seiner Stimme, Aufhebung eines Beschlusses%} <ls>MAHĀVY. 261,57</ls>.	sch	
CandavAsin	7-342-b	{#*CandavAsin#}¦ <lex>Adj.</lex> {%nach Belieben seine Wohnung wählend%} <ls>MAHĀVY. 281,248</ls>.	sch	
CandoBaNgavant	6-301-b	{#CandoBaNgavant#}¦ <lex>Adj.</lex> {%metrisch fehlerhaft%} <ls>SARASVATĪK. 9,2</ls> <ab>v. u.</ab>	sch	
CinnamastakI	5-254-b	{#CinnamastakI#}¦ <lex>Adv.</lex> mit {#kar#} {%enthaupten%} <ls><ab>Comm.</ab> zu NAIṢ. 4,68</ls>.	sch	
Cinnaplotika	7-342-c	{#*Cinnaplotika#}¦ <lex>Adj.</lex> {%offen vor Einem liegend%} <ls>MAHĀVY. 63,27</ls>.	sch	
CurikAlakzaRa	7-342-c	{#CurikAlakzaRa#}¦ 2.	sch	
DAmavant	3-264-c	{#DAmavant#}¦ <lex>Adj.</lex> {%mächtig, kräftig%} <ls>KIR. 1,43</ls>.	sch	
DAtavIya	7-388-b	{#DAtavIya#}¦ <lex>Adj.</lex> {%aus Erzen bestehend%} <ls><ab>ebend.</ab> 2,50</ls>.	sch	
DAyina	7-350-d	{#DAyina#}¦ (?) <ls>KAUŚ. 34,10</ls>.	sch	
DIrI	7-351-a	{#DIrI#}¦ <lex>Adv.</lex> mit {#kar#} {%ermuthigen%} <ls>JĀTAKAM. 14</ls>.	sch	
DUNkzRA	6-302-c	{#DUNkzRA#}¦ <lex>f.</lex> <ls>TS. 5,5,19,1</ls> nach dem <ab>Comm.</ab> {%eine weisse Krähe%}.	sch	
Danav	5-256-c	{#Danav#}¦ (von {#Danavant#}), {#˚vati#} {%reich werden%} <ls>KULĀRṆAVA 9,60</ls>.	sch	
DanvArti	7-350-b	{#DanvArti/#}¦ <lex>f.</lex> {%Bogenende%} <ls>MAITR. S. 4,5,9 (77,3. 7)</ls>. <ab>Vgl.</ab> <hom>3.</hom> {#Arti#}.	sch	
Darm	5-257-a	{#Darm#}¦, {#Darmati#} {%zu Recht —, zum Gesetz werden%} <ls>KULĀRṆAVA 9,59</ls>.	pwg	
DarmaDvajavant	7-350-c	{#DarmaDvajavant#}¦ <lex>Adj.</lex> = {#DarmaDvaja#} 1〉b〉 <ls>MBH. 7,195,4</ls>.	sch	
DarmakAmArTasaMbanDa	7-388-b	{#DarmakAmArTasaMbanDa#}¦ <lex>m.</lex> so <ab>v. a.</ab> {%Eheschliessung%} <ls>MBH. 1,74,20</ls>.	sch	
DarmaviroDavant	5-257-a	{#DarmaviroDavant#}¦ <lex>Adj.</lex> {%das Recht beeinträchtigend, alles Recht verletzend%} <ls>R. ed. Bomb. 2,36,29</ls>.	sch	
DarmigrAhakamAna	7-350-d	{#DarmigrAhakamAna#}¦ <lex>n.</lex> {%ein Beweismittel, welches ein Object in der bestimmten Eigenschaft erkennen lässt,%} <ls>SĀṂKHYAPR. 59,3</ls>.	sch	
Dayadvant	6-302-b	{#Dayadvant#}¦ <ls>ĀPAST. ŚR. 14,18,5</ls>.	sch	
DunDumant	3-264-c	{#DunDumant#}¦ <lex>m.</lex> <ab>N. pr.</ab> eines Sohnes des <is>Kevala</is> <ls>VP. 4,1,19</ls> (<ls n="VP. 4,1,">20</ls>). {#banDumant#} <ab>v. l.</ab>	sch	
DvAjavadAyani	5-257-b	{#*DvAjavadAyani#}¦ <lex>m.</lex> <ab>Patron.</ab> von {#DvAjavada#} <ls><ab>ebend.</ab></ls>	sch	
DvAjavatAyani	5-257-b	{#*DvAjavatAyani#}¦ <lex>m.</lex> <ab>Patron.</ab> von {#DvAjavata#} <ls><ab>ebend.</ab></ls>	sch	Y
DvAjavata	5-257-a	{#*DvAjavata#}¦ <lex>m.</lex> <ab>N. pr.</ab> eines Mannes <is>gaṇa</is> {#tikAdi#} [Page5-257-b] in der <ls>KĀŚ.</ls>	sch	Y
DvanilAlA	5-257-a	{#*DvanilAlA#} und {#*DvanilIlA#}¦ <lex>f.</lex> <ab>v. l.</ab> für {#DvaninAlA#} <ls>ZACH. Beitr. 92</ls>.	sch	
DyAmalI	7-351-b	{#DyAmalI#}¦ <lex>Adv.</lex> mit {#kar#} {%schmutzig machen, verunreinigen%} <ls><ab>ebend.</ab> 5,39</ls>.	sch	
EcCantika	7-328-a	{#*EcCantika#}¦ <lex>Adj.</lex> <ls>MAHĀVY. 110</ls>. Vielleicht fehlerhaft für {#EcCAntika#}.	sch	
EhilOkika	2-296-c	{#EhilOkika#}¦ <lex>Adj.</lex> = {#EhalOkika#} <ls>HEM. PAR. 3,184</ls>.	sch	
EkEkaSya	3-258-b	{#EkEkaSya#}¦ <ls><ab>Comm.</ab> zu ĀPAST. ŚR. 7,27,16</ls>.	sch	
EndriyAvata	2-296-c	{#EndriyAvata#}¦ <lex>Adj.</lex> {%an%} <is>Indra Indriyāvant</is> {%gerichtet%} <ls><ab>Comm.</ab> zu ĀPAST. ŚR. 3,15,9</ls>.	sch	
EqAdaDIya	2-296-c	{#EqAdaDIya#}¦ <lex>Adj.</lex> von {#EqAdaDa#} <ab>Comm.</ab> <ls><ab>ebend.</ab></ls>	sch	
ErAvant	3-258-b	{#ErAvant#}¦ angeblich = {#irAvant#} und dieses = {#irA#} <ls>GṚHYAS. 2,10</ls>.	sch	
EraRqa	5-251-a	{#EraRqa#}¦ *<lex>n.</lex> {%die Wurzel des langen Pfeffers%} <ls>DEŚĪN. 1,120</ls>.	sch	
GaNGaSAlA	5-254-a	{#GaNGaSAlA#}¦ <lex>f.</lex> {%ein Gebäude ohne Fenster%} <ls>ŚĪLĀṄKA 1,415</ls>.	sch	
GfRAvant	6-301-a	{#GfRAvant#}¦ <lex>Adj.</lex> {%ekelhaft%} <ls>SARASVATĪK. 6, <is n="Śloka">Śl.</is> 17</ls>.	sch	
GowapAlaka	3-261-c	{#GowapAlaka#}¦ <ls>CAURAP. (A.) 63</ls> fehlerhaft für {#kowwapAlaka#}.	sch	
ISAvAsyaKaRqana	2-295-a	{#ISAvAsyaKaRqana#}¦ <lex>n.</lex> Titel eines Werkes <ls>OPP. Cat. 1</ls>.	sch	
ISaka	1-298-b	{#ISaka#}¦ <lex>m.</lex> <is>Śiva</is>. <ab>Loc.</ab> so <ab>v. a.</ab> {%in Nordost%} <ls>AGNI-P. 43,3</ls>.	sch	
ISvaraSataka	1-298-b	{#ISvaraSataka#}¦ <lex>n.</lex> Titel eines Werkes <ls>BÜHLER, Rep. No. 109</ls>.	sch	
ISvaradIkzita	2-295-a	{#ISvaradIkzita#}¦ <lex>m.</lex> <ab>N. pr.</ab> eines Autors. {#˚tIya#} <lex>n.</lex> Titel seines Werkes <ls>OPP. Cat. 1</ls>.	sch	
ISvarasuKavAda	2-295-a	{#ISvarasuKavAda#}¦ <lex>m.</lex> Titel eines Werkes <ls>OPP. Cat. 1</ls>.	sch	
IhAvant	6-298-c	{#IhAvant#}¦ <lex>Adj.</lex> {%strebsam, tapfer%} <ls>ŚIŚ. 19,33</ls>.	sch	
Ijya	2-295-a	{#Ijya#}¦ <ls>MBH. 7,9458</ls> fehlerhaft für {#Iqya#}.	sch	
IkzAraRyamAhAtmya	2-295-a	{#IkzAraRyamAhAtmya#}¦ <lex>n.</lex> Titel eines Werkes <ls>OPP. Cat. 1</ls>.	sch	
Ilay	4-296-b	{#Ilay#}¦, {#Ila/yati#} {%sich bewegen%} <ls>TS. 6,4,2,6</ls>. <ab>Vgl.</ab> <ab>Caus.</ab> von {#Ir#}.	sch	
Iyakz	3-256-b	{#Iyakz#}¦, {#I/yakzamARa#} = {#i/yakzamARa#} <ls>MAITR. S. 2,10,6</ls>.	sch	
Izatpramaya	4-296-b	{#*Izatpramaya#}¦ vielleicht auch {%leicht zu messen%}.	sch	
Izatsvinna	5-249-c	{#Izatsvinna#}¦ <lex>Adj.</lex> {%ein wenig gesotten%} <ls>PADDH.</ls> zu <ls>MĀN. GṚHY. 2</ls>.	sch	
JaMkfti	3-262-c	{#JaMkfti#}¦ <lex>f.</lex> = {#JaMkAra#} <ls>CAURAP. (A.) 102. 106</ls>.	sch	
Jakawa	5-255-a	{#*Jakawa#}¦ <ls>ZACH. Beitr.</ls>	sch	
KAtapUrva	7-336-c	{#KAtapUrva#}¦ <lex>n.</lex> <ls>MBH. 13,61,25</ls> nach <ls>NĪLAK.</ls> = {#anAvfzwO kUpodakErnizpAditErDAnyErjIvatAM Danam#}.	sch	
KaRqaPulla	7-336-b	{#*KaRqaPulla#}¦ <lex>Adj.</lex> {%zerrüttet, délabré%} <ls>MAHĀVY. 281,225</ls>.	sch	
KaRqasPuwa	7-336-b	{#KaRqasPuwa#}¦ <lex>Adj.</lex> = {#KaRqaPulla#} <ls>DIVYĀVAD. 22,11</ls>.	sch	
KaRqatraya	2-299-c	{#KaRqatraya#}¦ <lex>n.</lex> Titel eines Werkes <ls>OPP. Cat. 1</ls>.	sch	
KalApi	6-300-c	{#KalApi#}¦ <lex>m.</lex> oder <lex>f.</lex> (?) {#yava˚#} <ls>ŚĀṄKH. ŚR. 14,40,9</ls>. {#goDUma˚#} <ls n="ŚĀṄKH. ŚR. 14,">41,8</ls>.	sch	
KaqgalakzaRa	2-299-c	{#KaqgalakzaRa#}¦ <lex>n.</lex> Titel eines Werkes <ls>OPP. Cat. 1</ls>.	sch	
KaqgapawwiSin	3-260-c	{#KaqgapawwiSin#}¦ <lex>Adj.</lex> {%mit einem Schwerte und einem%} <is>Paṭṭiśa</is> {%bewaffnet%} <ls>MBH. 13,14,154</ls>.	sch	
Karapattrodumbara	7-336-c	{#Karapattrodumbara#}¦ <lex>m.</lex> {%ein <ab>best.</ab> Baum%} <ls>SUD.</ls> zu <ls>ĀPAST. GṚHY. 14,3</ls>.	sch	
Karpa	7-336-c	{#Karpa#}¦ (<ab>v. l.</ab> {#Karpara#}) {%Hirnschale, Kopf%} (verächtlich) <ls>DIVYĀVAD. 324,11</ls>. <ab>Vgl.</ab> {#karpara#}.	sch	
KarvI	5-253-a	{#KarvI#}¦ mit {#BU#} {%klein werden, verkrüppeln%} <ls><ab>Comm.</ab> zu ŚIŚ. 2,63</ls>.	sch	
Karvay	7-387-c	{#Karvay#}¦ {%zerstückeln, vernichten%} <ls>DAMAYANTĪK. 276</ls>.	sch	
Kasraj	6-300-c	{#Kasraj#}¦ <lex>f.</lex> {%ein Kranz von Luft,%} so <ab>v. a.</ab> {%ein Unding%} <ls>CANDRĀLOKA 5,125</ls>.	sch	
KawuNka	3-260-c	{#KawuNka#}¦ <lex>Adj.</lex> {%böse%} Text zu <ls>Lot. de la b. l. 162</ls>. <ab>Vgl.</ab> {#*kawuNkatA#}.	sch	Y
Keqqa	5-253-a	{#*Keqqa#} und {#*˚tAla#}¦ <ls>ZACH. Beitr.</ls>	sch	
Killita	5-253-a	{#Killita#}¦ (?) <lex>Adj.</lex> <ls>VĀSAV. 156,5</ls>. <ls n="VĀSAV. 156,">6</ls>.	sch	
Kustaka	7-336-d	{#Kustaka#}¦ <lex>Adj.</lex> (<lex>f.</lex> {#˚stikA#}) {%abgeschabt%} <ls><ab>ebend.</ab> 329,1. fgg.</ls>	sch	
OdarikaSarIra	3-258-b	{#OdarikaSarIra#}¦ <lex>n.</lex> {%der grobe, mit dem Tode vergehende [Page3-258-c] Körper%} <ls>ŚĪLĀṄKA. 1,296</ls>.	sch	
OdgAtraprayoga	7-328-c	{#OdgAtraprayoga#}¦ 2.	sch	
OnIta	7-328-c	{#OnIta#}¦ <lex>m.</lex> {%eine Krankheit am penis des Pferdes%} <ls>AŚVAV. 51,4</ls>.	sch	
OpAsanamantra	2-297-a	{#OpAsanamantra#}, {#OmApata#} <lex>n.</lex> und {#OzaDaprayoga#} <lex>m.</lex>¦ Titel von Werken <ls>OPP. Cat. 1</ls>.	sch	
Opamanyavin	3-258-c	{#Opamanyavin#}¦ <lex>Adj.</lex> in Verbindung mit {#putra#} {%der Sohn%} des <is>Aupamanyava</is> <ls>BAUDH.</ls> im <ls><ab>Comm.</ab> zu ĀPAST. ŚR. 5,23,4</ls>.	sch	
Osaja	7-328-c	{#Osaja#}¦ 3.	sch	Y
Ottarapattra	7-328-b	{#Ottarapattra#}¦ 2.	sch	
PARway	7-363-a	{#PARway#}¦ <ab>Denomin.</ab> von {#PARwa#} <ls>DĀRILA</ls> [Page7-363-b] zu <ls>KAUŚ. 25,18</ls>.	sch	
PaNgA	5-261-b	{#*PaNgA#}¦ <lex>f.</lex> {%ein <ab>best.</ab> Gemüse%} <ls>ZACH. Beitr.</ls>	sch	
PalAy	7-363-a	{#PalAy#}¦ IV. {#Pa/lAyetAm#} <ls>MAITR. S. 4,8,1 (107,15)</ls> fehlerhafte Lesart für {#pa/lA˚#}.	sch	
PalamUlavant	4-302-c	{#PalamUlavant#}¦ <lex>Adj.</lex> {%mit Früchten und Wurzeln versehen%} <ls>R. 5,73,19</ls>.	sch	
Paraka	5-261-b	{#*Paraka#}¦ <lex>m.</lex> = {#Palaka#} oder {#sParaka#} {%Schild%} <ls>ZACH. Beitr.</ls> und <ls>NÖLDEKE</ls> in <ls>Sitzungsberichte der Berliner Akademie 1883, S. 1109</ls>.	sch	
Pullapadmotpalavant	7-363-b	{#Pullapadmotpalavant#}¦ <lex>Adj.</lex> {%mit blühenden%} <is>Padma</is> {%und%} <is>Utpala</is> {%versehen%} <ls>R. ed. Bomb. 4,1,3</ls>.	sch	
QuRQika	6-301-c	{#QuRQika#}¦ in {#vyAkaraRa˚#} (wohl {#˚QuRQikA#} zu lesen) und {#˚kA#} <lex>f.</lex> in {#hEmaprAkfta˚#}.	sch	
SaMkaranftyaraNgadeSa	7-377-b	{#SaMkaranftyaraNgadeSa#}¦ <lex>m.</lex> {%Leichenstätte%} <ls>DAŚAK. (1883) 146,11</ls>.	sch	
SaMsivaMs	7-377-b	{#SaMsivaMs#}¦ <lex>Adj.</lex> {%verkündend%} <ls>R. ed. Bomb. 2,19,35</ls>.	sch	
SabdaprAC	7-377-c	{#SabdaprAC#} und {#˚prAS#}¦ VI. 6.	pwg	
SastragrAhavant	7-377-d	{#SastragrAhavant#}¦ <lex>Adj.</lex> {%Waffen als Seeungeheuer habend%} ({#nadI#}) <ls>R. 7,28,42</ls>.	sch	
SatadAna	7-377-b	{#SatadAna#}¦ VI. <ab>vgl.</ab> <ls>ROTH</ls> in <ls>Z. d. d. m. G. 41,672. fgg.</ls>	sch	
UKala	3-257-c	{#*UKala#}¦ <lex>m.</lex> {%ein Andropogon%} <ls>RĀJAN. 8,126</ls>.	sch	
UhApohasamarTa	7-326-c	{#*UhApohasamarTa#}¦ <lex>Adj.</lex> {%fähig%} (das Erforderliche) {%hinzuzufügen oder abzuziehen%} <ls>MAHĀVY. 245,1061</ls>.	sch	
UhanA	7-326-c	{#*UhanA#}¦ ({#UhAnA#} <ab>geschr.</ab>) <lex>f.</lex> = {#UhA#} <ls>MAHĀVY. 245,1060</ls>.	sch	
UnI	1-299-b	{#UnI#}¦ mit {#BU#} {%sich vermindern, abnehmen%} <ls>KĀLAC. 1,25</ls>.	sch	
UnaviMSativarzopasaMpAdana	7-326-b	{#*UnaviMSativarzopasaMpAdana#}¦ <lex>n.</lex> {%das Weihen eines Mönchs vor seinem 20sten Jahre%} <ls>MAHĀVY. 261</ls>.	sch	
UrDvaMBAvuka	3-257-c	{#UrDvaMBAvuka#}¦ <lex>n.</lex> in {#a/nUrDvaMBAvuka#} oben.	sch	
UrDvaSAKa	2-296-a	{#UrDvaSAKa#}¦ <lex>Adj.</lex> {%mit aufwärts gerichteten Zweigen%} <ls>KAP. S. 41,1</ls>.	sch	
UrDvaSakala	2-296-a	{#UrDvaSakala#} (<ls>KAP. S. 41,1</ls>) und {#UrDva/Salka#} (<ls>MAITR. S. 3,9,2</ls>)¦ {%mit aufwärts gerichtetem Spahn%}.	sch	
UrDvaSuzka	3-257-c	{#UrDvaSuzka#}¦ <lex>Adj.</lex> {%oben,%} <ab>d. i.</ab> {%am Stamm verdorrt%} (Zweige) <ls>VIṢṆUS. 61,8</ls>.	sch	
UrDvahastaka	1-299-c	{#UrDvahastaka#}¦ <lex>m.</lex> = <hom>1.</hom> {#UrDvakara#} <ls>HEMĀDRI 2,a,127,4</ls>.	sch	
UrDvajYutva	3-257-c	{#UrDvajYutva#}¦ <lex>n.</lex> <ab>Nom. abstr.</ab> von {#UrDvajYu#} <ls><ab>Comm.</ab> zu ĀPAST. ŚR. 5,11,6</ls>.	sch	
UrDvapuRqraDAraRa	2-296-a	{#UrDvapuRqraDAraRa#} <lex>n.</lex> und {#˚puRqravacana#} <lex>n.</lex>¦ Titel zweier Werke <ls>OPP. Cat. 1</ls>.	sch	
UrRAparikarmaRa	7-326-b	{#*UrRAparikarmaRa#}¦ (!) <lex>m.</lex> {%das Waschenlassen%} <ab>u. s. w.</ab> {%von Wolle durch nichtverwandte Frauen%} <ls>MAHĀVY. 260</ls>.	sch	
Ura	3-257-c	{#Ura#}¦ = {#Uru#} 1〉 im <ab>Loc.</ab> {#Ure#} <ls>BHĀG. P. 7,8,29</ls>.	sch	Y
Urjapatya	4-297-a	{#Urjapatya#}¦ <lex>n.</lex> {%die Herrschaft über die Kraft%} <ls>ĀPAST. ŚR. 9,9,1</ls>.	sch	
Uruka	1-299-b	{#Uruka#}¦ am Ende eines <ab>adj. Comp.</ab> (<lex>f.</lex> {#A#}) = {#Uru#} 1〉 <ls>HEMĀDRI 2,a,84,16</ls>.	sch	
UrvasTi	2-296-a	{#UrvasTi#}¦ <lex>n.</lex> {%Schenkelknochen%} <ls>ĀPAST. ŚR. 1,3,17</ls>.	sch	
UyamAnavarDana	7-326-b	{#*UyamAnavarDana#}¦ ({#uyamAna˚#} <ab>geschr.</ab>) <lex>n.</lex> {%das Webenlassen eines Gewandes in grösseren Umfange%} (als der Geber beabsichtigte) <ls>MAHĀVY. 260</ls>.	sch	
UzmaBakzam	7-326-c	{#UzmaBakzam#}¦ <ab>Absol.</ab> mit {#Bakz#} {%heiss essen%} <ls>KAUŚ. 57,27</ls>.	sch	
aBAgahArin	3-252-c	{#aBAgahArin#}¦ <lex>Adj.</lex> {%nicht erbberechtigt%} <ls>VIṢṆUS. 15,32</ls>.	sch	
aBAnupatana	7-305-c	{#aBAnupatana#}¦ <lex>Adj.</lex> {%wohin die Sonne nicht kommt%} <ls>R. 4,55,3</ls>.	sch	
aBAra	4-294-a	{#aBAra#}¦ <lex>m.</lex> {%Befreiung von einer Last%} <ls>BHĀG. P. 9,24,58</ls>.	sch	
aBAryApitfka	3-252-c	{#aBAryApitfka#}¦ <lex>Adj.</lex> {%weder Frau noch Vater habend%} <ls>BṚHASPATI</ls>.	sch	
aBAskara	7-305-c	{#aBAskara#}¦ <lex>Adj.</lex> {%sonnenlos%} <ls>R. ed. Bomb. 4,40,68.</ls> <ls n="R. ed. Bomb. 4,">42,51.</ls> <ls n="R. ed. Bomb. 4,">43,59</ls>.	sch	
aBAvagranTavyAKyA	1-292-b	{#aBAvagranTavyAKyA#}¦ <lex>f.</lex> Titel eines Werkes <ls>BÜHLER, Rep. No. 703</ls>.	sch	
aBAvaka	4-294-a	{#aBAvaka#}¦ <lex>Adj.</lex> 1〉 {%Jmds Wohl nicht fördernd, Jmd%} (<ab>Gen.</ab>) {%schadend%} <ls>MBH. 12,88,25</ls>. — 2〉 {%sich Etwas%} (<ab>Gen.</ab>) {%nicht vorstellend%}.	sch	
aBAvavikalpa	7-305-c	{#aBAvavikalpa#}¦ <lex>m.</lex> {%eine Alternative für den Fall, dass Etwas nicht da ist,%} <ls>HAR.</ls> zu <ls>ĀPAST. GṚHY. 13,16</ls>.	sch	
aBAvayant	4-294-a	{#aBAvayant#}¦ <lex>Adj.</lex> etwa {%Etwas nicht fest im Auge behaltend%} <ls>BHAG. 2,66</ls>.	sch	
aBAvita	3-252-c	{#aBAvita#}¦ <lex>Adj.</lex> {%nicht zusammenhaltend, keine feste Masse bildend%} <ls>MBH. 12,195,18</ls>.	sch	
aBISumant	6-295-b	{#aBISumant#}¦ 2〉 <lex>m.</lex> {%die Sonne%} <ls>ŚIŚ. 6,63</ls>.	sch	
aBItacArin	4-294-b	{#aBItacArin#}¦ <lex>Adj.</lex> {%unerschrocken verfahrend%} <ls>R. 5,37,39</ls>.	sch	
aBUmida	2-291-a	{#aBUmida#}¦ <lex>Adj.</lex> {%kein Land verschenkend%} <ls>MBH. 3,200,127</ls>.	sch	
aBUmizWa	4-294-b	{#aBUmizWa#}¦ <lex>Adj.</lex> {%nicht in seinem Lande seiend%} <ls>KĀM. NĪTIS. 18,52</ls>. <ls n="KĀM. NĪTIS. 18,">55</ls>.	sch	
aBakzaRIya	1-292-b	{#aBakzaRIya#}¦ <lex>Adj.</lex> {%ungeniessbar%} <ls>TĀṆḌYA-BR. 9,9,9</ls>.	sch	
aBakzyaBakzyaprakaraRa	2-290-c	{#aBakzyaBakzyaprakaraRa#}¦ <lex>n.</lex> Titel eines Werkes <ls>OPP. Cat. 1</ls>.	sch	
aBartavya	7-386-a	{#aBartavya/#}¦ <lex>Adj.</lex> {%nicht zu tragen%} <ls>MAITR. S. 3,6,7 (70,2)</ls>.	sch	
aBartfka	1-292-b	{#aBartfka#}¦ <lex>Adj.</lex> {%keinen Ernährer habend%} <ls>BṚHASP.</ls> im <ls><ab>Comm.</ab> zu ĀPAST. 2,27,3</ls>.	sch	
aBasmIkaraRa	1-292-b	{#aBasmIkaraRa#}¦ <lex>Adj.</lex> {%nicht in Asche verwandelnd,%} so <ab>v. a.</ab> {%wobei man nicht verbrennt%} <ls>HARṢAC. 126,2</ls>.	sch	
aBavyaSeKara	3-252-c	{#aBavyaSeKara#}¦ <lex>m.</lex> <ab>N. pr.</ab> eines Mannes <ls>KAUTUKAS.</ls>	sch	
aBayanandin	3-252-c	{#aBayanandin#}¦ <lex>m.</lex> <ab>N. pr.</ab> eines Autors <ls>GAṆAR.</ls>	sch	
aBayapradAnasAra	1-292-b	{#aBayapradAnasAra#}¦ Titel eines Werkes <ls>BÜHLER, Rep. No. 409</ls>.	sch	
aBedaKaRqana	2-291-a	{#aBedaKaRqana#}¦ <lex>n.</lex> Titel eines Werkes <ls>OPP. Cat. 1</ls>.	sch	
aBedajYa	5-244-b	{#aBedajYa#}¦ <lex>Adj.</lex> {%keinen Unterschied kennend zwischen%} (<ab>Gen.</ab> <ab>Du.</ab>) <ls>HEM. PAR. 1,167</ls>.	sch	
aBedyASaya	5-244-b	{#aBedyASaya#}¦ <lex>Adj.</lex> {%dessen Absicht%} oder {%Denkweise nicht zu brechen ist%}. <ab>Nom. abstr.</ab> {#˚tA#} <lex>f.</lex> <ls>LALIT. 34,14</ls>.	sch	
aBedyaparivAra	7-306-d	{#*aBedyaparivAra#}¦ <lex>m.</lex> {%ein undurchdringlicher Kreis von Umstehenden%} <ls>MAHĀVY. 244</ls>.	sch	
aBettar	4-294-b	{#aBettar#}¦ auch {%Nichtverräther%} (von Geheimnissen) <ls>MBH. 12,231,22</ls>.	sch	
aBiBartsana	7-306-a	{#aBiBartsana#}¦ <lex>n.</lex> {%das Bedrohen%} <ls>CARAKA 406,13</ls>. <ab>v. l.</ab> {#avaBa˚#}.	sch	
aBiDarzayitavya	1-292-b	{#aBiDarzayitavya#}¦ <lex>Adj.</lex> {%zu entehren%}. {#parastriyaH#} <ls>CARAKA 3,8</ls>.	sch	
aBiSAstar	1-292-c	{#aBiSAsta/r#}¦ <ab>Nom. ag.</ab> {%Anweiser, Anordner%} <ls>TBR. 3,10,1,3</ls>. <ls n="TBR. 3,10,">9,7</ls>. <ls n="TBR. 3,10,">10,3</ls>.	sch	
aBid	4-294-a	{#aBid#}¦ <lex>Adj.</lex> {%keine Scheidung machend%} <ls>BHĀG. P. 7,10,39</ls>.	sch	
aBigamanIya	7-305-c	{#aBigamanIya#}¦ <lex>Adj.</lex> {%zu besuchen, besuchenswerth%} <ls>JĀTAKAM. 23</ls>.	sch	
aBigrAsa	7-305-d	{#aBigrAsa#}¦ <ab>s.</ab> {#yaTABigrAsam#}.	sch	
aBigrahItar	1-292-b	{#aBigrahIta/r#}¦.	sch	
aBijanitos	1-292-b	{#aBijanitos#}¦ liesse sich anders fassen, wenn man {#ISvaraH#} dazu ergänzte.	sch	
aBijvalana	2-291-a	{#aBijvalana#}¦ <lex>n.</lex> in {#cittABi˚#}.	sch	
aBileSa	5-244-b	{#aBileSa#}¦ (?) <ls>Ind. St. 17,145</ls>.	sch	
aBimAtizah	1-292-c	{#aBimAtizah#}¦, lies {#˚zAh#}.	sch	
aBimant	1-292-c	{#aBimant#}¦ <lex>Adj.</lex> {%das Wort%} {#aBi#} {%enthaltend%} <ls>TĀṆḌYA-BR. 10,6,5</ls>.	sch	
aBimanyuka	1-292-c	{#aBimanyuka#}¦ <lex>m.</lex> = {#aBimanyu#} <ab>N. pr.</ab> eines Sohnes des <is>Manu Cākṣuṣa</is> <ls>AGNI-P. 18,9</ls>.	sch	
aBimfSe	1-292-c	{#aBimf/Se#}¦ <ab>Dat.</ab> <ab>Inf.</ab> {%zu berühren%} <ls>ṚV. 2,10,5</ls>.	sch	
aBimuKIkfti	5-244-b	{#aBimuKIkfti#}¦ in {#vizayABi˚#}.	sch	
aBinati	2-291-a	{#aBinati#}¦ <lex>f.</lex> {%das Sichzuwenden%} <ls>KAP. S. 7,6</ls>. <ls>KĀṬH. 8,10</ls>.	sch	
aBinavakAverImAhAtmya	7-305-d	{#aBinavakAverImAhAtmya#}¦ 2.	sch	
aBinayadarpaRa	2-291-a	{#aBinayadarpaRa#} <lex>m.</lex> und {#aBinavakAverImAhAtmya#} <lex>n.</lex>¦ Titel zweier Werke <ls>OPP. Cat. 1</ls>.	sch	
aBinayana	6-295-b	{#aBinayana#}¦ <lex>n.</lex> = {#aBinaya#} 1〉 in {#SlokABinayana#}.	sch	
aBinizpannatva	4-294-a	{#aBinizpannatva#}¦ <lex>n.</lex> {%das Schondasein%} <ls>ŚAṂK.</ls> zu <ls>BĀDAR. 2,1,36</ls>.	sch	
aBinnanimittopAdAna	2-291-a	{#aBinnanimittopAdAna#} <lex>n.</lex> und {#˚samarTana#} <lex>n.</lex>¦ Titel zweier Werke <ls>OPP. Cat. 1</ls>.	sch	
aBipAlaka	7-306-a	{#aBipAlaka#}¦ <lex>m.</lex> = {#aBipAla#} <ls>R. ed. Bomb. 3,38,9</ls>.	sch	
aBipatAka	7-306-a	{#aBipatAka#}¦ <lex>Adj.</lex> {%mit zugewandter Fahne%} <ls>MBH. 8,11,9</ls>.	sch	
aBipattimant	7-306-a	{#˚aBipattimant#}¦ <lex>Adj.</lex> {%im Besitz von — seiend%} <ls>JĀTAKAM. 28,17</ls>.	sch	
aBiprasArin	7-306-a	{#aBiprasArin#}¦ <lex>Adj.</lex> {%hinzukommend, zuströmend%} <ls>JĀTAKAM. 32</ls>.	sch	
aBipratAraRa	7-306-a	{#aBipratAraRa#}¦ <lex>m.</lex> <ab>N. pr.</ab> eines Mannes <ls>TALAVAKĀRA-BR.</ls>	sch	
aBipratigara	6-295-b	{#aBipratigara#}¦ <lex>m.</lex> <ab>Nom.</ab> <ab>act.</ab> zu <hom>1.</hom> {#gar#} mit {#aBiprati#} (<ab>s.</ab> weiter unten) <ls><ab>Comm.</ab> zu ĀPAST. ŚR. 14,32,6</ls>.	sch	
aBirAmIya	2-291-a	{#aBirAmIya#} <lex>n.</lex> und {#aBilazitArTacintAmaRi#} <lex>m.</lex>¦ Titel zweier Werke <ls>OPP. Cat. 1</ls>.	sch	
aBiroDana	5-244-b	{#aBiroDana#}¦ <lex>n.</lex> {%Belagerung%} <ls>Verz. d. Oxf. H. 29,b,7</ls>.	sch	
aBisaMGarza	5-244-b	{#aBisaMGarza#}¦ <lex>m.</lex> {%Aneinanderreibung%} <ls>BHĀVAPR. (Hdschr.) 8,a</ls> nach <ls>AUFRECHT</ls>.	sch	
aBisaMkalpa	6-295-b	{#˚aBisaMkalpa#}¦ <lex>m.</lex> {%Verlangen —, Wunsch zu%} <ls>MBH. 4,14,24</ls>. <ab>v. l.</ab> {#atisaMkalpa#}.	sch	
aBisaMkzepikam	7-306-c	{#*aBisaMkzepikam#}¦ <lex>Adv.</lex> <ls>MAHĀVY. 245</ls>. <ls n="MAHĀVY.">1069</ls>.	sch	
aBisaMvAdin	5-244-b	{#˚aBisaMvAdin#}¦ <lex>Adj.</lex> {%stimmend zu, in Einklang stehend mit%} <ls>PRASANNAR. 2,22</ls>.	sch	
aBisamAhAram	6-295-b	{#aBisamAhAram#}¦ <ab>Absol.</ab> {%zusammen hinschaffend zu%} (<ab>Acc.</ab>) <ls>ĀPAST. ŚR. 2,4,4</ls>. Vielleicht {#aBi sa˚#} zu schreiben.	sch	
aBisamUhana	4-294-b	{#aBisamUhana#}¦ <lex>n.</lex> {%das Bedecken durch Zusammenkehren%} <ls><ab>Comm.</ab> zu ĀPAST. ŚR. 9,19,13</ls>.	sch	
aBitvamAna	2-291-a	{#aBitvamAna#}¦ (!) <lex>m.</lex> {%swift messenger%} <ls>J. A. S. Beng. 47,405,35</ls>.	sch	
aBivAsin	5-244-b	{#aBivAsin#}¦ <lex>Adj.</lex> in {#bastABivAsi/n#}.	sch	
aBivananIya	5-244-b	{#aBivananIya#}¦ <lex>Adj.</lex> als Erklärung von {#aBivAnya#} <ls><ab>Comm.</ab> zu ĀPAST. ŚR. 8,11,17</ls>.	sch	
aBivivAsa	6-295-b	{#aBivivAsa#}¦ <lex>m.</lex> {%das Hellwerden über%} <ls><ab>Comm.</ab> zu ĀPAST. ŚR. 14,23,14</ls>.	sch	
aBivyAharaRIya	4-294-b	{#aBivyAharaRIya#}¦ <lex>Adj.</lex> {%auszusprechen, herzusagen%} <ls>SĀY.</ls> zu <ls>AIT. BR. 5,2,15</ls>.	sch	
aBivyaktI	1-292-c	{#aBivyaktI#}¦ <lex>Adv.</lex> mit {#BU#} {%offenbar werden%} <ls>NAIṢ. 5,136</ls>.	sch	
aBivyuzwi	6-295-b	{#aBivyuzwi#}¦ <lex>f.</lex> = {#aBivivAsa#} <ls><ab>Comm.</ab> zu ĀPAST. ŚR. 14,23,14</ls>.	sch	
aBiziYcana	7-306-c	{#aBiziYcana#}¦ <lex>n.</lex> = {#aBizecana#} (so <ls>{{SCHL.->SCHL. 2,107,9||20251016|Jim Funderburk|https://github.com/sanskrit-lexicon/PWG/issues/160/ (issue83fixa)|}}</ls>) 2〉 <ls>R. ed. Bomb. 2,107,9</ls>.	sch	
aBoktar	1-292-c	{#aBoktar#}¦ <ab>Nom. ag.</ab> {%Nichtgeniesser%}. <ab>Nom. abstr.</ab> {#˚ktftva#} <lex>n.</lex> <ls>KAP. 3,58</ls>.	sch	
aBrAy	4-294-b	{#˚aBrAy#}¦, {#aBrAyita#} {%einer Wolke gleichend%} <ls>BHĀM. V. 1,41</ls>.	pwg	
aBraMSin	4-294-b	{#aBraMSin#}¦ <lex>Adj.</lex> {%unvergänglich, dauernd%} <ls>Spr. 6844</ls>.	sch	
aBraMSyamAna	4-294-b	{#aBraMSyamAna#}¦ <lex>Adj.</lex> {%nicht zum Fallen gebracht werdend, nicht in die Lage kommend herabzufallen%} <ls>KĀTY. ŚR. 20,5,16</ls>.	sch	
aBuNkzita	4-294-b	{#aBuNkzita#}¦ <ab>s.</ab> {#BuNkzitABuNkzita#}.	sch	
aBujaMgavant	4-294-b	{#aBujaMgavant#}¦ <lex>Adj.</lex> {%ohne Schlangen%} und zugleich {%ohne liederliche Gesellen%} <ls>KĀVYĀD. 2,322</ls>.	sch	
aByAcara	3-253-a	{#aByAcara#}¦ <lex>m.</lex> {%Bereich%} <ls>MĀN. GṚHY. 2,7</ls>. Statt {#˚care#} hat <ls>PĀR. GṚHY.</ls> {#aByAcAre#}. <ls>ĀŚV. GṚHY.</ls> {#aByAgAre#}.	sch	
aByAdAhya	2-291-a	{#aByAdAhya#}¦ <lex>m.</lex> {%Feuer von einem Hausbrande%} <ls>ĀPAST. ŚR. 9,3</ls>.	sch	
aByavacAruka	1-293-a	{#aByavacAruka#}¦ in {#anaBya˚#}.	sch	
aByavetya	7-306-d	{#aByavetya#}¦ <lex>Adj.</lex> {%zum Bad zu betreten%} <ls>ĀPAST. ŚR. 8,7,21</ls>.	sch	
aByudgatA	1-293-a	{#aByudgatA#}¦, <ab>gedr.</ab> {#aBiudgatA#}; statt dessen {#aBiruqgatA#} <ls>HAUG, <ab>Acc.</ab> 59</ls>.	sch	
aByupEtos	1-293-a	{#aByupEtos#}¦ <ab>Gen.</ab> <ab>Inf.</ab> (abhängig von {#ISvaraH#}) {%zu erlangen%} <ls>AIT. BR. 7,29</ls>.	sch	
aByupadeSa	7-307-a	{#aByupadeSa#}¦ <lex>m.</lex> {%Unterweisung, Belehrung%} <ls>MOHAM. 17</ls>.	sch	
aByuzRa	7-307-a	{#aByuzRa#}¦ <ab>v. l.</ab> für {#atyuzRa#} (<ls>M. 3,236</ls>) <ls>HEMĀDRI 3,a,1017,6</ls>. <ls n="HEMĀDRI 3, a,">1019,1</ls>. <ls n="HEMĀDRI 3, a,">1022,12</ls>.	sch	
aDArA	3-249-a	{#aDArA#}¦ <lex>f.</lex> {%kein Strom, kein ununterbrochener Fluss%} <ls>VAJRACCH. 39,12</ls>.	sch	
aDAryamARa	3-249-a	{#aDAryamARa#}¦ <lex>Adj.</lex> {%nicht getragen werdend%} (Kranz) <ls>MBH. 4,14,32</ls>.	sch	
aDArzwya	2-288-a	{#aDArzwya#}¦ <lex>n.</lex> {%Feigheit%} <ls>DHĀTUP. 10,18</ls>. <ab>Vgl.</ab> {#A˚#}.	sch	
aDAtu	3-249-a	{#aDAtu#}¦ <lex>m.</lex> {%keine Region%} <ls>VAJRACCH. 29,11</ls>.	sch	
aDAtumant	3-249-a	{#aDAtumant#}¦ <lex>Adj.</lex> {%nicht aus Elementen bestehend%} <ls>BHĀG. P. 2,8,7</ls>.	sch	
aDIloDakarRa	2-288-b	{#aDIloDaka/rRa#}¦ <lex>Adj.</lex> <ls>TS. 5,6,16,1</ls>. <ab>Vgl.</ab> {#aDirUQAka/rRa#} und {#adDyAlohaka/rRa#}.	sch	
aDIlohAkarRI	6-294-a	{#aDIlohAkarRI#}¦ (so ist zu verbinden) <lex>Adj.</lex> als <ab>Beiw.</ab> einer Kuh <ls>KĀTY. ŚR. 22,11,29</ls>. <ab>Vgl.</ab> {#adDyAlohaka/rRa#} und {#aDIloDaka/rRa#} (<ls>Nachtr. 2. 4</ls>).	sch	
aDImAMsa	1-286-b	{#aDImAMsa#}¦ <lex>m.</lex> (!) {%Hypertrophie der Fleischtheile%} <ls>CARAKA 6,13</ls>. <ab>Vgl.</ab> {#aDimAMsa#}.	sch	
aDInaga	3-249-a	{#aDInaga#}¦ <ls>HARIV. 3,119,4</ls> fehlerhaft für {#adInaga#}.	sch	
aDIram	1-286-b	{#aDIram#}¦ <lex>Adv.</lex> {%ängstlich%} <ls>DAŚAK. 40,13</ls>.	sch	
aDItapUrva	1-286-b	{#aDItapUrva#}¦ <lex>Adj.</lex> {%der vorher schon studirt hat%} <ls>ĀŚV. ŚR. 8,14,22</ls>.	sch	
aDOta	3-249-a	{#aDOta#}¦ auch {%unrein%} <ls>SUŚR. 1,297,12</ls>.	sch	
aDUnvant	1-286-b	{#aDUnvant#}¦ <lex>Adj.</lex> {%nicht bewegend%} <ls>TĀṆḌYA-BR. 7,9,9</ls>.	sch	
aDUta	1-286-b	{#aDUta#}¦ <lex>Adj.</lex> {%nicht bewegt%} <ls>TĀṆḌYA-BR. 7,9,9</ls>.	sch	
aDaHSAKa	7-385-b	{#aDaHSAKa#}¦ <lex>Adj.</lex> {%dessen Aeste nach unten hängen%} <ls>BHAG. 15,1</ls>.	sch	
aDaHpAtra	1-286-a	{#aDaHpAtra#}¦ <lex>n.</lex> {%Unterschale%} <ls>HEMĀDRI 1,228,2</ls>. <ls n="HEMĀDRI 1,228,">5</ls>. <ls n="HEMĀDRI 1,228,">18</ls>.	sch	
aDaHpuzpikA	7-295-d	{#aDaHpuzpikA#}¦ <lex>f.</lex> {%eine <ab>best.</ab> Pflanze%} <ls>SUD.</ls> zu <ls>ĀPAST. GṚHY. 14,14</ls>.	sch	
aDaScikura	3-249-a	{#aDaScikura#}¦ <lex>m.</lex> {%Schamhaar%} <ls>KAUTUKAR.</ls>	sch	
aDamarRatA	1-286-a	{#aDamarRatA#}¦ <lex>f.</lex> <ab>Nom. abstr.</ab> von {#aDamarRa#} <ls>NAIṢ. 9,3</ls>.	sch	
aDanavant	1-286-a	{#aDanavant#}¦ <lex>Adj.</lex> {%besitzlos, arm%} <ls>AGNI-P. 38,11</ls>.	sch	
aDaralakzman	2-288-a	{#aDaralakzman#}¦ <lex>Adj.</lex> {%unten gezeichnet%} <ls>KAP. S. 32,8</ls>.	sch	
aDaratva	1-286-a	{#aDaratva#}¦ <lex>n.</lex> <ab>Nom. abstr.</ab> zu {#aDara#} 1〉b〉 und 2〉a〉 <ls>NAIṢ. 7,39</ls>.	sch	
aDaray	4-291-c	{#aDaray#}¦, {#aDarita#} {%übertroffen%} <ls>BHĀM. V. 2,180</ls>.	sch	
aDarmaBAj	6-294-a	{#aDarmaBAj#}¦ <lex>Adj.</lex> {%das Unrecht pflegend, pflichtvergessen%} <ls>MBH. 1,191,8</ls>.	sch	
aDarmaBIru	3-249-a	{#aDarmaBIru#}¦ <lex>Adj.</lex> {%nicht pflichtscheu, pflichttreu%} <ls>KAUTUKAR.</ls>	sch	
aDarmaSAlin	3-249-a	{#aDarmaSAlin#}¦ <lex>Adj.</lex> {%pflichtvergessen%} <ls>KAUTUKAR.</ls>	sch	
aDarmabahula	6-294-a	{#aDarmabahula#}¦ <lex>Adj.</lex> {%an Unrecht reich, ruchlos%} <ls>MBH. 1,17,6</ls>.	sch	
aDarmasaMgara	3-249-a	{#aDarmasaMgara#}¦ <lex>Adj.</lex> {%unredlich kämpfend%} <ls>{{MBH. 12,94,15->MBH. 12,95,15||20250608|Jim Funderburk, Andhrabharati|Ref: https://github.com/sanskrit-lexicon/PWK/issues/84|}}</ls>.	sch	
aDarzaRIya	3-249-a	{#aDarzaRIya#}¦ <lex>Adj.</lex> auch {%unüberwindlich%} <ls>KATHĀS. 101,339</ls>.	sch	
aDarzita	3-249-a	{#aDarzita#}¦ <lex>Adj.</lex> {%der nicht duldet, dass man ihm zu nahe kommt,%} <ls>R. 4,15,3</ls>.	sch	
aDiSrezWi	5-242-a	{#aDiSrezWi#}¦ <lex>Adv.</lex> {%auf%} <is>Śreṣṭhin</is> (werfen) <ls>HEM. PAR. 2,67</ls>.	sch	
aDigaRapati	1-286-a	{#aDigaRapati#}¦ <lex>m.</lex> {%oberster Schaarführer%} <ls>KĀLAC. 2,154</ls>.	sch	
aDikArasaMpradAya	2-288-a	{#aDikArasaMpradAya#}¦ <lex>m.</lex> Titel eines Werkes <ls>OPP. Cat. 1</ls>.	sch	
aDikAravant	1-286-a	{#aDikAravant#}¦ <lex>m.</lex> {%Beamter%} <ls>MUDRĀR. 65,18 (106,8)</ls>.	sch	
aDikaMDaram	3-249-a	{#aDikaMDaram#}¦ <lex>Adj.</lex> {%bis zum Nacken%} <ls>ŚIŚ. 1,54</ls>.	sch	
aDikamAsaPala	1-286-a	{#aDikamAsaPala#}¦ <lex>n.</lex> Titel eines Werkes <ls>BÜHLER, Rep. No. 45</ls>.	sch	
aDikaraRacintAmaRi	2-288-a	{#aDikaraRacintAmaRi#} <lex>m.</lex>, {#˚karaRaSAstra#} <lex>n.</lex> und {#˚karaRasArAvali#} <lex>f.</lex>¦ Titel von Werken <ls>OPP. Cat. 1</ls>.	sch	
aDilIlAgfhaBitti	1-286-b	{#aDilIlAgfhaBitti#}¦ <lex>Adv.</lex> {%auf die Wand des Lusthauses%} <ls>NAIṢ. 1,38</ls>.	sch	
aDilavaNgam	5-242-a	{#aDilavaNgam#}¦ <lex>Adv.</lex> {%auf der Gewürznelke%} <ls>ŚIŚ. 6,66</ls>.	sch	
aDimoktavya	3-249-a	{#aDimoktavya#}¦ <lex>Adj.</lex> {%wonach man einen starken Zug haben soll%} <ls>VAJRACCH. 45,15</ls>.	sch	
aDinizkramaRotsava	2-288-b	{#aDinizkramaRotsava#}¦ <lex>m.</lex> {%der der%} {#pravrajyA#} {%vorausgehende Aufzug%} <ls>HEM. PAR. 3,281</ls>.	sch	
aDirukmamandiragavAkzam	5-242-a	{#aDirukmamandiragavAkzam#}¦ <lex>Adv.</lex> {%am Luftloch des goldenen Palastes%} <ls>ŚIŚ. 13,35</ls>.	sch	
aDitalpam	1-286-b	{#aDitalpam#}¦ <lex>Adv.</lex> {%auf die Thürme%} <ls>ŚIŚ. 3,29</ls>, <ab>v. l.</ab>	sch	
aDivAsanaka	1-286-b	{#aDivAsanaka#}¦ <lex>n.</lex> = {#aDivAsana#} 2〉 <ls>HEMĀDRI 1,232,11</ls>.	sch	
aDizWiti	1-286-b	{#aDizWiti#}¦ <lex>f.</lex> {%Herrschaft%} <ls>KAP. 5,115</ls>.	sch	
aDobilASfta	6-294-a	{#aDobilASfta#}¦ <lex>Adj.</lex> {%unterhalb der Mündung%} (des Kessels) {%bleibend%} (nicht überwallend) {%und nur ein wenig gedämpft%} <ls>ŚĀṄKH. ŚR. 4,3,7</ls>.	sch	
aDoguqA	1-286-b	{#aDoguqA#}¦ <lex>f.</lex> {%<bot>Argyreia speciosa</bot>%} <ls>CARAKA 1,1</ls>.	sch	
aDohasta	1-286-c	{#aDohasta#}¦ <lex>m.</lex> {%eine niedriger gelegene Hand%} (unter vieren) <ls>HEMĀDRI 1,285,8</ls>.	sch	
aDomuKamuKa	4-291-c	{#aDomuKamuKa#}¦ <lex>Adj.</lex> (<lex>f.</lex> {#I#}) = {#aDomuKa#} 1〉a〉 <ls>R. 5,26,20</ls>. <ls n="R.">6,7,12</ls>.	sch	
aDovAma	1-286-c	{#aDovAma#}¦ <lex>m.</lex> {%eine niedriger gelegene linke Hand%} <ls>HEMĀDRI 2,a,127,4</ls>.	sch	
aDur	3-249-a	{#aDur#}¦ <lex>f.</lex> {%nicht die oberste Stelle%} <ls>MBH. 8,32,41</ls>.	sch	
aDvagacCant	7-296-c	{#aDvagacCant#}¦ <lex>m.</lex> = {#aDvaga#} {%Reisender%} <ls>JĀTAKAM. 6,27</ls>.	sch	
aDvaraSrOta	2-288-b	{#aDvaraSrOta#}¦ <lex>n.</lex> Titel eines Werkes <ls>OPP. Cat. 1</ls>.	sch	
aDvaramaya	1-286-c	{#aDvaramaya#}¦, lies {#aDvarama#}.	sch	
aDvaratva	1-286-c	{#aDvaratva/#}¦ <lex>n.</lex> <ab>Nom. abstr.</ab> zu {#aDvara#} 2〉a〉 <ls>MAITR. S. 3,6,10</ls>.	sch	
aDvasta	3-249-a	{#aDvasta#}¦ <lex>Adj.</lex> {%nicht zerfallen, — zerstört%} <ls>R. 6,20,22</ls>.	sch	
aDyApin	5-242-a	{#˚aDyApin#}¦ <lex>Adj.</lex> {%lehrend%} <ls><ab>Comm.</ab> zu ĀPAST. ŚR. 14,7,20</ls>.	sch	
aDyAtmopanizad	2-288-b	{#aDyAtmopanizad#}¦ <lex>f.</lex> Titel einer <is>Upaniṣad</is> <ls>OPP. Cat. 1</ls>.	sch	
aDyAvasitavya	7-296-c	{#aDyAvasitavya#}¦ <lex>Adj.</lex> {%zu bewohnen%} <ls>JĀTAKAM. 19</ls>.	sch	
aDyAyitf	7-296-c	{#aDyAyitf#}¦ <ab>Nom. ag.</ab> als Umschreibung von {#upADyAya#} <ls>DĀRILA</ls> zu <ls>KAUŚ. 10,7</ls>.	sch	
aDyarDaguRa	7-296-b	{#aDyarDaguRa#}¦ <lex>Adj.</lex> {%ein halbmal stärker%} <ab>u. s. w.</ab> {%als%} (<ab>Abl.</ab>) <ls>MBH. 7,23,33</ls>.	sch	
aDyarcikAcAra	1-286-c	{#aDyarcikAcAra#}¦ <lex>m.</lex> {%eine <ab>best.</ab> Stellung beim Tanz%} <ls>S. S. S. 241</ls>.	sch	
aDyavasitatA	6-294-a	{#aDyavasitatA#}¦ <lex>f.</lex> {%das zur Gewissheit Erhobensein%} <ls>SĀH. D. 109,20</ls>.	sch	
aDyayanamAtravant	1-286-c	{#aDyayanamAtravant#}¦ <lex>Adj.</lex> {%der nur studirt hat%} <ls>BĀDAR. 3,4,12</ls>.	sch	
aDyayanasaMpradAna	6-294-a	{#aDyayanasaMpradAna#}¦ bedeutet {%das Lernen und Lehren%}.	sch	
aGaBeda	1-283-b	{#aGaBeda#}¦ <ls>HEMĀDRI 1,619,8</ls>. <ls n="HEMĀDRI 1,619,">13</ls> fehlcrhaft für {#arDaBeda#}.	sch	
aGadIpikA	2-286-a	{#aGadIpikA#} <lex>f.</lex>, {#aGapaYcavivecana#} <lex>n.</lex>, {#aGapaYcazazwi#} <lex>f.</lex>, {#aGavivecana#} <lex>n.</lex>, {#aGazawka#} <lex>n.</lex>, {#aGasaMSayatimirAdityasUtra#} <lex>n.</lex> und {#aGasaMgraha#	sch	
aGapaYcavivecana	7-291-b	{#aGapaYcavivecana#} und {#˚paYcazazwi#}¦ 2.	sch	
aGavivecana	7-291-b	{#aGavivecana#}¦ 2.	sch	
aGawita	1-283-b	{#aGawita#}¦ <lex>Adj.</lex> {%nicht zu Stande gebracht, — hervorgebracht%} <ls>Ind. St. 15,332</ls>.	sch	
aGazawka	7-291-b	{#aGazawka#}, {#aGasaMSayatimirAdityasUtra#} und {#aGasaMgraha#}¦ 2.	sch	
aGnyAtva	1-283-b	{#aGnyAtva/#}¦ <lex>n.</lex> <ab>Nom. abstr.</ab> von {#aGnyA#} <ls>MAITR. S. 4,2,12</ls>.	sch	
aGorakalpa	1-283-b	{#aGorakalpa#}¦ <lex>m.</lex> Name eines <is>Kalpa</is> <ls>HEMĀDRI 1,536,21</ls>.	sch	
aKAdant	4-291-a	{#aKAdant#}¦ auch {%nicht essend%} <ls>MBH. 13,115,41</ls>.	sch	
aKaRqArTanirUpaRa	2-285-c	{#aKaRqArTanirUpaRa#}¦ <lex>n.</lex> Titel eines Werkes <ls><ab>ebend.</ab></ls>	sch	
aKaRqitAjYa	1-282-c	{#aKaRqitAjYa#}¦ <lex>Adj.</lex> {%dessen Befehle nicht verletzt werden%}. <ab>Nom. abstr.</ab> {#˚tva#} <lex>n.</lex> <ls>RĀJAT. 6,229</ls>.	sch	
aKaRqopADi	7-290-c	{#aKaRqopADi#}¦ <lex>m.</lex> {%eine mit Worten nicht zu erklärende Eigenschaft%} <ls>NYĀYAK. SĀṂKHYAPR. 67,3</ls> <ab>v. u.</ab>	sch	
aKaRqyamAna	2-285-c	{#aKaRqyamAna#}¦ <lex>Adj.</lex> {%dessen Selbstgefühl nicht zu brechen ist%} <ls>BHAṬṬ. 12,17</ls>.	sch	
aKaYja	5-240-b	{#aKaYja#}¦ <lex>Adj.</lex> {%nicht hinkend, hübsch gehend%} <ls>VĀSAV. 285,7</ls>.	sch	
aKilalokanATa	5-240-b	{#aKilalokanATa#}¦ <lex>m.</lex> {%Beschützer aller Welten%} (<is>Viṣṇu</is>) <ls>BHĀG. P. 2,7,15</ls>.	sch	
aKileSvara	4-291-a	{#aKileSvara#}¦ <lex>m.</lex> {%Weltherrscher%} <ls>BHĀM. V. 2,79</ls>.	sch	
aMSagrAhin	3-246-b	{#aMSagrAhin#}¦ <lex>Adj.</lex> {%ein Erbtheil empfangend%} <ls>VIṢṆUS. 15,39</ls>.	sch	
aMSaprAsa	7-384-1a	{#aMSaprAsa/#}¦ <lex>m.</lex> <is>Aṃśa</is>ʼs {%Wurf%} <ls>MAITR. S. 1,6,12 (105,1)</ls>.	sch	
aMSitva	3-246-b	{#aMSitva#}¦ <lex>n.</lex> {%Theilhaberschaft%} <ls>BṚHASP.</ls>	sch	
aMSukapallava	3-246-b	{#aMSukapallava#}¦ {%Schärpe%} <ls>Spr. 2931</ls>. <ls n="Spr.">5822</ls>. <ls>RĀJAT. 4,576</ls>.	sch	
aMSumadBedasaMgraha	2-285-a	{#aMSumadBedasaMgraha#}¦ <lex>m.</lex> Titel eines Werkes <ls>OPP. Cat. 1</ls>.	sch	
aMsoccala	3-246-c	{#aMsoccala#}¦ <lex>m.</lex> <ab>Du.</ab> {%die Schulterknochen%} <ls>ĀPAST. ŚR. 7,14,2</ls>.	sch	
aNgAraDUmavant	2-286-b	{#aNgAraDUmavant#}¦ <lex>Adj.</lex> {%Kohlen und Rauch zeigend%} <ls>MBH. 3,39,60</ls>.	sch	
aNgArakA	7-291-c	{#aNgArakA#}¦ (!) <lex>f.</lex> <ab>N. pr.</ab> einer <is>Rākṣasī</is> <ls>R. ed. Bomb. 4,41,26</ls>.	sch	
aNgArakalikA	1-283-c	{#aNgArakalikA#}¦ <lex>f.</lex> <ab>N. pr.</ab> einer <is>Surāṅganā</is> <ls>Ind. St. 15,241</ls>.	sch	
aNgAranAqi	2-286-b	{#aNgAranAqi#}¦ <lex>f.</lex> Titel eines Werkes <ls>OPP. Cat. 1</ls>.	sch	
aNgArasAt	5-240-c	{#aNgArasAt#}¦ <lex>Adv.</lex> mit {#kar#} {%auf Kohlen legen%} <ls><ab>Comm.</ab> zu ĀPAST. ŚR. 13,24,18</ls>.	sch	
aNgAravAhikA	5-240-c	{#aNgAravAhikA#}¦ <lex>f.</lex> <ab>N. pr.</ab> eines Flusses <ls>MATSYAP. 22,35</ls>.	sch	
aNgAreSvara	5-240-c	{#aNgAreSvara#}¦ <ab>N. pr.</ab> eines <is>Tīrtha</is> <ls>MATSYAP. 189,9</ls>. <ls n="MATSYAP.">190,58</ls>.	sch	
aNgaBUta	5-240-c	{#aNgaBUta#}¦ <lex>n.</lex> <ab>N. pr.</ab> eines <is>Tīrtha</is> <ls>MATSYAP. 22,51</ls>.	sch	
aNgaBaNga	3-247-b	{#aNgaBaNga#}¦ <lex>m.</lex> (<ab>adj. Comp.</ab> <lex>f.</lex> {#A#}) {%das Strecken%} oder {%Dehnen der Glieder%} <ls>CAURAP. (A.) 92. 95. 103</ls>.	sch	
aNgaGawanA	2-286-b	{#aNgaGawanA#}¦ <lex>f.</lex> {%Körperbewegung%}.	sch	
aNgaSuSrUzaka	1-283-c	{#aNgaSuSrUzaka#}¦ <lex>m.</lex> {%Leibdiener%}. <lex>f.</lex> {#A#} <ls>Ind. St. 15,444</ls>.	sch	
aNgakramalakzaRa	2-286-b	{#aNgakramalakzaRa#}¦ <lex>n.</lex> Titel eines Werkes <ls>OPP. Cat. 1</ls>.	sch	
aNgalatikA	4-291-a	{#aNgalatikA#}¦ <lex>f.</lex> {%ein schlanker Körper%} <ls>UTTARAR. 56,6 (72,12)</ls>.	sch	
aNgalepA	7-291-c	{#aNgalepA#}¦ <lex>f.</lex> <ab>N. pr.</ab> einer Stadt <ls>R. ed. Bomb. 4,42,14</ls>.	sch	
aNgaloman	5-240-c	{#aNgaloman#}¦ <lex>n.</lex> <ab>Pl.</ab> {%die Haare am Körper%} (Gegensatz {#keSAnta#}) <ls>GOBH. 3,1,4</ls>.	sch	
aNgapragraha	4-291-a	{#aNgapragraha#}¦ <lex>m.</lex> {%dämonisches Packen der Glieder, Gliederschmerz%} <ls>SUŚR. 2,231,15</ls>. {#sarvANga˚#} <ls n="SUŚR.">1,281,9</ls>.	sch	
aNgatas	3-247-b	{#aNgatas#}¦ <lex>Adv.</lex> {%an den Gliedern%} <ls>ĀPAST. ŚR. 7,12,2</ls>.	sch	
aNgatvanirukti	2-286-b	{#aNgatvanirukti#}¦ <lex>f.</lex> Titel eines Werkes <ls>OPP. Cat. 1</ls>.	sch	
aNgavAdA	1-283-c	{#aNgavAdA#}¦ <lex>f.</lex> <ab>N. pr.</ab> der Gattin <is>Bhava</is>ʼs <ls>HEMĀDRI 1,799,2</ls>.	sch	
aNgulIvikzepam	7-291-d	{#aNgulIvikzepam#}¦ <ab>Absol.</ab> {%die Finger hinundher bewegend%} <ls>JĀTAKAM. 31</ls>.	sch	
aNgulya	6-293-a	{#aNgulya#}¦ (?) <ls>VASIṢṬHA 3,65</ls>.	sch	
aNguzWaka	1-283-c	{#aNguzWaka#}¦ <lex>n.</lex> = {#aNguzWa#} 1〉 und 2〉 <ls>AGNI-P. 23,21</ls>. <ls n="AGNI-P.">24,13</ls>. <ls n="AGNI-P. 24,">14</ls>.	sch	
aNkanaSAstra	2-286-a	{#aNkanaSAstra#}¦ <lex>n.</lex> Titel eines Werkes <ls>OPP. Cat. 1</ls> [Page2-286-b] ({#aNkaRa˚#} <ab>gedr.</ab>).	sch	
aNkatA	1-283-b	{#aNkatA#}¦ <lex>f.</lex> <ab>Nom. abstr.</ab> zu {#aNka#} 5〉 <ls>NAIṢ. 1,8</ls>.	sch	
aNkuSaDara	7-291-c	{#aNkuSaDara#}¦ <lex>Adj.</lex> {%einen Haken zum Antreiben des Elephanten tragend%} <ls>MBH. 5,155,17</ls>.	sch	
aNkuSaKewin	1-283-c	{#aNkuSaKewin#}¦ <lex>Adj.</lex> {%mit einem Haken und einem Schilde versehen%} <ls>HEMĀDRI 2,a,93,16</ls>.	sch	
aNkuSeSvara	5-240-c	{#aNkuSeSvara#}¦ <ab>N. pr.</ab> eines <is>Tīrtha</is> an der <is>Narmadā</is> <ls>MATSYAP. 191,1</ls>.	sch	
aNkurArpaRaviDi	1-283-c	{#aNkurArpaRaviDi#}¦ <lex>m.</lex> Titel eines Werkes <ls>BÜHLER, Rep. No. 561</ls>.	sch	
aPUtkArya	4-293-c	{#aPUtkArya#}¦ <lex>Adj.</lex> {%worauf man nicht zu blasen braucht%} <ls>KATHĀS. 124,148</ls>.	sch	
aPalIkfta	2-290-c	{#aPalIkfta#}¦ <ab>Pl.</ab> {%unenthülste Reiskörner%} <ls>ĀPAST. ŚR. 15,5,20</ls>.	sch	
aPalavant	3-252-c	{#aPalavant#}¦ <lex>Adj.</lex> {%keinen Lohn bringend, nicht mit Folgen verbunden%} <ls>MBH. 3,31,31</ls>.	sch	
aRRAdIkzita	2-287-a	{#aRRAdIkzita#}¦ <lex>m.</lex> <ab>N. pr.</ab> eines Autors. {#˚tIya#} <lex>n.</lex> Titel seines Werkes <ls>OPP. Cat. 1</ls>.	sch	
aRUkARqa	4-291-b	{#aRUkARqa#}¦ <lex>Adj.</lex> (<lex>f.</lex> {#A#}) {%mit dünnen Halmen%} Citat im <ls><ab>Comm.</ab> zu ĀPAST. ŚR. 11,8,1</ls>.	sch	
aRUka	7-292-c	{#aRUka#}¦ in {#fzyaRUka#} und {#devatARUka#} <ls>BAUDH. GṚHY. 2,2</ls> bei <ls>HAR.</ls> zu <ls>ĀPAST. GṚHY. 15,9</ls> fehlerhaft für {#anUka#}.	sch	
aRahilapAwaka	5-241-a	{#aRahilapAwaka#}¦ <ab>N. pr.</ab> einer Stadt (<iw>Anhalvār</iw>) <ls>Ind. Antiq. 6,195. fgg.</ls>	sch	
aRika	1-284-b	{#aRika#}¦ <lex>Adj.</lex> {%vom Sohne lernend%} <ls>ĀPAST.</ls>	sch	
aRqAraka	1-284-b	{#*aRqAraka#}¦ <lex>m.</lex> <ab>N. pr.</ab> eines Mannes. <ab>Pl.</ab> {%sein Geschlecht%} <ls>KĀŚ.</ls> zu <ls>P. 2,4,69</ls>.	sch	
aRqAta	7-292-d	{#aRqAta#}, {#aRqAraka#} und {#aRqikA#}¦ 1.	sch	
aRqaBedana	3-247-c	{#aRqaBedana#}¦ <lex>n.</lex> {%das Platzen des Eies%}. {#˚naM kriyate#} so <ab>v. a.</ab> {%das Eis schmilzt%} <ls>MAHĀVĪRAC. 45,14</ls>.	sch	
aRqantara	1-284-b	{#aRqantara#} und {#aRqAta#}¦ {%eine Art Tanz%} <ls>S. S. S. 261</ls>.	sch	
aRujyotis	1-284-b	{#aRujyotis#}¦ <lex>Adj.</lex> {%trübsinnig%} <ls>CARAKA 5,11</ls>.	sch	
aSA	3-254-c	{#aSA#}¦ <lex>f.</lex> {%das Essen%} in {#mAMsASA/#}.	sch	
aSAKAja	3-254-c	{#aSAKAja#}¦ <lex>Adj.</lex> {%nicht auf einem Zweige gewachsen%} <ls>ĀPAST. ŚR. 7,1,17</ls>.	sch	
aSAntikft	2-292-b	{#aSAntikft#}¦ <lex>Adj.</lex> {%der keine Ceremonie zur Verhütung übler Folgen vollbracht hat%} <ls>ĀPAST. ŚR. 15,21,12</ls>.	sch	
aSAstravidvaMs	2-292-b	{#aSAstravidvaMs#}¦ <lex>Adj.</lex> {%ungelehrt%} <ls>HARIV. 1159</ls>.	sch	
aSETilya	6-296-c	{#aSETilya#}¦ <lex>n.</lex> {%eine feste Verbindung%} <ls>VĀGBHAṬA 1,17</ls>.	sch	
aSEvala	7-313-b	{#aSEvala#}¦ <lex>Adj.</lex> (<lex>f.</lex> {#A#}) {%ohne <bot>Blyxa octandra</bot>%} <ls>R. ed. Bomb. 3,73,11</ls>.	sch	
aSIrRAgra	1-295-b	{#aSIrRAgra#}¦ <lex>Adj.</lex> {%mit nicht abgebrochener Spitze%} <ls>KARMAPR. 15,19</ls>.	sch	
aSItikApara	2-292-b	{#aSItikApara#}¦ <lex>Adj.</lex> {%über 80 Jahre alt%} <ls>MBH. 7,125,73</ls>, <ab>v. l.</ab>	sch	
aSItipaYcaka	2-292-b	{#aSItipaYcaka#}¦ <lex>Adj.</lex> {%85jährig%} <ls>MBH. 7,125,73</ls>. Nach <ls>NĪLAK.</ls> {%400jährig%}.	sch	
aSItisAhasra	3-254-c	{#aSItisAhasra#}¦ <lex>Adj.</lex> (<lex>f.</lex> {#A#}) 1〉 <ab>Sg.</ab> {%aus 80000 bestehend%} <ls>R. 5,38,23</ls>. — 2〉 <ab>Pl.</ab> {%80000%} <ls>R. 5,56,118</ls>.	sch	
aSOcaka	1-295-c	{#aSOcaka#}¦ <lex>Adj.</lex> {%unrein%} <ls>HEMĀDRI 1,603,7</ls>.	sch	
aSOcin	6-296-c	{#aSOcin#}¦ <lex>Adj.</lex> {%unrein%} (in rituellem Sinne) <ls>MIT. 3,1,a,6</ls>. <ls>KULL.</ls> zu <ls>M. 5,84</ls>.	sch	
aSOklya	6-296-c	{#*aSOklya#}¦ <lex>n.</lex> <ab>Nom. abstr.</ab> <ls>PAT.</ls> zu <ls>P. 5,1,119, Vārtt. 10</ls>.	sch	
aSaWaDI	6-296-b	{#aSaWaDI#}¦ <lex>Adj.</lex> {%nicht von falscher Gesinnung, ehrlich%} <ls>BHĀG. P. 8,22,23</ls>.	sch	
aSakalIkaraRa	1-295-b	{#aSakalIkaraRa#}¦ <lex>Adj.</lex> {%wobei keine Zerstückelung stattfindet%} <ls>HARṢAC. 126,3</ls>.	sch	
aSaktaBartfkA	3-254-b	{#aSaktaBartfkA#}¦ <lex>Adj.</lex> <lex>f.</lex> {%einen schwachen Mann habend%} <ls>VIṢṆUS. 5,18</ls>.	sch	
aSaktimant	1-295-b	{#aSaktimant#}¦ <lex>Adj.</lex> {%unvermögend%} <ls>HEMĀDRI 1,355,3</ls>.	sch	
aSakyasamucCeda	6-296-b	{#aSakyasamucCeda#}¦ <lex>Adj.</lex> {%unvernichtbar%} <ls>WILSON, SĀṂKHYAK. S. 8</ls> (zu lesen {#syAdvASakyasa˚#}). <ab>Nom. abstr.</ab> {#˚tA#} <lex>f.</lex> <ls n="WILSON, SĀṂKHYAK.">S. 9</ls>.	sch	
aSanEs	5-247-c	{#aSanEs#}¦ <lex>Adv.</lex> {%heftig, in hohem Grade%} <ls>ŚIŚ. 15,3</ls>.	sch	
aSarkara	7-313-a	{#aSarkara#}¦ <lex>Adj.</lex> (<lex>f.</lex> {#A#}) {%ohne Gries, — Steinchen%} <ls>R. ed. Bomb. 3,73,11</ls>.	sch	
aSastArTAntara	6-296-b	{#aSastArTAntara#}¦ <lex>Adj.</lex> {%von ominöser Nebenbedeutung%} <ls><ab>ebend.</ab></ls>	sch	
aSastArTa	6-296-b	{#aSastArTa#}¦ <lex>Adj.</lex> {%von ominöser Bedeutung%} <ls><ab>ebend.</ab></ls>	sch	
aSastasmftihetu	6-296-b	{#aSastasmftihetu#}¦ <lex>m.</lex> {%die Ursache einer ominösen Ideenassociation%} <ls>SARASVATĪK. 5,16</ls>.	sch	
aSastravaDa	6-296-b	{#aSastravaDa#}¦ <lex>m.</lex> {%ein Mord ohne Waffe%} <ls>Spr. 5530</ls>.	sch	
aSastravaDya	7-313-a	{#aSastravaDya#}¦ <lex>Adj.</lex> {%durch keine Waffe zu tödten%}. <ab>Nom. abstr.</ab> {#˚tA#} <lex>f.</lex> <ls>R. ed. Bomb. 4,66,27</ls>.	sch	
aSatavarza	1-295-b	{#aSatavarza#}¦ <lex>Adj.</lex> {%noch nicht hundert Jahre alt%} <ls>PĀR. GṚHY. 3,10,4</ls>.	sch	
aSayAna	1-295-b	{#aSayAna#}¦ <lex>Adj.</lex> {%nicht liegend%} <ls><ab>ebend.</ab> 1,253,16</ls>.	sch	
aSfRya	6-296-c	{#aSfRya#}¦ <lex>Adj.</lex> <ab>s. u.</ab> {#asfRya#}.	sch	
aSiTilatva	6-296-b	{#*aSiTilatva#}¦ <lex>n.</lex> <ab>Nom. abstr.</ab> <ls>PAT.</ls> zu <ls>P. 5,1,119, Vārtt. 9</ls>.	sch	
aSilpajIvin	1-295-b	{#aSilpajIvin#}¦ <lex>Adj.</lex> {%von keinem Handwerk lebend%} <ls>MBH. 1,91,5</ls>.	sch	
aSimidviz	5-247-c	{#aSimidvi/z#}¦ <ls>TAITT. ĀR. 1,9,5</ls>.	sch	
aSirogrIva	1-295-b	{#aSirogrIva#}¦ <lex>Adj.</lex> {%ohne Kopf und Hals%} <ls>R. 3,74,14</ls>.	sch	
aSizwAgatamArga	6-296-b	{#aSizwAgatamArga#}¦ <lex>Adj.</lex> {%den Weg Ungebildeter (Ungesitteter) betretend%} <ls>MBH. 5,95,10</ls>.	sch	
aSizyatva	6-296-c	{#aSizyatva#}¦ <lex>n.</lex> {%das Nichtgelehrtwerden%} (einer Sache).	sch	
aSlakzRa	7-313-c	{#aSlakzRa#}¦ <lex>Adj.</lex> (<lex>f.</lex> {#A#}) {%keine zarte Haut habend%} <ls>HAR.</ls> zu <ls>ĀPAST. GṚHY. 3,11</ls>.	sch	
aSmavarzavant	7-313-b	{#aSmavarzavant#}¦ <lex>Adj.</lex> {%Steine regnend%} <ls>R. ed. Bomb. 3,22,24</ls>.	sch	
aSoPayuta	3-254-c	{#aSoPayuta#}¦ <lex>Adj.</lex> {%ohne Geschwülste, — Geschwüre%} <ls>SUŚR. 2,312,13</ls>.	sch	
aSokAKya	1-295-c	{#aSokAKya#}¦ <lex>n.</lex> {%das%} <is>Aśoka</is>-{%Wäldchen auf%} <is>Laṅkā</is> <ls>AGNI-P. 7,18</ls>.	sch	
aSokI	2-292-c	{#aSokI#}¦ <lex>Adv.</lex> mit {#kar#} {%von Kummer befreien%} und zugleich {%zu einem%} <is>Aśoka</is>-{%Baum machen%} <ls>Z. d. d. m. G. 27,81</ls>.	sch	
aSrAvayant	1-295-c	{#aSrAvayant#}¦ <lex>Adj.</lex> {%Jmd%} (<ab>Acc.</ab>) {%Etwas nicht hören lassend%} <ls>HEMĀDRI 1,525,1</ls>.	sch	
aSrUyamARa	1-295-c	{#aSrUyamARa#}¦ <lex>Adj.</lex> {%was nicht gehört%} oder {%gelehrt wird%} <ls>HEMĀDRI 1,238,13</ls>.	sch	
aSrotar	1-295-c	{#aSrota/r#}¦.	sch	
aSrutIpaTa	6-296-c	{#aSrutIpaTa#}¦ (metrisch) <lex>m.</lex> <ab>Acc.</ab> mit {#yA#} so <ab>v. a.</ab> {%in Vergessenheit gerathen%} <ls>MBH. 12,11,17</ls>.	sch	
aSrutiviroDin	6-296-c	{#aSrutiviroDin#}¦ <lex>Adj.</lex> {%mit der heiligen Schrift nicht im Widerspruch stehend%} <ls>ŚIŚ. 14,37</ls>.	sch	
aSuBalakzaRa	7-313-b	{#aSuBalakzaRa#}¦ <lex>Adj.</lex> (<lex>f.</lex> {#A#}) {%mit ungünstigen Merkmalen%} <ls>HAR.</ls> zu <ls>ĀPAST. GṚHY. 3,11</ls>.	sch	
aSuDyamAna	5-247-c	{#aSuDyamAna#}¦ <lex>Adj.</lex> {%nicht rein werdend%} <ls>SUŚR. 1,15,16</ls>.	sch	
aSucivarRa	6-296-c	{#aSucivarRa#}¦ <lex>Adj.</lex> {%von unreiner Farbe%}. <ab>Nom. abstr.</ab> {#˚tA#} <lex>f.</lex> <ls>KĀM. NĪTIS. 7,22</ls>.	sch	
aSvakAya	7-313-c	{#*aSvakAya#}¦ <lex>m.</lex> {%Cavallerie%} <ls>MAHĀVY. 183</ls>.	sch	
aSvapAdAtasArameyamaya	2-292-c	{#aSvapAdAtasArameyamaya#}¦ <lex>Adj.</lex> (<lex>f.</lex> {#I#}) {%aus Reitern, Fussgängern und Hunden bestehend%} <ls>KATHĀS. 27,150</ls>.	sch	
aSvapraTama	3-254-c	{#aSvapraTama#}¦ <lex>Adj.</lex> {%mit dem Rosse%} — oder {%den Rossen voran%} <ls>MĀN. ŚR. 1,5,4</ls>.	sch	
aSvasta	6-296-c	{#*aSvasta#}¦ <lex>Adj.</lex> <ls>P. 7,2,16</ls>, <ab>Sch.</ab> fehlerhaft für {#ASvasta#}, wie <ls>KĀŚ.</ls> liest.	sch	
aSvatIrTaka	1-295-c	{#aSvatIrTaka#}¦ <lex>m.</lex> <ab>N. pr.</ab> eines Schlangendämons <ls>DIVYĀV. 72</ls>.	sch	
aTarvaRacandrakAlitantra	2-288-a	{#aTarvaRacandrakAlitantra#} <lex>n.</lex>, {#aTarvaRaSikzA#} <lex>f.</lex>, {#aTarvaRaSIrzopanizad#} <lex>f.</lex> und {#aTarvaRopanizad#} <lex>f.</lex>¦ Titel von Werken <ls>OPP. Cat. 1</ls>.	sch	
aTarvamaya	3-248-b	{#aTarvamaya#}¦ <lex>Adj.</lex> {%aus dem%} <is>Atharvaveda</is> {%bestehend, den%} <is n="Atharvaveda">A.</is> {%in sich enthaltend%} <ls>VP. 4,1,12</ls>.	sch	
aYjalipragraha	4-291-b	<hom>1.</hom> {#aYjalipragraha#}¦ <lex>m.</lex> {%das Vorstrecken der hohl aneinander gelegten Hände%}. {#sAYja˚#} <lex>Adj.</lex> = <hom>2.</hom> {#aYjalipragraha#} <ls>R. 7,100,15</ls>.	sch	
aYjalivEBava	2-286-c	{#aYjalivEBava#}¦ <lex>n.</lex> Titel eines Werkes <ls>OPP. Cat. 1</ls>.	sch	
aYjanaparvan	7-292-c	{#aYjanaparvan#}¦ <lex>m.</lex> <ab>N. pr.</ab> eines <is>Rākṣasa</is> <ls>MBH. 7,156,81</ls>. <ls n="MBH. 7,156,">83</ls> <ab>u. s. w.</ab>	sch	
aYjogati	7-292-c	{#aYjogati#}¦ <lex>Adj.</lex> {%geradeaus fliegend%} (Pfeil) <ls>MBH. 7,156,170</ls>. <ls n="MBH. 7,">161,6</ls>. <ls n="MBH.">8,12,34</ls>.	sch	
abADamAna	1-292-a	{#abADamAna#}¦ <lex>Adj.</lex> {%nicht hemmend%} <ls>NAIṢ. 6,54</ls>.	sch	
abAleya	4-294-a	{#abAleya#}¦ <lex>m.</lex> {%kein%} <is>Bāleya</is> <ls>KĀTY. ŚR. 10,2,21</ls> ({#avAleya#}).	sch	
abBogIna	4-294-a	{#*abBogIna#}¦ <lex>Adj.</lex> <ls>MAHĀBH. 5,4,b.</ls>	sch	
abahirBAva	4-294-a	{#abahirBAva#}¦ <lex>m.</lex> {%das Nichtausserhalbsein%} <ls><ab>Comm.</ab> zu KĀTY. ŚR. 9,18</ls>.	sch	
abahis	4-294-a	{#abahis#}¦ <lex>Adv.</lex> {%inwendig, im Herzen%} <ls>BHĀG. P. 3,9,37</ls>.	sch	
abahizkfta	4-294-a	{#abahizkfta#}¦ <lex>Adj.</lex> {%nicht verstossen%} <ls>R. 3,77,17</ls>.	sch	
abahuBAzin	4-294-a	{#abahuBAzin#}¦ <lex>Adj.</lex> {%nicht viel redend%} <ls>ĀŚV. ŚR. 1,12,30</ls>. <ab>Nom. abstr.</ab> {#˚zitA#} <lex>f.</lex> <ls>Spr. 740</ls>.	sch	
abahupAda	1-292-a	{#abahupAda#}¦ <lex>Adj.</lex> {%nicht vielfüssig%} (Sitz) <ls>ĀPAST.</ls>	sch	
abahupatnIka	4-294-a	{#abahupatnIka#}¦ <lex>Adj.</lex> {%nicht viele Frauen habend%} <ls><ab>Comm.</ab> zu KĀTY. ŚR. 9,3,11</ls>.	sch	
abanDudAyAda	4-293-c	{#abanDudAyAda#}¦ <lex>Adj.</lex> {%nicht erbberechtigt%} <ls>MBH. 1,120,32</ls>.	sch	
abdasahasrika	6-295-b	{#abdasahasrika#}¦ <lex>Adj.</lex> (<lex>f.</lex> {#I#}) {%tausend Jahre während%} <ls>MBH. 3,82,95</ls>. {#˚sahasrakI#} fehlerhaft <ls>MBH. 3,5037</ls>.	sch	
abfMhita	4-294-a	{#abfMhita#}¦ <lex>Adj.</lex> {%nicht gefördert%} <ls>BHĀG. P. 6,4,20</ls>.	sch	
abiBrat	1-292-a	{#abiBrat#}¦ <lex>Adj.</lex> {%nicht ernährend%} <ls>MBH. 12,10,22</ls>.	sch	
abilavant	6-295-b	{#abilavant#}¦ <lex>Adj.</lex> {%keinen Ausguss habend%} (Topf) <ls><ab>Comm.</ab> zu ĀPAST. ŚR. 15,14,13</ls>.	sch	
abjaka	1-292-b	{#abjaka#}¦ <lex>n.</lex> {%Lotusblüthe%} <ls>AGNI-P. 29,12</ls>.	sch	
abjanABaka	1-292-b	{#abjanABaka#}¦ <lex>m.</lex> = {#abjanABa#} <ls>AGNI-P. 30,1</ls>.	sch	
abudDaDarma	3-252-c	{#abudDaDarma#}¦ <lex>m.</lex> {%kein%} <is>Buddha</is>-{%thum%} <ls>VAJRACCH. 25,7</ls>.	sch	
abudDija	3-252-c	{#abudDija#}¦ <lex>Adj.</lex> {%unbeabsichtigt%} <ls>MBH. 3,28,28</ls>.	sch	
acAkzuza	2-286-b	{#acAkzuza#}¦ auch {%zum Gesichtssinn nicht in Beziehung stehend%}.	sch	
acAturmAsya	1-283-c	{#acAturmAsya#}¦ <lex>Adj.</lex> {%ohne%} <is>Cāturmāsya</is>-{%Opfer%} <ls>MUṆḌ. UP. 1,2,3</ls>.	sch	
acCAyopaga	1-284-a	{#acCAyopaga#}¦ <lex>Adj.</lex> {%sich nicht in den Schatten begebend%} <ls>ĀPAST.</ls>	sch	
acCadirdarSa	2-286-b	{#acCadirdarSa#}¦ <lex>m.</lex> {%das Nichtsichtbarsein von Dächern%} <ls>ĀPAST. ŚR. 15,20,2</ls>. <ls n="ĀPAST. ŚR. 15,20,">8</ls>. <ls n="ĀPAST. ŚR. 15,">21,3</ls>. <ls n="ĀPAST. ŚR. 15,21,">10</ls>. <ab>Vgl.</ab> <ls>	sch	
acCadman	1-284-a	{#acCadman#}¦ <lex>n.</lex> {%keine Hinterlist%} <ls>MBH. 1,118,13</ls>.	sch	
acCamaRqaka	5-241-a	{#*acCamaRqaka#}¦ <ls>ZACH. Beitr.</ls>	sch	
acCambawkAram	2-286-b	{#a/cCambawkAram#}¦ <ab>Absol.</ab> {%so dass man es nicht fehlen lässt%}.	sch	
acCanda	2-286-b	{#acCanda#}¦ <lex>m.</lex> <ab>Instr.</ab> {%gegen den Willen, — von%} (<ab>Gen.</ab>). <ab>Abl.</ab> {%unwillkührlich%}.	sch	
acCandaskfta	2-286-b	{#acCandaskfta#}¦ <lex>Adj.</lex> {%nicht metrisch%}.	sch	
acCardanIya	2-286-b	{#acCardanIya#}¦ <lex>Adj.</lex> {%den man nicht vomiren lassen darf%} <ls>CARAKA 8,2</ls>.	sch	
acCattraka	1-284-a	{#acCattraka#}¦ <lex>Adj.</lex> {%ohne Sonnenschirm%} <ls>NAIṢ. 9,79</ls>.	sch	
acCidrASvameDa	2-286-c	{#acCidrASvameDa#}¦ <lex>m.</lex> Titel eines Werkes <ls>OPP. Cat. 1</ls>.	sch	
acCidradarSana	2-286-c	{#acCidradarSana#}¦ <lex>Adj.</lex> (<lex>f.</lex> {#A#}) {%vollkommen sichtbar, — deutlich%}.	sch	
acCidrapattra	3-247-b	{#acCidrapattra#}¦ <lex>Adj.</lex> (<lex>f.</lex> {#A#}) {%mit unversehrten Schwingen%} <ls><ab>Comm.</ab> zu ĀPAST. ŚR. 7,8,8</ls>.	sch	
acCidratva	1-284-a	{#a/cCidratva#}¦ <lex>n.</lex> = {#acCidratA#} <ls>MAITR. S. 3,8,7</ls>. <ls n="MAITR. S. 3,">10,4</ls>.	sch	
acCidrayAman	5-241-a	{#a/cCidrayAman#}¦ zu streichen. Es ist verlesen für {#a/KidrayAman#}.	sch	
acCidura	1-284-a	{#acCidura#}¦ <lex>Adj.</lex> {%ununterbrochen%} <ls>NAIṢ. 8,61</ls>.	sch	
acCinnapayas	3-247-b	{#a/cCinnapayas#}¦ <lex>Adj.</lex> {%mit unversieglichem Wasser%} <ls>TBR. 3,7,6,11</ls>.	sch	
acOkzya	2-286-b	{#acOkzya#}¦ <lex>Adj.</lex> {%unrein%}.	sch	
acOra	2-286-b	{#acOra#}¦ <lex>Adj.</lex> (<lex>f.</lex> {#A#}) {%frei von Dieben, — Räubern%}.	sch	
acaNkramaRaSIla	2-286-b	{#acaNkramaRaSIla#}¦ <lex>Adj.</lex> {%umherzugehen nicht gewohnt%}.	sch	
acaYcala	2-286-b	{#acaYcala#}¦ <lex>Adj.</lex> (<lex>f.</lex> {#A#}) {%unbeweglich, nicht wankend%} <ls>SĀH. D. 135</ls>.	sch	
acakita	1-283-c	{#acakita#}¦ <lex>Adj.</lex> {%nicht zitternd, fest%}. Gang <ls>DAŚAK. 45,6</ls>.	sch	
acakzARa	2-286-b	{#acakzARa#}¦ <lex>Adj.</lex> {%nicht sehend, — gewährend%}.	sch	
acakzuzya	2-286-b	{#acakzuzya#}¦ <lex>Adj.</lex> {%der Sehkraft nicht zuträglich, den Augen nicht heilsam%}.	sch	
acaladatta	1-283-c	{#acaladatta#}¦ <lex>m.</lex> <ab>N. pr.</ab> eines Schreibers <ls>MUDRĀR. 69,1 (114,2)</ls>.	sch	
acaleSvara	1-283-c	{#acaleSvara#}¦ <lex>m.</lex> <ab>dass.</ab> <ls>ŚIŚ. 4,64</ls>.	sch	
acalendra	1-283-c	{#acalendra#}¦ <lex>m.</lex> {%der%} <is>Himavant</is> <ls>KIR. 13,18</ls>.	sch	
acandana	1-283-c	{#acandana#}¦ <lex>Adj.</lex> {%ohne Sandel%} <ls>MṚCCH. 161,22</ls>.	sch	
acandrArkagraha	4-291-a	{#acandrArkagraha#}¦ <lex>Adj.</lex> (<lex>f.</lex> {#A#}) {%ohne Mond, Sonne und Planeten%} <ls>HARIV. 3,1,18</ls>.	sch	
acandrasUrya	7-291-d	{#acandrasUrya#}¦ <lex>Adj.</lex> {%wohin weder Mond noch Sonne dringen%} <ls>R. ed. Bomb. 4,50,18</ls>.	sch	
acarizyant	5-241-a	{#acarizyant#}¦ <lex>Adj.</lex> {%der das Gelübde nicht einhalten will%} <ls>GOBH. 3,1,13</ls>.	sch	
acarvayant	2-286-b	{#acarvayant#}¦ <lex>Adj.</lex> {%nicht kauend%}.	sch	
acayana	1-283-c	{#a/cayana#}¦ <lex>n.</lex> {%das Nichtschichten%} <ls>ŚAT. BR. 9,5,2,11</ls>.	sch	
acetita	1-284-a	{#acetita#}¦ <lex>Adj.</lex> 1〉 {%unbeachtet, unberücksichtigt%} <ls>KĀD. 69,15. II,121,9. 140,14</ls>. — 2〉 {%gedankenlos%} <ls>KĀD. 67,9</ls>. {#˚m#} <lex>Adv.</lex> <ls n="KĀD.">13,10</ls>.	sch	
acikitsanIya	3-247-b	{#acikitsanIya#}¦ <lex>Adj.</lex> {%unheilbar%} <ls>MIT.</ls> zu <ls>YĀJÑ. 2,50</ls>.	sch	
acintyaja	3-247-b	{#*acintyaja#}¦ <lex>m.</lex> {%Quecksilber%} <ls>RĀJAN. 13,109</ls>.	sch	
aciraruci	2-286-b	{#aciraruci#}¦ <lex>f.</lex> {%Blitz%} <ls>ŚOBH. 73</ls>.	sch	
acodya	2-286-b	{#acodya#}¦ <lex>Adj.</lex> {%nicht anzutreiben zu%} (<ab>Loc.</ab>).	sch	
acokza	2-286-b	{#acokza#}¦ <lex>Adj.</lex> (<lex>f.</lex> {#A#}) {%unreinlich%}.	sch	
acyutArcana	3-247-b	{#acyutArcana#}¦ <lex>m.</lex> <ab>Bein.</ab> <is>Viṣṇu</is>ʼs <ls>VIṢṆUS. 98,71</ls>. {#na cyutamarcanaM devAsuramanuzyeByo yasya saH#} <ab>Comm.</ab>	sch	
acyutaSataka	7-292-a	{#acyutaSataka#}¦ 2.	sch	
acyutakfzRadIkzita	2-286-c	{#acyutakfzRadIkzita#}¦ <lex>m.</lex> <ab>N. pr.</ab> eines Autors. {#˚tIya#} <lex>n.</lex> Titel seines Werkes <ls>OPP. Cat. 1</ls>.	sch	
acyutakziti	2-286-c	{#acyutakziti#}¦ <lex>f.</lex> {%eine <ab>best.</ab> Personification%} <ls>TAITT. ĀR. 10,67,1</ls>.	sch	
acyutaloka	1-284-a	{#acyutaloka#}¦ <lex>Adj.</lex> {%im Besitz von%} <is>Viṣṇu</is>ʼs {%Welt%}. <ab>Nom. abstr.</ab> {#˚tA#} <lex>f.</lex> <ls>AGNI-P. 38,3</ls>. <ls n="AGNI-P. 38,">47</ls>.	sch	
acyutaprekza	6-293-a	{#acyutaprekza#}¦ <lex>m.</lex> <ab>N. pr.</ab> eines Lehrers <ls>M. MÜLLER, Ren. 360, <ab>N.</ab> 3</ls>.	sch	
acyutarAjAByudaya	2-286-c	{#acyutarAjAByudaya#} <lex>m.</lex> und {#acyutaSataka#} <lex>n.</lex>¦ Titel von Werken <ls>OPP. Cat. 1</ls>.	sch	
adAByatva	1-285-c	{#adAByatva/#}¦.	sch	
adAmBika	1-285-c	{#adAmBika#}¦ <lex>Adj.</lex> {%nicht heuchelnd%} <ls>ĀPAST.</ls>	sch	
adAmBola	1-285-c	{#adAmBola#}¦ <lex>Adj.</lex> {%nicht von%} <is>Indra</is>ʼs {%Donnerkeilherrührend%} <ls>BĀLAR. 53,19</ls>.	sch	
adAsI	6-294-a	{#adAsI#}¦ <lex>f.</lex> {%keine Sclavin%} <ls>MBH. 1,34,19</ls>.	sch	
adAsyant	3-248-b	{#a/dAsyant#}¦ <lex>Adj.</lex> {%nicht zu geben beabsichtigend%} <ls>AV. 6,71,3</ls>. <ls n="AV. 6,">119,1</ls>.	sch	
adAyAd	7-385-b	{#a/dAyAd#}¦ <ls>MAITR. S. 4,6,4 (85,2)</ls>. Zu lesen {#strya^dAyAdA^Ta#} oder {#strya^dAyAdya^Ta#}.	sch	
adButAkAra	3-248-c	{#adButAkAra#}¦ <lex>Adj.</lex> {%wunderbar gestaltet%} <ls>MBH. 3,27,29</ls>.	sch	
adButakara	1-286-a	{#adButakara#}¦ <lex>Adj.</lex> (<lex>f.</lex> {#I#}) {%in Staunen versetzend%} <ls>NAIṢ. 4,55</ls>.	sch	
adButasiMha	6-294-a	{#adButasiMha#}¦ <lex>m.</lex> {%Wunderlöwe%} (<is>Viṣṇu</is>) <ls>BHĀG. P. 7,10,9</ls>.	sch	
adButotpAtaprAyaScitta	7-295-c	{#adButotpAtaprAyaScitta#}¦ <lex>n.</lex> {%eine Sühne bei wunderbaren und Unglück verheissenden Erscheinungen%} <ls>HAR.</ls> zu <ls>ĀPAST. GṚHY. 23,8</ls>.	sch	
adESika	3-248-c	{#adESika#}¦ <lex>Adj.</lex> {%wo es keinen Wegweiser giebt%} <ls>MBH. 12,329,34</ls>.	sch	
adIkzitavAda	4-291-c	{#adIkzitavAda#}¦ <lex>m.</lex> {%ein einem Geweihten verbotener Ausspruch%} <ls>ĀPAST. ŚR. 10,18,2</ls>.	sch	
adInaga	3-248-b	{#adInaga#}¦ <lex>Adj.</lex> {%wohlgemuth%} <ls>HARIV. 15843</ls>. <ls n="HARIV.">15916</ls>.	sch	
adIptimant	2-288-a	{#adIptimant#}¦ <lex>Adj.</lex> {%nicht leuchtend, — strahlend%} <ls>SŪRYAS. 7,20</ls>.	sch	
adIrGaboDa	3-248-b	{#adIrGaboDa#}¦ <lex>Adj.</lex> {%von kurzem Verstande%} <ls>BHĀG. P. 10,81,37</ls>.	sch	
adIvyant	3-248-b	{#a/dIvyant#}¦ <lex>Adj.</lex> {%nicht würfelnd%} <ls>AV. 6,119,1</ls>.	sch	
adUrabAnDava	3-248-c	{#adUrabAnDava#} und {#adUre˚#}¦ <lex>m.</lex> {%ein naher Verwandter%} <ls>VASIṢṬHA 15,6</ls>.	sch	
adUzaka	3-248-c	{#adUzaka#}¦ <lex>Adj.</lex> 1〉 {%Niemand zu nahe tretend%} <ls>MBH. 4,68,65</ls>. — 2〉 {%nicht mit einer Sünde belastend, nicht sündhaft%} <ls>MBH. 12,34,29</ls>.	sch	
adUzya	3-248-c	{#adUzya#}¦ <lex>Adj.</lex> {%keinen Tadel verdienend, tadellos, makellos%} <ls>MBH. 12,165,32</ls>. <ls>R. 1,59,20</ls>.	sch	
adaMzwrin	7-385-a	{#adaMzwrin#}¦ <lex>Adj.</lex> {%keine Hauzähne habend%} <ls>M. 5,29</ls>.	sch	
adadat	3-248-b	{#a/dadat#}¦ <ls>AV. 12,4,20</ls>. <ls n="AV. 12,4,">26</ls>. <ls n="AV. 12,4,">34</ls>.	sch	
adadivaMs	3-248-b	{#a/dadivaMs#}¦ <lex>Adj.</lex> {%nicht schenkend%} <ls>AV. 12,4,89</ls>.	sch	
adamBin	2-288-a	{#adamBin#}¦ <lex>Adj.</lex> {%aufrichtig, ehrlich%} <ls>Spr. 7353</ls>. <ab>Nom. abstr.</ab> {#˚mBitva#} <lex>n.</lex>	sch	
adanI	6-294-a	{#adanI#}¦ <lex>Adv.</lex> mit {#kar#} {%zur Speise von%} (im <ab>Comp.</ab> vorangehend) {%machen%} <ls>MBH. 5,82,47</ls>.	sch	
adaraRIya	2-288-a	{#adaraRIya#}¦ <lex>Adj.</lex> {%nicht zu spalten%}.	sch	
adarpa	7-385-b	{#adarpa#}¦ <lex>Adj.</lex> {%ohne Stolz%} <ls>MĀLATĪM. (ed. Bomb.) 191,1</ls>.	sch	
adeSajYa	3-248-c	{#adeSajYa#}¦ <lex>Adj.</lex> {%ortsunkundig%} <ls>MAHĀVĪRAC. 52,9</ls>.	sch	
adeSakAlajYa	2-288-a	{#adeSakAlajYa#}¦ <lex>Adj.</lex> {%weder dem Orte noch der Zeit entsprechend%} <ls>Spr. 198</ls>.	sch	
adehaBeda	4-291-c	{#adehaBeda#}¦ <lex>m.</lex> {%kein Wechseln des Körpers%} <ls>KATHĀS. 25,266</ls>.	sch	
adehabanDa	4-291-c	{#adehabanDa#}¦ <lex>m.</lex> {%das Nichtannehmen eines%} (neuen) {%Körpers%} <ls>RAGH. 18,6</ls>.	sch	
adevadeha	1-285-c	{#adevadeha#}¦ <lex>Adj.</lex> {%nicht den Leib eines Gottes habend menschlich gestaltet%} <ls>NAIṢ. 6,94</ls>.	sch	
adevajuzwa	3-248-c	{#adevajuzwa#}¦ <lex>Adj.</lex> {%den Göttern nicht angenehm%} <ls>AIT. BR. 2,5,9</ls>.	sch	
adfQaBaktika	1-285-c	{#adfQaBaktika#}¦ <lex>Adj.</lex> {%nicht anhänglich%} <ls>MBH. 5,37,37</ls>.	sch	
adfSyatA	1-285-c	{#adfSyatA#} <lex>f.</lex> und {#adfSyatva#} <lex>n.</lex>¦ {%Unsichtbarkeit%} <ls>DAŚAK. 11,4</ls>. <ls n="DAŚAK.">5,10</ls>. <ls>BĀDAR. 1,2,21</ls>.	sch	
adfggocara	3-248-c	{#adfggocara#}¦ <lex>Adj.</lex> {%nicht im Bereich der Augen befindlich%} <ls>CAURAP. (A.) 25</ls>.	sch	
adfzwacara	2-288-a	{#adfzwacara#}¦ <lex>Adj.</lex> (<lex>f.</lex> {#A#}) {%früher nicht gesehen%}. <ab>Nom. abstr.</ab> {#˚tva#} <lex>n.</lex>	sch	
adfzwarajas	5-241-c	{#adfzwarajas#}¦ <lex>Adj.</lex> <lex>f.</lex> auch {%die Regeln nicht habend%} <ls>HALĀY. 2,329</ls>.	sch	
adfzwodBUti	7-295-b	{#adfzwodBUti#}¦ <lex>f.</lex> {%das Entstehen der unsichtbaren Kraft der Werke%} <ls>SĀṂKHYAS. 6,65</ls>.	sch	
adipsant	3-248-b	{#a/dipsant#}¦ <lex>Adj.</lex> {%Niemand Etwas anhaben wollend%} <ls>AV. 4,36,1</ls>.	sch	
aditikuRqalAharaRanAwaka	1-285-c	{#aditikuRqalAharaRanAwaka#}¦ <lex>n.</lex> Titel eines {%Schauspiels%} <ls>BÜHLER, Rep. No. 104</ls>.	sch	
aditisuta	7-385-b	{#aditisuta#}¦ <lex>m.</lex> {%ein Gott%} <ls>CAṆḌĪŚ. 54</ls>.	sch	
aditsA	2-288-a	{#aditsA#}¦ <lex>f.</lex> {%das Nichtgebenwollen%} <ls>HEM. PAR. 5,10</ls>.	sch	
aditsant	7-295-b	{#a/ditsant#}¦ I. 3.	pwg	
adogDar	3-248-c	{#adogDar#}¦ <ab>Nom. ag.</ab> {%nicht ausbeutend, keinen Nutzen ziehend aus, sich nicht kümmernd um%} (<ab>Acc.</ab>) <ls>BHĀG. P. 3,29,32</ls>.	sch	
adozajYa	3-248-c	{#adozajYa#}¦ <lex>Adj.</lex> {%nicht wissend, was Fehler sind,%} <ls>Spr. 7071</ls>.	sch	
adozatA	1-286-a	{#adozatA#}¦, lies {%das Nichtfehlersein%}. In der angegebenen <ab>Bed.</ab> <ls>NAIṢ. 3,97</ls>.	sch	
adozin	3-248-c	{#adozin#}¦ <lex>Adj.</lex> {%nicht unrein —, nicht befleckt werdend%} <ls>MĀRK. P. 35,21</ls>.	sch	
adravyArTa	1-286-a	{#adravyArTa#} und {#˚ka#}¦ <lex>Adj.</lex> {%keine Substanz bezeichnend%} <ab>Sch.</ab> zu <ls>P. 1,4,57</ls>. <ls n="P. 1,4,">58</ls>.	sch	
adrijatu	1-286-a	{#adrijatu#}¦ <ls>CARAKA 6,19</ls>.	sch	
adrutAlI	1-286-a	{#adrutAlI#}¦ <lex>f.</lex> {%ein <ab>best.</ab> Tact%} <ls>S. S. S. 213</ls>.	sch	
aduHKArha	3-248-c	{#aduHKArha#}¦ <lex>Adj.</lex> {%kein Leid verdienend%} <ls>MBH. 3,27,6</ls>. <ls n="MBH. 3,27,">20</ls>. <ls n="MBH. 3,27,">27</ls>. <ls n="MBH. 3,27,">34</ls>.	sch	
aduHKin	1-285-c	{#aduHKin#}¦ <lex>Adj.</lex> {%kein Leid empfindend, nicht unglücklich%}. <ab>Nom. abstr.</ab> {#˚tva#} <lex>n.</lex> <ls>HEMĀDRI 1,151,22</ls>.	sch	
aduHspfzwa	1-285-c	{#aduHspfzwa#}¦ <lex>Adj.</lex> {%nicht falsch articulirt%} <ls>SAṂHITOPAN. 9,3</ls>. <ls n="SAṂHITOPAN. 9,">6</ls>.	sch	
adunvant	5-241-c	{#adunvant#}¦ <lex>Adj.</lex> {%keine Gewissensbisse empfindend, leichten Herzens%} <ls>HEM. PAR. 1,185</ls>.	sch	
advEDya	3-248-c	{#advEDya#}¦ <lex>Adj.</lex> <ls>KĀM. NĪTIS. 4,67</ls>. <ls n="KĀM. NĪTIS. 4,">68</ls>. <ls n="KĀM. NĪTIS. 4,">70</ls> fehlerhaft für {#advEDa#}.	sch	
advEtadIpikAsAkziviveka	2-288-a	{#advEtadIpikAsAkziviveka#} <lex>m.</lex>, {#advEtanirRaya#} <lex>m.</lex>, {#advEtapaYcapadI#} <lex>f.</lex>, {#advEtapaYcaratna#} <lex>n.</lex>, {#advEtapariBAzA#} <lex>f.</lex>, {#advEtabahizkAra#} <lex>m.</lex>, {#ad	sch	
adva	4-291-c	{#adva#}¦, {#advayos#} <ab>Loc.</ab> <ab>Du.</ab> {%nicht in den zwei Geschlechtern,%} <ab>d. i.</ab> {%im Neutrum%} <ls>TRIK. 1,2,9</ls>.	sch	
advezwar	3-248-c	{#advezwar#}¦ <ab>Nom. ag.</ab> {%nicht hassend, wohlwollend gegen%} (<ab>Gen.</ab>) <ls>BHAG. 12,13</ls>.	sch	
advizant	3-248-c	{#advizant#}¦ <lex>Adj.</lex> {%Niemand hassend%} <ls>MBH. 2,54,2</ls>.	sch	
agADabudDi	2-285-c	{#agADabudDi#}¦ <lex>Adj.</lex> {%von tiefem Verstande%} <ls>MBH. 3,4,1</ls>.	sch	
agArdaBaraTika	2-285-c	{#*agArdaBaraTika#}¦ <lex>Adj.</lex> {%nicht für einen von Eseln gezogenen Wagen geeignet%}.	sch	
agOpavana	1-283-a	{#agOpavana#}¦ <lex>m.</lex> {%kein%} <is>Gaupavana</is> <ls>KĀTY. ŚR. 10,2,21</ls>.	sch	
agaRayant	1-282-c	{#agaRayant#}¦ <lex>Adj.</lex> {%nicht achtend auf%} (<ab>Acc.</ab>) <ls>R. 4,10,4</ls>.	sch	
agastikusuma	5-240-b	{#agastikusuma#}¦ <lex>m.</lex> {%die Blüthe von <bot>Agati grandiflora</bot>%} (der Sonne geweiht) <ls>BHAVIṢYAP. 92,b.</ls> <ls n="BHAVIṢYAP.">119,b.</ls> [Page5-240-c] <ls n="BHAVIṢYAP.">137,b.</ls>	sch	
agastyASrama	1-283-a	{#agastyASrama#}¦ <lex>m.</lex> <ab>N. pr.</ab> eines <is>Tīrtha</is> <ls>VIṢṆUS. 85,29</ls>.	sch	
agastyagfhapatika	3-247-a	{#agastyagfhapatika#}¦ <lex>Adj.</lex> <is>Agastya</is> {%zum Hausvater habend%} <ls>ĀPAST. ŚR. 23,11</ls>.	sch	
agastyaniGaRwu	2-285-c	{#agastyaniGaRwu#} und {#agastyasaMpAta#}¦ <lex>m.</lex> Titel zweier Werke <ls>OPP. Cat. 1</ls>.	sch	
agastyasaMpAta	7-290-c	{#agastyasaMpAta#}¦ 2.	sch	
agastyavawa	3-247-a	{#agastyavawa#}¦ <lex>m.</lex> <ab>N. pr.</ab> eines Wallfahrtsortes <ls>MBH. 1,215,2</ls>.	sch	
agatArTa	2-285-c	{#agatArTa#}¦ <lex>Adj.</lex> {%dessen Sinn man nicht verstanden hat%} <ls>SĀH. D. 289</ls>.	sch	
agataSrI	2-285-c	{#agataSrI#}¦ <lex>Adj.</lex> {%nicht auf der Höhe des Glücks stehend%}.	sch	
agfDnu	2-285-c	{#agfDnu#}¦ <lex>Adj.</lex> {%nicht gierig, — habsüchtig%}.	sch	
agfhRant	2-285-c	{#agfhRant#}¦ <lex>Adj.</lex> {%nicht fassend%} (von einem Blutegel) 〔217,32〕.	sch	
agfhapati	1-283-a	{#*agfhapati#} und {#*˚ka#}¦ <is>gaṇa</is> {#cArvAdi#}.	sch	
agfhyamARakAraRa	7-290-d	{#agfhyamARakAraRa#}¦ I. 1.	pwg	
agfhyamAnakAraRa	1-283-a	{#agfhyamAnakAraRa#}¦ (!), {#Aryasamaya#} <ls>ĀPAST.</ls>	sch	
agiriBid	4-291-a	{#agiriBid#}¦ <lex>Adj.</lex> {%keine Berge durchbrechend%} <ls><ab>Comm.</ab> zu ĀPAST. ŚR. 11,20,6</ls>.	sch	
aglAsnu	1-283-b	{#aglAsnu#}¦ auch {%unverdrossen%} <ls>ĀPAST. 1,3,22</ls>.	sch	
agniBaya	4-291-a	{#agniBaya#}¦ <lex>n.</lex> {%Feuersgefahr%} <ls>GOBH. 4,7,23</ls>. <ls>MBH. 2,5,123</ls>.	sch	
agnidEva	1-283-a	{#agnidEva#}¦ <lex>Adj.</lex> <is>Agni</is> {%zur Gottheit habend%}. {#Ba#} {%das Mondhaus%} <is>Kṛttikā</is> <ls>HEMĀDRI 1,792,18</ls>.	sch	
agnihotraprAyaScitta	2-286-a	{#agnihotraprAyaScitta#}¦ <lex>n.</lex> Titel eines Werkes <ls>OPP. Cat. 1</ls>.	sch	
agnijananaviDi	2-286-a	{#agnijananaviDi#}¦ <lex>m.</lex> Titel eines Werkes <ls><ab>ebend.</ab></ls>	sch	
agnipUjA	1-283-a	{#agnipUjA#}¦ <lex>f.</lex> {%Verehrung des Feuers%} <ls>ĀPAST.</ls>	sch	
agnipUta	5-240-c	{#agnipUta#}¦ <lex>Adj.</lex> {%durch Feuer gereinigt%} <ls>Ind. St. 9,115</ls>.	sch	
agnipiRqa	3-247-a	{#agnipiRqa#}¦ <lex>Adj.</lex> {%mit glühenden Knöpfchen versehen%} (Zange) <ls>BHĀG. P. 5,26,19</ls>.	sch	
agnitanU	3-247-a	{#agnitanU#}¦ <lex>f.</lex> <ab>Pl.</ab> <ab>Bez.</ab> {%bestimmter Sprüche%} <ls>ĀPAST. ŚR. 5,13,7</ls>.	sch	
agnizwomayAgaviDi	2-286-a	{#agnizwomayAgaviDi#}¦ <lex>m.</lex> Titel eines Werkes <ls>OPP. Cat. 1</ls>.	sch	
agnyavaBfTa	4-291-a	{#agnyavaBfTa#}¦ <lex>m.</lex> {%ein Reinigungsbad mit Anwendung von Feuer%} <is>Bhāradvāja</is> im <ls><ab>Comm.</ab> zu ĀPAST. ŚR. 9,11,21</ls>. = {#avaBfTaDarmeRAgniBirdahanam#} <ab>Comm.</ab>	sch	
agnyupasaminDana	4-291-a	{#agnyupasaminDana#}¦ <lex>m.</lex> {%ein beim Anzünden des Feuers gesprochener Spruch%} <ls>ĀPAST. ŚR. 6,13,10</ls>.	sch	
agoarGa	2-286-a	{#a/goarGa#}¦ <lex>Adj.</lex> {%kein Rind werth%} <ls>TS. 6,1,10,1</ls>.	sch	
agopAla	2-286-a	<hom>1.</hom> {#agopAla#}¦ <lex>m.</lex> {%kein Hirt, ein fehlender Hirt%} 〔238,4〕.	sch	
agopa	1-283-a	<hom>1.</hom> {#*agopa#}¦ <lex>m.</lex> {%kein Kuhhirt%} <ls>P. 2,2,14</ls>, <ab>Sch.</ab>	sch	
agorasa	1-283-a	{#agorasa#}¦ <lex>Adj.</lex> {%ohne Milch%} <ls>HEMĀDRI 1,639,14</ls>.	sch	
agotracaraRa	1-283-a	{#agotracaraRa#}¦ <lex>Adj.</lex> {%ohne Geschlechter und Schulen%} <ls>AGNI-P. 1,18</ls>.	sch	
agozpada	2-286-a	{#*agozpada#}¦ <lex>Adj.</lex> {%nicht von Rindern besucht%}.	sch	
agrAmyakanda	2-286-a	{#*agrAmyakanda#}¦ <lex>m.</lex> {%ein <ab>best.</ab> Zwiebelgewächs%}.	sch	
agrAmyatva	2-286-a	{#agrAmyatva#}¦ <lex>n.</lex> {%Urbanität%} <ls>VĀMANA 3,2,12</ls>.	sch	
agraBogin	2-286-a	{#agraBogin#}¦ <lex>Adj.</lex> {%das Beste geniessend%} <ls><ab>ebend.</ab></ls>	sch	
agraBojana	1-283-b	{#*agraBojana#}¦ <lex>n.</lex> {%der erste Bissen%} <ls>P. 4,4,66</ls>, <ab>Sch.</ab>	sch	Y
agradAtar	2-286-a	{#agradAtar#}¦ <ab>Nom. ag.</ab> {%das Beste%} oder {%die Erstlingsbissen%} (den Göttern) {%reichend%} <ls>MBH. 13,98,63</ls>.	sch	
agragatvara	5-240-c	{#agragatvara#}¦ <lex>Adj.</lex> {%vorangehend%} <ls>BRAHMA-P. UTTARAKH. 18</ls>.	sch	
agrahoma	1-283-b	{#agrahoma#}¦ <lex>m.</lex> {%eine <ab>best.</ab> Spende%} <ls>HEMĀDRI 1,195,8</ls>.	sch	
agrataHsTa	3-247-a	{#agrataHsTa#}¦ <lex>Adj.</lex> (<lex>f.</lex> {#A#}) {%davor stehend%} <ls>VIṢṆUS. 99,7</ls>.	sch	
agratoraTa	5-240-c	{#agratoraTa#}¦ <lex>Adj.</lex> {%dessen Wagen andern vorangeht%} <ls>SĀY.</ls> zu <ls>ṚV. 10,39,11</ls>.	sch	
agravakra	5-240-c	{#agravakra#}¦ <lex>n.</lex> = {#agravaktra#}.	sch	
agresarI	5-240-c	{#agresarI#}¦ mit {#BU#} {%an die Spitze kommen%} <ls>NĀGĀN. 112</ls> (<ls n="NĀGĀN.">113</ls>).	sch	
agryamahizI	4-291-a	{#agryamahizI#}¦ <lex>f.</lex> = {#agramahizI#} <ls>KATHĀS. 30,65</ls>.	sch	
aguRavant	2-285-c	{#aguRavant#}¦ auch {%ohne Vorzüge, schlecht, böse%} <ls>Spr. 2122</ls>.	sch	
aguRyatA	5-240-c	{#aguRyatA#}¦ <lex>f.</lex> <ls>ŚIŚ. 16,6</ls> fehlerhaft für {#agaRyatA#}.	sch	
aguYjin	1-283-a	{#aguYjin#}¦ <lex>Adj.</lex> {%keinen brummenden Laut von sich gebend%} <ls>BĀLAR. 151,5</ls>.	sch	
agurugavI	2-285-c	{#agurugavI#}¦ <lex>f.</lex> {%nicht eine Kuh des Lehrers%} <ls>ĀŚV. GṚHY. 2,10,8</ls>.	sch	
aguruka	1-283-a	{#aguruka#}¦ <lex>n.</lex> = {#aguru#} 2〉a〉 <ls>HEMĀDRI 1,423,13</ls>.	sch	
agurutalpa	1-283-a	{#agurutalpa#}¦ <lex>n.</lex> {%kein Ehebruch mit der Frau eines Lehrers%} <ls>ĀPAST.</ls>	sch	
ahAhA	7-316-a	{#ahAhA#}¦ <lex>m.</lex> <ab>N. pr.</ab> eines <is>Gandharva</is> <ls>ŚĀṄKH. ŚR. 4,10,1</ls>. <ab>Vgl.</ab> {#hAhA#}.	sch	
ahApayant	6-297-c	{#ahApayant#}¦ <lex>Adj.</lex> {%es nicht fehlen lassend an%} (<ab>Acc.</ab>) <ls>Spr. 1003</ls>. {#kAlam#} so <ab>v. a.</ab> {%keine Zeit verlierend, nicht säumend%} <ls>KĀM. NĪTIS. 5,64</ls>.	sch	
ahInArTam	7-316-b	{#ahInArTam#}¦ <lex>Adv.</lex> {%so dass Jmd nicht zu kurz kommt, zum Frommen%} <ls>R. ed. Bomb. 2,22,9</ls>.	sch	
ahIqamAna	6-297-c	{#a/hIqamAna#}¦ <lex>Adj.</lex> {%nicht ärgerlich seiend%} ({#ma/nas#}) <ls>ŚAT. BR. 6,3,3,20</ls>.	sch	
ahIramaRI	5-248-b	{#ahIramaRI#}¦ <lex>f.</lex> {%eine zweiköpfige Schlange%} <ls>HARṢAC. (1936) 481,21</ls>. <ab>Vgl.</ab> {#ahIraRi#}.	sch	
ahaMpadArTa	7-316-a	{#ahaMpadArTa#}¦ <lex>m.</lex> {%das Ich%} <ls>MAHĀDEVA</ls> zu <ls>SĀṂKHYAS. 1,138</ls>.	sch	
ahamarTa	7-316-a	{#ahamarTa#}¦ <lex>m.</lex> {%das Ich%} <ls>YOGAVĀS.</ls> in <ls>SĀṂKHYAPR. 51,11</ls>.	sch	
ahastABaraRopeta	6-297-c	{#ahastABaraRopeta#}¦ <lex>Adj.</lex> {%nicht mit einem Handschmuck versehen%} <ls>R. 1,6,9</ls>.	sch	
aheli	1-296-c	{#aheli#}¦ <lex>m.</lex> {%etwas Anderes als die Sonne%} <ls>NAIṢ. 3,80</ls>.	sch	
ahfzwa	1-296-c	{#ahfzwa#}¦ <lex>Adj.</lex> {%betrübt%} <ls>NAIṢ. 5,124</ls>.	sch	
ahinirlvayanI	5-248-b	{#ahinirlvayanI/#}¦ <ls>ŚAT. BR. 14,7,2,10</ls> fehlerhaft für {#ahinirvlayanI/#}.	sch	
ahirbuDnyasaMhitA	2-293-a	{#ahirbuDnyasaMhitA#} <lex>f.</lex> und {#ahIna#}¦ Titel zweier Werke <ls>OPP. Cat. 1</ls>.	sch	
ahitEzin	7-316-a	{#ahitEzin#}¦ <lex>Adj.</lex> {%übelwollend%} <ls>JĀTAKAM. 21</ls>. <ls n="JĀTAKAM.">23</ls>.	sch	
ahomaka	1-296-c	{#ahomaka#}¦ <lex>Adj.</lex> {%ohne Spende%} <ls><ab>Comm.</ab> zu GOBH. 1,9,27</ls> (<ls>KARMAPR. 9,7</ls>). <ab>Nom. abstr.</ab> {#˚tva#} <lex>n.</lex> <ls><ab>ebend.</ab></ls>	sch	
ahotavya	1-296-c	{#ahotavya^#}¦ <lex>Adj.</lex> {%nicht zu opfern%} <ls>MAITR. S. 1,6,10</ls>. <ls n="MAITR. S. 1,">8,7</ls>.	sch	
ahrItamuKa	5-248-b	{#ahrItamuKa#}¦ <lex>Adj.</lex> (<lex>f.</lex> {#I#}) {%schamlosen Antlitzes, schamlos%} <ls>ĀPAST. ŚR. 13,15,11</ls>.	sch	
ajApAla	1-284-a	{#ajApAla#}¦ <lex>m.</lex> <ab>N. pr.</ab> eines Fürsten <ls>HEMĀDRI 1,717,12</ls>.	sch	
ajAtaguRa	1-284-a	{#ajAtaguRa#}¦ <lex>Adj.</lex> {%nicht wieder hergestellt%} <ls>Ind. St. 15,305</ls>.	sch	
ajAtarajas	5-241-a	{#ajAtarajas#}¦ <lex>Adj.</lex> {%noch blüthenstaublos%} und zugleich {%noch nicht menstruirend%} <ls>Spr. 378</ls>.	sch	
ajImUtavarzin	7-385-a	{#a/jImUtavarzin#}¦ <lex>Adj.</lex> {%nicht aus einer%} (vorübergehenden) {%Gewitterwolke Regen entsendend%} <ls>MAITR. S. 4,8,8 (117,2)</ls>.	sch	
ajIrRAmftamaYjarI	2-286-c	{#ajIrRAmftamaYjarI#}¦ <lex>f.</lex> Titel eines Werkes <ls>OPP. Cat. 1</ls>.	sch	
ajIryant	2-286-c	{#ajIryant#}¦ <lex>Adj.</lex> {%nicht alternd%} <ls>KAṬHOP. 1,28</ls>.	sch	
ajIryatA	7-385-a	{#ajIryatA#}¦ <lex>f.</lex> {%Unzerstörbarkeit%} <ls>KAṬHOP. 1,28</ls>.	sch	
ajYAtalipsam	5-241-a	{#ajYAtalipsam#}¦ <lex>Adv.</lex> {%mit unbekanntem Begehren,%} so <ab>v. a.</ab> {%nicht um eine bestimmte Gabe bittend%} <ls>MBH. 12,9987</ls>. {#˚lipsAm#} <ls>ed. Bomb. 12,278,20</ls>.	sch	
ajYAtar	1-284-a	{#ajYAtar#}¦ <ab>Nom. ag.</ab> {%Etwas nicht wissend%} <ls>NAIṢ. 6,91</ls>.	sch	
ajYeyatva	2-286-c	{#ajYeyatva#}¦ <lex>n.</lex> {%Unerkennbarkeit, Unfassbarkeit%}.	sch	
ajaNGAla	2-286-c	{#ajaNGAla#}¦ <lex>Adj.</lex> {%ungewandt auf den Füssen%}. <ab>Nom. abstr.</ab> {#˚tva#} <lex>n.</lex>	sch	
ajaNgama	1-284-a	{#ajaNgama#}¦ <lex>Adj.</lex> {%unbeweglich%} <ls>HEMĀDRI 1,368,15</ls>.	sch	
ajaWara	2-286-c	{#ajaWara#}¦ <lex>Adj.</lex> {%zart%} <ab>Nom. abstr.</ab> {#˚tva#} <lex>n.</lex>	sch	
ajagDapApman	2-286-c	{#a/jagDapApman#}¦ <lex>Adj.</lex> {%dessen Sünde nicht verzehrt ist%} <ls>AV. 9,6,26</ls>.	sch	
ajagat	2-286-c	{#ajagat#}¦ <lex>Adj.</lex> {%unbeweglich%} <ls>MBH. 12,329,40</ls>.	sch	
ajajYivaMs	7-292-b	{#ajajYivaMs#}¦ <lex>Adj.</lex> {%nicht bemerkt habend%} <ls>R. ed. Bomb. 2,14,45</ls>.	sch	
ajakranda	1-284-a	{#*ajakranda#}¦ <lex>m.</lex> <ab>Pl.</ab> <ab>N. pr.</ab> einer Völkerschaft <ls>KĀŚ.</ls> zu <ls>P. 4,2,125</ls>.	sch	
ajalpant	2-286-c	{#ajalpant#}¦ <lex>Adj.</lex> {%nicht sagend%} 〔129,10〕.	sch	
ajamaTana	4-291-a	{#ajamaTana#}¦ <lex>Adj.</lex> als <ab>Beiw.</ab> <is>Śiva</is>ʼs <ls>HARIV. 3,86,28</ls> nach <ls>NĪLAK.</ls> = {#brahmaSirohartar#}.	sch	
ajanASam	1-284-a	{#*ajanASam#}¦ <ab>Absol.</ab> {%wie eine Ziege verloren geht%} <ls>P. 3,3,45</ls>, <ab>Sch.</ab>	sch	
ajanAgrIya	1-284-a	{#ajanAgrIya#}¦ <lex>Adj.</lex> {%nicht den Blicken der Leute ausgesetzt%} <ls>ŚĀṄKH. GṚHY. 6,2</ls>.	sch	
ajanavAdaSIla	1-284-a	{#ajanavAdaSIla#}¦ <lex>Adj.</lex> {%nicht dem Geklatsch ergeben%} <ls>ĀPAST.</ls>	sch	
ajanmanASa	3-247-b	{#ajanmanASa#}¦ <lex>Adj.</lex> {%nicht entstehend und nicht vergehend%} <ls>VP. 4,1,26</ls>.	sch	
ajaqapramAtfsidDi	1-284-a	{#ajaqapramAtfsidDi#}¦ <lex>f.</lex> Titel eines Werkes <ls>BÜHLER, Rep. No. 433</ls>.	sch	
ajarAjarizRu	5-241-a	{#ajarAjarizRu#}¦ <lex>Adj.</lex> {%durch Alter nicht hinfällig werdend%} <ls>KHILA 6</ls> zu <ls>ṚV. 10,151</ls>.	sch	
ajarAmarI	7-292-b	{#ajarAmarI#}¦ <lex>Adv.</lex> mit {#kar#} {%Jmd%} (<ab>Acc.</ab>) {%ewige Jugend und Unsterblichkeit verleihen%} <ls>SUBHĀṢITĀV. 3509</ls>.	sch	
ajavfza	2-286-c	{#ajavfza#}¦ <lex>m.</lex> {%Ziegenbock%}.	sch	
ajigIza	2-286-c	{#ajigIza#}¦ <lex>Adj.</lex> {%frei von Ehrgeiz%} <ls>KATHĀS. 15,7</ls>.	sch	
ajihmaSaWa	2-286-c	{#ajihmaSaWa#}¦ <lex>Adj.</lex> {%nicht unehrlich und nicht heimtückisch%} <ls>MBH. 2,59,11</ls>.	sch	
ajihmacArin	2-286-c	{#ajihmacArin#}¦ <lex>Adj.</lex> {%ehrlich zu Werke gehend%} <ls>MBH. 5,128,5</ls>.	sch	
ajijYAsya	2-286-c	{#ajijYAsya#}¦ <lex>Adj.</lex> {%nicht zu untersuchen%}. <ab>Nom. abstr.</ab> {#˚tva#} <lex>n.</lex>	sch	
ajinavAsas	3-247-b	{#ajinavAsas#}¦ <lex>Adj.</lex> {%in ein Fell gekleidet%} <ls>MBH. 3,27,7</ls>.	sch	
ajitadevAcArya	3-247-b	{#ajitadevAcArya#}¦ <lex>m.</lex> <ab>N. pr.</ab> eines Gelehrten <ls>GAṆAR. 175,16</ls>.	sch	
ajitamanas	2-286-c	{#ajitamanas#}¦ <lex>Adj.</lex> {%der sein Herz, seine Gelüste nicht besiegt hat%} <ls>KĀṬH. 10,10</ls>.	sch	
ajitendriyamiSra	3-247-b	{#ajitendriyamiSra#}¦ <lex>m.</lex> <ab>N. pr.</ab> eines Lehrers <ls>KAUTUKAR.</ls>	sch	
ajugupsa	2-286-c	{#ajugupsa#}¦ <lex>Adj.</lex> = {#˚gupsu#} <ls>MBH. 13,61,14</ls>.	sch	
ajyAyaMs	1-284-a	{#a/jyAyaMs#}¦ <lex>Adj.</lex> {%nicht grösser als%} (<ab>Abl.</ab>) <ls>TBR. 3,7,5,6</ls>.	sch	
akAYcana	1-282-a	{#akAYcana#}¦ <lex>Adj.</lex> {%ohne Gold, — Goldschmuck%} <ls>NAIṢ. 9,23</ls>.	sch	
akAku	5-240-b	{#akAku#}¦ <lex>Adj.</lex> {%unverändert%} von der Stimme <ls>ŚIŚ. 11,1</ls>.	sch	
akAlaniyama	2-285-a	{#akAlaniyama#}¦ <lex>m.</lex> {%keine Beschränkung in Bezug auf Zeit%} <ls>GAUT. 15,5</ls>.	sch	
akAlasaMyamam	2-285-a	{#akAlasaMyamam#}¦ <lex>Adv.</lex> {%ohne sich an eine Zeit zu binden%} <ls>VP. 2,13,45</ls>.	sch	
akAmAtman	6-292-a	{#akAmAtman#}¦ <lex>Adj.</lex> {%frei von Wünschen%} <ls>VASIṢṬHA 1,6</ls>.	sch	
akAmavikriya	5-240-b	{#akAmavikriya#}¦ <lex>Adj.</lex> {%keine Liebesregung empfindend%} <ls>HEM. PAR. 2,112</ls>.	sch	
akAmayAna	3-246-c	{#akAmayAna#}¦ <lex>Adj.</lex> {%nicht wünschend%} <ls>MBH. 14,28,4</ls>.	sch	
akAmayamAna	1-282-a	{#akAma/yamAna#}¦ <lex>Adj.</lex> {%nicht wünschend%} <ls>ŚAT. BR. 14,7,2,3</ls>.	sch	
akAmya	1-282-b	{#akAmya#}¦ <lex>Adj.</lex> {%nicht begehrenswerth%} <ls>KAP. 1,85</ls>.	sch	
akApuruzavrata	3-246-c	{#akApuruzavrata#}¦ <lex>n.</lex> {%nicht die Weise eines elenden Wichts%} <ls>Spr. 398</ls>.	sch	
akArAdiniGaRwu	2-285-a	{#akArAdiniGaRwu#}¦ <lex>m.</lex> Titel eines Werkes <ls>OPP. Cat. 1</ls>.	sch	
akAraRabanDu	7-384-1a	{#akAraRabanDu#}¦ <lex>m.</lex> {%ein uneigennüzziger Freund%} <ls>MṚCCH. 173,6</ls>.	sch	
akAraRaka	2-285-a	{#akAraRaka#}¦ <lex>Adj.</lex> {%keine Ursache habend%} <ls>SARVAD. 120,7</ls>.	sch	
akAryakzama	4-290-c	{#akAryakzama#}¦ <lex>Adj.</lex> {%Nichts zu leisten vermögend%} <ls>Z. d. d. m. G. 36,519</ls>.	sch	
akIrtanIya	2-285-a	{#akIrtanIya#}¦ <lex>Adj.</lex> {%nicht auszusprechen, unsagbar%} <ls>DAŚAK. (1925) 2,131,2</ls>.	sch	
akOdreya	1-282-b	{#akOdreya#}¦ <lex>m.</lex> {%kein%} <is>Kaudreya</is> <ls>KĀTY. ŚR. 10,2,21</ls>.	sch	
akUrmapfzant	2-285-b	{#akUrmapfzant#}¦ <lex>Adj.</lex> {%nicht wie eine Schildkröte gesprenkelt%} <ls>ĀPAST. ŚR. 2,11,3</ls>.	sch	
akUwaka	2-285-b	{#akUwaka#}¦ <lex>Adj.</lex> {%nicht falsch%} (Münze).	sch	
akaSApa	1-282-a	{#*akaSApa#}¦ <lex>m.</lex> <ab>N. pr.</ab> eines Mannes <is>gaṇa</is> {#SuBrAdi#} in der <ls>KĀŚ.</ls>	sch	
akadvada	5-240-b	{#akadvada#}¦ <lex>Adj.</lex> {%nicht schlecht —, gut redend%} <ls>ŚIŚ. 14,1</ls>.	sch	
akaliprasara	4-290-c	{#akaliprasara#}¦ <lex>Adj.</lex> {%wo kein Hader stattfindet%} <ls>KATHĀS. 27,92</ls>.	sch	
akalitAtman	3-246-c	{#akalitAtman#}¦ <lex>Adj.</lex> {%von unermesslichem Geiste%} <ls>MAHĀVĪRAC. 124,20</ls>.	sch	
akalkakalila	5-240-b	{#akalkakalila#}¦ <lex>Adj.</lex> {%von keiner Gemeinheit beseelt%} <ls>ŚIŚ. 19,98</ls>.	sch	
akaluzAtman	7-289-b	{#akaluzAtman#}¦ <lex>Adj.</lex> {%lauteren Herzens%} <ls>R. ed. Bomb. 4,1,115</ls>.	sch	
akampa	6-292-a	{#akampa#}¦ <lex>Adj.</lex> {%nicht zitternd%} <ls>MBH. 6,14,14</ls>.	sch	
akampra	2-285-a	{#akampra#}¦ <lex>Adj.</lex> {%nicht schwankend%} <ls>ŚOBH. 36</ls>.	sch	
akapila	1-282-a	{#akapila#}¦ <lex>Adj.</lex> (<lex>f.</lex> {#A#}) {%nicht bräunlich%} <ls>HEMĀDRI 1,681,17</ls>.	sch	
akapilacCavi	2-285-a	{#akapilacCavi#}¦ <lex>Adj.</lex> {%nicht bräunlich%} <ls>DAŚAK. (1925) 113,9</ls>.	sch	
akarAla	1-282-a	{#akarAla#}¦ <lex>Adj.</lex> (<lex>f.</lex> {#A#}) 1〉 {%nicht schartig%} <ls>SUŚR. 1,27,14</ls>. — 2〉 {%sanft, milde%}. Augen <ls>BHĀG. P. 3,13,28</ls>.	sch	
akarRagfhIta	4-290-c	{#akarRagfhIta#}¦ <lex>Adj.</lex> {%nicht am Ohr gefasst%} <ls>ĀPAST. ŚR. 10,22,9</ls>.	sch	
akarRaprAvfta	1-282-a	{#akarRaprAvfta#}¦ <lex>Adj.</lex> {%bis zu den Ohren exclusive verhüllt%} <ls>ĀPAST.</ls> im <ls><ab>Comm.</ab> zu TĀṆḌYA-BR. 8,7,7</ls>.	sch	
akarmaRyatA	7-289-b	{#akarmaRyatA#}¦ <lex>f.</lex> {%Unthätigkeit%} <ls>BHOJA</ls> zu <ls>YOGAS. 1,30</ls>. <ls>ANIRUDDHA</ls> zu <ls>SĀṂKHYAS. 6,19</ls>.	sch	
akarmaRyatva	2-285-a	{#akarmaRyatva#}¦ <lex>n.</lex> {%Unthätigkeit%} <ls>SARVAD. 163,19</ls>.	sch	
akarmaSrAnta	2-285-a	{#akarmaSrAnta#}¦ <lex>Adj.</lex> {%durch keine%} (vorgeschriebene) {%Handlung ermüdet%} <ls>ĀŚV. GṚHY. 3,7,2</ls>.	sch	
akarmakAla	7-289-b	{#akarmakAla#}¦ <lex>m.</lex> {%eine Zeit, in der keine Ceremonie zu vollziehen ist,%} <ls>SUD.</ls> zu <ls>ĀPAST. GṚHY. 8,5</ls>.	sch	
akarmakaraRa	6-292-a	{#akarmakaraRa#}¦ <lex>Adj.</lex> = <hom>2.</hom> {#akaraRa#} oben <ls>JAIM. 3,8,15</ls>.	sch	
akarmaprApti	4-290-c	{#akarmaprApti#}¦ <lex>f.</lex> {%das Nichteintreten —, Nichtzuhülfekommen des Schicksals%} <ls>PAÑCAT. 132,17</ls>.	sch	
akarmavant	2-285-a	{#akarmavant#}¦ <lex>Adj.</lex> {%der den Werken entsagt hat%} <ls>MBH. 14,19,8</ls>.	sch	
akarmin	2-285-a	{#akarmin#}¦ <lex>Adj.</lex> {%unfähig zu arbeiten%} <ls>BAUDH.</ls> in <ls>DĀY. 163,19</ls>.	sch	
akarta	2-285-a	{#akarta#}¦ <lex>m.</lex> {%Nichtunterscheidung%}.	sch	
akartar	7-289-a	{#akartar#}¦ auch {%der einem keinen Dienst erwiesen hat%} <ls>R. ed. Bomb. 4,43,7</ls>.	sch	
akartfka	7-289-b	{#akartfka#}¦ <lex>Adj.</lex> {%keinen Schöpfer habend%} <ls>ANIRUDDHA</ls> zu <ls>SĀṂKHYAS. 6,65</ls>.	sch	
akata	1-282-a	{#*akata#}¦ <lex>Adj.</lex> <ls>P. 5,1,121</ls>.	sch	
akfSAnekakaRwaka	7-289-d	{#akfSAnekakaRwaka#}¦ <lex>Adj.</lex> {%von den vielen kleinen Gräten befreit%} <ls>R. ed. Bomb. 3,73,15</ls>. = {#akfSA aneke ca kaRwakA yasya vidyante#} <ab>Comm.</ab>	sch	
akfcCralaNGya	5-240-b	{#akfcCralaNGya#}¦ <lex>Adj.</lex> {%ohne Beschwerden zurückzulegen%} (Weg) <ls>RĀJAT. 3,224</ls>.	sch	
akftAgas	6-292-a	{#akftAgas#}¦ <lex>Adj.</lex> {%der Nichts gesündigt hat%} <ls>R. 1,7,13</ls>.	sch	
akftAgra	2-285-b	{#akftAgra#}¦ <lex>Adj.</lex> (Speise) {%von der die Erstlingsbissen nicht%} (dem Ehrengaste) {%dargereicht worden sind,%} <ls>HARIV. 11168</ls>.	sch	
akftaSrama	2-285-b	{#akftaSrama#}¦ <lex>Adj.</lex> {%der sich keinen Beschwerden, keinen Mühen unterzogen hat%}.	sch	
akftalakzaRa	2-285-b	{#akftalakzaRa#}¦ <lex>Adj.</lex> {%ohne besondere Kennzeichen%}.	sch	
akftapraTamayajYa	4-290-c	{#akftapraTamayajYa#}¦ <lex>Adj.</lex> {%der das erste Opfer noch nicht vollzogen hat%} <ls>BHĀRGAVA</ls> im <ls><ab>Comm.</ab> zu ĀPAST. ŚR. 9,12,11</ls>.	sch	
akftaprajYa	4-290-c	{#akftaprajYa#}¦ <lex>Adj.</lex> {%dumm%} (Person) <ls>MBH. 13,105,3</ls>. <ls>BHĀG. P. 1,13,31</ls>.	sch	
akftaprajYaka	4-290-c	{#akftaprajYaka#}¦ <lex>Adj.</lex> <ab>dass.</ab> <ls>MBH. 12,197,10</ls>.	sch	
akftasaMjYa	2-285-b	{#akftasaMjYa#}¦ <lex>Adj.</lex> {%der keine Unterweisung erhalten hat%} <ls>MBH. 14,19,56</ls>.	sch	
akftavEra	7-384-1b	{#akftavEra#}¦ <lex>Adj.</lex> {%unbeleidigt%} <ls>MṚCCH. 163,12</ls>.	sch	
akftavidya	2-285-b	{#akftavidya#}¦ <lex>Adj.</lex> {%ununterrichtet, ungelehrt%}.	sch	
akftavyUha	1-282-b	{#akftavyUha#}¦ <lex>Adj.</lex> {%eine Sache nicht weiter verfolgend, sich über Etwas nicht aussprechend%} <ls>PARIBH. 56</ls>.	sch	
akftsnavid	2-285-b	{#akftsnavid#}¦ <lex>Adj.</lex> {%nicht Alles wissend, mangelhaftes Wissen habend%} <ls>BHAG. 3,29</ls>.	sch	
akiMcinmaya	3-246-c	{#akiMcinmaya#}¦ <lex>Adj.</lex> {%aus Nichts gebildet%} <ls>VP. 4,1,12</ls>.	sch	
akoSa	2-285-b	{#akoSa#}¦ <lex>Adj.</lex> 1〉 {%ohne Degenscheide, aus der Scheide gezogen, entblösst%} (Schwert) <ls>MBH. 4,8,1</ls>. — 2〉 {%ohne Samenbehälter%} <ls>R. 6,111,46</ls>.	sch	
akopayant	2-285-b	{#akopayant#}¦ <lex>Adj.</lex> {%Jmd nicht aufregend%} 〔213,24〕.	sch	
akopitA	2-285-b	{#akopitA#}¦ <lex>f.</lex> {%das sich nicht dem Zorn Hingeben%}.	sch	
akozaDAvana	2-285-b	{#a/kozaDAvana#}¦ <lex>Adj.</lex> (<lex>f.</lex> {#I#}) etwa {%nicht aus dem Rahmen laufend%} <ls>TBR. 3,6,2,2</ls>.	sch	
akrIRant	3-246-c	{#akrIRant#}¦ <lex>Adj.</lex> {%nicht kaufend,%} so <ab>v. a.</ab> {%Gekauftes nicht annehmend%} <ls>VIṢṆUS. 5,129</ls>.	sch	
akrUraMkAra	4-290-c	{#a/krUraMkAra#}¦ <lex>m.</lex> {%Nichtverletzung%} <ls>TS. 5,1,7,1</ls>.	sch	
akrUraparivAra	1-282-b	{#akrUraparivAra#}¦ <lex>Adj.</lex> {%eine milde Umgebung habend%}. <ab>Nom. abstr.</ab> {#˚tA#} <lex>f.</lex> <ls>KĀM. NĪTIS. 8,11</ls>.	sch	
akratusaMyukta	7-289-d	{#akratusaMyukta#}¦ <lex>Adj.</lex> {%nicht mit einer bestimmten Absicht verbunden%} <ls>ĀPAST. ŚR. 10,14,3</ls>.	sch	
akrimi	1-282-b	{#a/krimi#}¦ <lex>m.</lex> {%kein Wurm%} <ls>ŚAT. BR. 5,4,1,2</ls>.	sch	
akriyAka	5-240-b	{#akriyAka#}¦ <lex>Adj.</lex> {%unthätig, unbeweglich%} <ls>ŚIŚ. 20,17</ls>.	sch	
akriyaka	2-285-b	{#akriyaka#}¦ <lex>Adj.</lex> <ab>dass.</ab> <ls>SUŚR. 1,257,8</ls>.	sch	
akroSant	3-246-c	{#akroSant#}¦ <lex>Adj.</lex> {%nicht schreiend, — wehklagend%} <ls>MBH. 3,219,14</ls>.	sch	
akruDyant	1-282-b	{#a/kruDyant#}¦ <lex>Adj.</lex> {%nicht zürnend%} <ls>ŚAT. BR. 14,2,2,30</ls>.	sch	
akrudDa	1-282-b	{#akrudDa#}¦ <lex>Adj.</lex> {%nicht erzürnt%} <ls>TAITT. ĀR. 1,4,2</ls>.	sch	
akuRWamaRqala	6-292-a	{#akuRWamaRqala#}¦ <lex>Adj.</lex> {%mit scharfem Rande%} ({#cakra#}) <ls>MBH. 1,19,21</ls>.	sch	
akuRqalin	2-285-a	{#akuRqalin#}¦ <lex>Adj.</lex> {%nicht mit Ohrringen geschmückt%}.	sch	
akuTita	2-285-a	{#akuTita#}¦ <lex>Adj.</lex> {%nicht stinkend%}.	sch	
akuYcita	5-240-b	{#akuYcita#}¦ <lex>Adj.</lex> {%nicht krumm, gerade%} <ls>VĀSAV. 285,6</ls>.	sch	
akulaja	2-285-b	{#akulaja#}¦ <lex>Adj.</lex> {%aus niedrigem Geschlecht%} <ls>Spr. 4341</ls>, <ab>v. l.</ab>	sch	
akupAna	6-292-a	{#akupAna#}¦ <lex>Adj.</lex> {%nicht zürnend, wohlwollend%} <ls>ĀPAST. ŚR. 14,28,4</ls>.	sch	
akupita	2-285-a	{#akupita#}¦ <lex>Adj.</lex> {%nicht erzürnt%} <ls>Ind. St. 13,404</ls>.	sch	
akutsayant	2-285-a	{#akutsayant#}¦ <lex>Adj.</lex> {%nicht schmähend, — tadelnd%}.	sch	
akuwila	2-285-a	{#akuwila#}¦ <lex>Adj.</lex> {%gerade%} (<ab>eig.</ab>) und {%redlich%} <ls>Spr. 351</ls>.	sch	
akxpta	2-285-b	{#a/kxpta#}¦ <lex>Adj.</lex> {%unvollkommen, ungültig%}.	sch	Y
akzA	7-384-1c	{#akzA#}¦ 7. So zu lesen <ab>st.</ab> {#ajA#}.	sch	
akzAlita	2-285-c	{#akzAlita#}¦ <lex>Adj.</lex> {%ungewaschen%}.	sch	
akzIRabudDi	3-247-a	{#akzIRabudDi#}¦ <lex>Adj.</lex> {%der nicht den Verstand verloren hat, bei Verstande seiend%} <ls>MBH. 12,87,19</ls>.	sch	
akzadevanapaRI	4-290-c	{#akzadevanapaRI#}¦ <lex>Adv.</lex> {%zum Einsatz im Würfelspiel machen%} <ls>Z. d. d. m. G. 36,512</ls>.	sch	
akzadevitar	3-246-c	{#akzadevitar#}¦ <ab>Nom. ag.</ab> {%Würfelspieler%} <ls>MBH. 4,16,45</ls>.	sch	
akzamAlAmaya	1-282-c	{#akzamAlAmaya#}¦ <lex>Adj.</lex> {%aus Rosenkränzen gebildet%} <ls>HEMĀDRI 2,a,104,14</ls>.	sch	
akzamAvant	3-246-c	{#akzamAvant#}¦ <lex>Adj.</lex> {%ungeduldig, unnachsichtig%} <ls>MBH. 3,28,16</ls>.	sch	
akzasUtraka	1-282-c	{#akzasUtraka#}¦ <lex>n.</lex> = {#akzasUtra#} <ls>HEMĀDRI 1,285,6</ls>.	sch	
akzataDAnA	5-240-b	{#akzataDAnA#}¦ <lex>f.</lex> <ab>Pl.</ab> <ls>GOBH. 3,3,6</ls> nach dem <ab>Comm.</ab> {%geröstete Gerstenkörner%}.	sch	
akzatasaktu	3-246-c	{#akzatasaktu#}¦ <lex>m.</lex> <ab>Pl.</ab> {%Grütze von unenthülstem Korne%} <ls>MĀN. GṚHY. 1,11</ls>.	sch	
akzatodaka	3-246-c	{#akzatodaka#}¦ <lex>n.</lex> {%Wasser, in dem unenthülstes Korn liegt,%} <ls>MĀN. GṚHY. 1,8</ls>.	sch	
akzatriya	1-282-b	{#a/kzatriya#}¦ <lex>m.</lex> {%kein%} <is>Kṣatriya</is> <ls>ŚAT. BR. 6,6,3,12</ls>.	sch	
akzema	1-282-c	{#akzema#}¦ <lex>n.</lex> {%Leid%} <ls>R. GORR. 2,6,14</ls>. <ls n="R. GORR. 2,6,">17</ls>.	sch	
akzetratara	1-282-c	{#akzetratara#}¦ <lex>n.</lex> {%eine zum Bebauen%} oder {%Bewohnen sehr ungeeignete Gegend%}.	sch	
akziRvant	2-285-c	{#akziRvant#}¦ <lex>Adj.</lex> {%nicht übel mitnehmend%}.	sch	
akzicCidra	3-247-a	{#akzicCidra#}¦ <lex>n.</lex> {%Augenöffnung%} <ls>MĀN. ŚR. 8,19</ls>.	sch	
akziduHKa	1-282-c	{#akziduHKa#}¦ <lex>n.</lex> {%Augenübel%} <ls>TAITT. ĀR. 1,4,1</ls>.	sch	
akzilakzI	1-282-c	{#akzilakzI#}¦ <lex>Adv.</lex> mit {#kar#} {%zum Ziel der Augen machen, hinblicken auf%} <ls>NAIṢ. 2,107</ls>.	sch	
akzipaTa	3-247-a	{#akzipaTa#}¦ <lex>m.</lex> {%Gesichtskreis%}.	sch	
akzirogavant	1-282-c	{#akzirogavant#}¦ <lex>Adj.</lex> {%augenkrank%} <ls>HEMĀDRI 1,745,7</ls>.	sch	
akziruj	3-247-a	{#akziruj#}¦ <lex>f.</lex> {%Augenkrankheit%} <ls>VARĀH. BṚH. S. 51,11</ls>. <ls n="VARĀH. BṚH. S.">104,16</ls>.	sch	
akzudraparicArin	3-247-a	{#akzudraparicArin#}¦ <lex>Adj.</lex> {%keinen niedrigen Diener um sich habend%}. <ab>Nom. abstr.</ab> {#˚ritA#} <lex>f.</lex> <ls>KĀM. NĪTIS. 4,7</ls>. {#˚parivAratA#} <ab>v. l.</ab>	sch	
akzudraparivAra	3-247-a	{#akzudraparivAra#}¦ <lex>Adj.</lex> {%kein niedriges Gefolge habend%}. <ab>Nom. abstr.</ab> {#˚tA#} <lex>f.</lex> <ls>KĀM. NĪTIS. 4,7</ls>, <ab>v. l.</ab>	sch	
akzyupanizad	2-285-c	{#akzyupanizad#}¦ <lex>f.</lex> Titel einer <is>Upaniṣad</is> <ls>OPP. Cat. 1</ls>.	sch	
alAlasa	5-245-c	{#alAlasa#}¦ <lex>Adj.</lex> {%keine Begierden habend%} <ls>MBH. 12,231,14</ls>.	sch	
alIQa	1-294-b	{#alIQa#}¦ <lex>Adj.</lex> {%unbeleckt%} <ls>VARĀH. YOGAY. 8,3</ls>.	sch	Y
alIkanalI	1-294-b	{#alIkanalI#}¦ <lex>Adv.</lex> mit {#kar#} {%zum Schein%} <is>Nala</is>ʼs {%Gestalt annehmen%} <ls>NAIṢ. 6,61</ls>.	sch	
alOlya	4-295-b	{#alOlya#}¦ <lex>n.</lex> {%das Fehlen alles Verlangens in den Besitz von Etwas zu gelangen%}.	sch	
alaGIyaMs	3-254-a	{#alaGIyaMs#}¦ <lex>Adj.</lex> {%nicht unbedeutend, gross, gewaltig%} <ls>ŚIŚ. 2,58</ls>.	sch	
alaGuBava	5-245-c	{#alaGuBava#}¦ <lex>m.</lex> {%keine Erniedrigung%} <ls>Spr. 4253</ls>, <ab>v. l.</ab>	sch	
alaMBavizRu	5-245-c	{#alaMBavizRu#}¦ <lex>Adj.</lex> {%im Stande seiend zu%} (<ab>Infin.</ab>) <ls>BRAHMA-P. UTTARAKH. Kap. 3</ls>.	sch	
alaMkAranikarza	2-291-c	{#alaMkAranikarza#} <lex>m.</lex>, {#˚kAramayUKa#} <lex>m.</lex>, {#˚kArarahasya#} <lex>n.</lex> und {#˚kArarAGava#} <lex>n.</lex>¦ Titel von Werken <ls>OPP. Cat. 1</ls>.	sch	
alaMkArarahasya	7-309-d	{#alaMkArarahasya#} und {#˚kArarAGava#}¦ 2.	sch	
alaMkAratilaka	7-309-d	{#alaMkAratilaka#}¦ <lex>m.</lex> Titel eines Werkes <ls>Festgr. 92</ls>.	sch	
alaMkArin	1-294-b	{#alaMkArin#}¦ <lex>Adj.</lex> {%sich auf Schmuck verstehend%} <ls>Ind. St. 15,295</ls>.	sch	
alaMkArodAharaRa	1-294-b	{#alaMkArodAharaRa#}¦ <lex>n.</lex> Titel zweier Werke <ls>BÜHLER, Rep. No. 240. fg.</ls>	sch	
alaMkftiSAstra	3-254-a	{#alaMkftiSAstra#}¦ <lex>n.</lex> {%ein Lehrbuch des Stils%} <ls>KAUTUKAS. 17</ls>.	sch	
alaMpura	5-245-c	{#alaMpura#} <lex>n.</lex> und {#alaMbuDa#} <lex>n.</lex>¦ <ab>N. pr.</ab> zweier <is>Tīrtha</is> <ls>MATSYAP. 22,50</ls>. <ls n="MATSYAP. 22,">51</ls>.	sch	
alaNGanIyatva	5-245-c	{#alaNGanIyatva#}¦ <lex>n.</lex> <ab>Nom. abstr.</ab> zu {#alaNGanIya#} {%dem man nicht zu nahe treten darf%} <ls>RĀJAT. 6,2</ls>.	sch	
alaNGayant	2-291-c	{#alaNGayant#}¦ <lex>Adj.</lex> {%nicht übertretend%} (einen Befehl) <ls>RAGH. 9,9</ls>.	sch	
alabDanidrAkzaRa	5-245-c	{#alabDanidrAkzaRa#}¦ <lex>Adj.</lex> {%keine Zeit zum Schlafen findend%} <ls>BHĀG. P. 5,14,21</ls>.	sch	
alabDavya	5-245-c	{#alabDavya#}¦ <lex>Adj.</lex> {%nicht zu erlangen, dessen man nicht theilhaftig werden soll, kann%} oder {%darf%} <ls>MBH. 5,114,4</ls>.	sch	
alajjAkara	3-254-a	{#alajjAkara#}¦ <lex>Adj.</lex> {%keine Schande bringend%} <ls>Spr. 5911</ls>.	sch	
alakzaRasaMpad	3-254-a	{#alakzaRasaMpad#}¦ <lex>f.</lex> {%kein Vollauf von Kennzeichen%} <ls>VAJRACCH. 22,3</ls>. <ls n="VAJRACCH. 22,">5</ls>. <ls n="VAJRACCH.">40,15</ls>.	sch	
alakzaRya	5-245-c	{#alakzaRya#}¦ <lex>Adj.</lex> {%Unglück verheissend%} <ls>MBH. 6,5209</ls>.	sch	
alakzamARa	5-245-c	{#alakzamARa#}¦ <lex>Adj.</lex> {%nicht wahrnehmend, — inne werdend%} <ls>BHĀG. P. 3,16,12</ls>.	sch	
alamaka	5-245-c	{#alamaka#}¦ <lex>m.</lex> <ab>v. l.</ab> für {#alimpaka#} <ls>ZACH. Beitr.</ls>	sch	
alamelamaNgAstotra	2-291-c	{#alamelamaNgAstotra#}¦ <lex>n.</lex> Titel eines Werkes <ls>OPP. Cat. 1</ls>.	sch	
aleKya	5-246-a	{#aleKya#}¦ <lex>Adj.</lex> {%nicht zu rechnen —, nicht zu zählen zu%} (<ab>Loc.</ab>) <ls>Spr. 1536</ls>.	sch	
aliNgasaMKya	1-294-b	{#aliNgasaMKya#}¦ <lex>Adj.</lex> {%ohne Genus und Numerus%} <ls><ab>Comm.</ab> zu GAṆAR. 2,68</ls>.	sch	
alipta	7-310-a	{#*alipta#}¦ <lex>Adj.</lex> {%unbefleckt%} <ls>MAHĀVY. 19</ls>.	sch	Y
alivanda	2-291-c	{#alivanda#}¦ <lex>m.</lex> neben {#balivanda#} ({#balivarda#}) <ls>KĀṬH. 5,12,1</ls>.	sch	
aloBavant	2-291-c	{#aloBavant#}¦ <lex>Adj.</lex> {%frei von Begierde%} <ls>ŚOBH. 77</ls>.	sch	
alokavrata	5-246-a	{#alokavrata#}¦ <lex>n.</lex> {%die nicht allgemeine Art und Weise zu leben%} <ls>BHĀG. P. 8,3,7</ls>.	sch	
alomaSa	5-246-a	{#alomaSa#}¦ <lex>Adj.</lex> (<lex>f.</lex> {#A#}) {%unbehaart%} <ls>R. 6,23,11</ls>.	sch	
alopayant	5-246-a	{#alopayant#}¦ <lex>Adj.</lex> {%nicht abbringend von%} (<ab>Abl.</ab>) <ls>RAGH. 12,9</ls>.	sch	
alozWaka	3-254-a	{#alozWaka#}¦ <lex>Adj.</lex> <ab>v. l.</ab> für {#alozwaka#}.	sch	
alozwaka	3-254-a	{#alozwaka#}¦ <lex>Adj.</lex> (<lex>f.</lex> {#A#}) {%frei von Erdklössen%}.	sch	
alpaSruta	1-294-b	{#alpaSruta#}¦ <lex>Adj.</lex> {%ungelehrt%} <ls>HEMĀDRI 1,529,18</ls>.	sch	
alpadarSin	2-291-c	{#alpadarSin#}¦ <lex>Adj.</lex> {%von geringer Einsicht%}.	sch	
alpajIvin	2-291-c	{#alpajIvin#}¦ <lex>Adj.</lex> {%nicht lange lebend%} <ls>HARIV. 9320</ls>.	sch	
alpakAlika	3-254-a	{#alpakAlika#}¦ <lex>Adj.</lex> {%eine kurze Zeit lang stattfindend%} <ls><ab>Comm.</ab> zu ĀPAST. ŚR. 8,1,1</ls>.	sch	
alpakfcCra	2-291-c	{#alpakfcCra#}¦ <lex>n.</lex> <ab>Instr.</ab> {%mit geringer Mühe%}.	sch	
alpakleSa	7-386-b	{#alpakleSa#}¦ <lex>Adj.</lex> {%mit geringen Leiden verbunden%} <ls>MṚCCH. 7,18</ls>.	sch	
alpanicaya	3-254-a	{#alpanicaya#}¦ <lex>Adj.</lex> {%einen kleinen Vorrath habend%} <ls>R. GORR. 1,6,7</ls>.	sch	
alpaparicCeda	7-310-b	{#alpaparicCeda#}¦ <lex>Adj.</lex> <ls>DIVYĀVAD. 87,20</ls> fehlerhaft für {#˚padicCada#} {%unbegütert, arm%}.	sch	
alpaparikara	3-254-a	{#alpaparikara#}¦ <lex>Adj.</lex> {%wenige Dienerschaft habend, weniger <ab n="Dienerschaft">D.</ab> als%} (<ab>Abl.</ab>) {%<ab n="habend">h.</ab>%}	sch	
alpapracAra	1-294-b	{#alpapracAra#}¦ <lex>Adj.</lex> {%sich selten zeigend%}.	sch	
alparADas	2-291-c	{#alparADas#}¦ <lex>Adj.</lex> {%dem Weniges gelingt, unglücklich%}.	sch	
alpasvamant	6-295-c	{#alpasvamant#}¦ <lex>Adj.</lex> {%geringen Besitz habend%} <ls>ŚATR. 14,109</ls>.	sch	
alpatapas	1-294-b	{#alpatapas#}¦ <lex>Adj.</lex> {%der wenig Kasteiungen geübt hat%} <ls>VARĀH. YOGAY. 8,13</ls>.	sch	
alpavIrya	1-294-b	{#alpavIrya#}¦ <lex>Adj.</lex> {%schwach%} <ls>KĀLAC. 5,80</ls>.	sch	
alpavant	1-294-b	{#alpavant#}¦ <lex>Adj.</lex> {%wenig besitzend%} <ls>HEMĀDRI 1,433,9</ls>.	sch	
alpavijYAna	3-254-a	{#alpavijYAna#}¦ <lex>Adj.</lex> {%von geringer Einsicht%} <ls>MBH. 3,29,34</ls>.	sch	
alpavittavant	1-294-b	{#alpavittavant#}¦ <lex>Adj.</lex> <ab>dass.</ab> <ls><ab>ebend.</ab> 1,361,19</ls>.	sch	
aluBita	5-246-a	{#aluBita#}¦ <lex>Adj.</lex> {%nicht in Unordnung gerathen%} <ls>ĀPAST. ŚR. 1,4,12</ls>.	sch	
amAnayant	7-386-a	{#amAnayant#}¦ <lex>Adj.</lex> {%nicht ehrend%} <ls>MBH. 3,303,17</ls>.	sch	
amAnt	1-293-a	{#amAnt#}¦ <lex>Adj.</lex> {%keinen Raum habend in%} (<ab>Loc.</ab>) <ls>ŚIŚ. 3,73</ls>. <ls n="ŚIŚ.">13,2</ls>.	sch	
amAtrA	4-294-c	{#amAtrA#}¦ <lex>f.</lex> <ab>Instr.</ab> {%unmässig, in hohem Grade%} <ls>KATHĀS. 28,112</ls>.	sch	
amAyAvin	7-307-c	{#*amAyAvin#}¦ <lex>Adj.</lex> {%nicht hinterlistig%} <ls>MAHĀVY. 126</ls>.	sch	
amAyu	3-253-a	{#amAyu#}¦ <lex>m.</lex> {%kein Gebrüll%} <ls>ĀPAST. ŚR. 7,16,6</ls>.	sch	
amBojanIlAy	7-386-b	{#amBojanIlAy#}¦ {%eine Lotusblüthe darstellen%} <ls>DHARMAŚARM. 2,79</ls>.	sch	
amIlitadfS	4-294-c	{#amIlitadfS#}¦ <lex>Adj.</lex> {%dessen Augen niemals geschlossen sind%} <ls>BHĀG. P. 3,8,10</ls>.	sch	
amImAMsita	4-294-c	{#amImAMsita#}¦ <lex>Adj.</lex> {%nicht erwogen%} <ls>BHĀG. P. 6,5,37</ls>.	sch	
amUlamantratantra	4-294-c	{#amUlamantratantra#}¦ <lex>Adj.</lex> {%ohne Grundspruch und ohne Zauberformel%} <ls>HEM. YOG. 1,5</ls>.	sch	
amaDyaMdinasAci	6-295-b	{#amaDyaMdinasAci#}¦ <lex>Adj.</lex> {%die Mittagsfeier nicht begleitend, zu ihr nicht gehörend%} <ls>AIT. BR. 6,30,12</ls>.	sch	
amaNgalika	4-294-b	{#amaNgalika#}¦ <lex>Adj.</lex> {%infaustus%} <ls>MBH. 6,112,19</ls>. <ab>v. l.</ab> {#amANgalika#}.	sch	
amadyamadyant	4-294-c	{#amadyamadyant#}¦ <lex>Adj.</lex> {%ohne ein berauschendes Getränk munter seiend%} (Elephant) <ls>KĀM. NĪTIS. 16,33</ls>.	sch	
amahAyajYayAjin	4-294-c	{#amahAyajYayAjin#}¦ <lex>Adj.</lex> {%der kein grosses Opfer dargebracht hat%} <ls>MBH. 3,261,3</ls>.	sch	
amajjana	4-294-c	{#amajjana#}¦ <lex>n.</lex> {%das Nichtuntersinken%} <ls>KATHĀS. 46,143</ls>.	sch	
amajjant	4-294-c	{#amajjant#}¦ <lex>Adj.</lex> {%nicht untertauchend%} <ls>KĀTY. ŚR. 5,5,31</ls>.	sch	
amandahfdaya	1-293-a	{#amandahfdaya#}¦ <lex>Adj.</lex> (<lex>f.</lex> {#A#}) {%muntern Herzens%} <ls>DAŚAK. 6,1</ls>.	sch	
amanorama	5-244-c	{#amanorama#}¦ <lex>Adj.</lex> {%nicht reizend%}. <ab>Nom. abstr.</ab> {#˚tA#} <lex>f.</lex> <ls>ŚIŚ. 20,15</ls>.	sch	
amantar	1-293-a	{#amanta/r#}¦.	sch	
amantravarjam	3-253-a	{#amantravarjam#}¦ <lex>Adv.</lex> {%nicht ohne die erforderlichen Sprüche%} <ls>KUMĀRAS. 7,72</ls>.	sch	
amaraDunI	1-293-a	{#amaraDunI#}¦ <lex>f.</lex> {%die%} <is>Gaṅgā</is> <ls>Ind. St. 15,296</ls>.	sch	
amaraSeza	2-291-b	{#amaraSeza#} <lex>m.</lex> und {#amaruka#}¦ Titel zweier Werke <ls>OPP. Cat. 1</ls>.	sch	
amarakoSapaYcikA	2-291-a	{#amarakoSapaYcikA#} <lex>f.</lex>, {#˚koSapadapArijAta#} <lex>m.</lex> und {#˚koSabfhadvftti#} <lex>f.</lex>¦ Titel von Commentaren zu <ls>AK.</ls> <ls>OPP. Cat. 1</ls>.	sch	
amaranATamAhAtmya	1-293-a	{#amaranATamAhAtmya#}¦ <lex>n.</lex> Titel eines Werkes <ls>BÜHLER, Rep. No. 48</ls>.	sch	
amaraviveka	5-244-c	{#amaraviveka#}¦ <lex>m.</lex> Titel eines Commentars zum <is>Amarakośa</is>.	sch	
amareSvarakalpa	1-293-a	{#amareSvarakalpa#} <lex>m.</lex>, {#amareSvaramAhAtmya#} <lex>n.</lex> und {#amareSvarayAtrA#} <lex>f.</lex>¦ Titel von Werken <ls>BÜHLER, Rep. No. 49. fgg.</ls>	sch	
amaruka	7-307-b	{#amaruka#} und {#amaruparihita#}¦ 2.	sch	
amaruparihita	2-291-b	{#amaruparihita#}¦ <lex>Adj.</lex> {%nicht von einer Sandöde umgeben%} <ls>GOBH. 4,7,8</ls>.	sch	
amasvarI	1-293-a	{#a/masvarI#}¦ <lex>Adj.</lex> <lex>f.</lex> <ls>MAITR. S. 2,4,7</ls>. <ls n="MAITR. S. 2,4,">8</ls> <ab>st.</ab> {#tamasvarI#} der <ls>TS.</ls>	sch	
ambAstava	2-291-b	{#ambAstava#}¦ <lex>m.</lex> Titel eines Werkes <ls>OPP. Cat. 1</ls>.	sch	
ambudAgama	1-293-b	{#ambudAgama#}¦ <lex>m.</lex> {%Beginn der Regenzeit%} <ls>NAIṢ. 2,46</ls>.	sch	
ambujAta	1-293-b	{#ambujAta#}¦ <lex>Adj.</lex> {%im Wasser geboren%}. <is>Rudra-Śiva</is> <ls>HEMĀDRI 1,207,21</ls>.	sch	
ambukukkuwikA	1-293-b	{#ambukukkuwikA#}¦ <lex>f.</lex> {%Wasserhuhn%} <ls>SUŚR. 1,205,14</ls>.	sch	
amburuhAkza	7-307-d	{#amburuhAkza#}¦ <lex>Adj.</lex> {%lotusäugig%} <ls>TAKAM. 13,17</ls>.	sch	
amfdita	4-294-c	{#amfdita#}¦ <lex>Adj.</lex> {%nicht heftig gedrückt, — angedrückt%} <ls>HARIV. 4395</ls>.	sch	
amfdumayUKa	4-294-c	{#amfdumayUKa#}¦ <lex>Adj.</lex> {%heissstrahlig%} <ls>VARĀH. BṚH. S. 24,22</ls>.	sch	
amfgya	4-294-c	{#amfgya#}¦ <lex>Adj.</lex> {%wonach man nicht trachten soll%}.	sch	
amftabindu	2-291-b	{#amftabindu#}¦ <lex>m.</lex> {%ein <ab>best.</ab>%} <is>Samādhi</is> <ls>KĀRAṆḌ. 51,22</ls>.	sch	
amftabinduskandopanizad	2-291-b	{#amftabinduskandopanizad#}¦ <lex>f.</lex> Titel einer <is>Upaniṣad</is> <ls>OPP. Cat. 1</ls>.	sch	
amftadatta	7-307-c	{#amftadatta#}¦ <lex>m.</lex> <ab>N. pr.</ab> eines Dichters <ls>Festgr. 94</ls>.	sch	
amftakavala	5-244-c	{#amftakavala#}¦ <lex>m.</lex> {%der Mond%} <ls>ALAṂKĀRAV. 66,a.</ls>	sch	
amftanirgama	5-244-c	{#*amftanirgama#}¦ <lex>m.</lex> <ab>desgl.</ab> <ls>ZACH. Beitr.</ls>	sch	
amftapalASa	2-291-b	{#amftapalASa#}¦ <lex>Adj.</lex> (<lex>f.</lex> {#A#}) {%mit unvergänglichem Laube%} <ls>ĀPAST. ŚR. 6,7,1</ls>.	sch	
amftaprASa	1-293-b	{#amftaprASa#}¦ <lex>n.</lex> {%eine <ab>best.</ab> Mixtur%} <ls>CARAKA 6,16</ls>.	sch	
amftaturaMga	6-295-b	{#amftaturaMga#}¦ (wohl {#˚taraMga#}) <lex>m.</lex> Titel eines Werkes des <is>Kṣemendra</is> <ls>Sitzungsberichte der phil.-hist. Klasse der Wiener Ak. 106,480</ls>.	sch	
amftyuSaNkita	1-293-b	{#amftyuSaNkita#}¦ <lex>Adj.</lex> {%den Tod nicht fürchtend%} <ls>NAIṢ. 9,57</ls>.	sch	
amfzya	7-386-a	{#amfzya#}¦ <lex>Adj.</lex> {%unerträglich%} <ls>RUDRAṬA, ŚṚṄGĀRAT. 2,97</ls> [Page7-386-b] nach <ls>JACOBIʼs Conjectur.</ls> <ls>Ebend.</ls> ist auch {#kena#} <ab>st.</ab> {#yena#} die richtige Lesart.	sch	
amfzyant	4-294-c	{#amfzyant#}¦ <lex>Adj.</lex> {%Etwas nicht geduldig ertragend, nicht ruhig hinnehmend%} <ls>MBH. 14,29,21</ls>. <ls n="MBH. 14,">60,31</ls>.	sch	
amilant	5-244-c	{#amilant#}¦ <lex>Adj.</lex> <ab>Pl.</ab> {%nicht zusammenkommend, sich getrennt haltend%}. {#parasparam#} <ls>HEM. PAR. 1,160</ls>.	sch	
amoGI	7-307-d	{#amoGI#}¦ <lex>Adv.</lex> mit {#kar#} {%fruchtbringend machen%} <ls>Festgr. 18</ls>.	sch	
amokzaRIya	4-294-c	{#amokzaRIya#}¦ <lex>Adj.</lex> {%unvermeidlich%} <ls>MBH. 1,167,56</ls>.	sch	
amotakaputraka	3-253-b	{#amotakapu/traka#}¦ <lex>m.</lex> etwa {%Weberknabe%}.	sch	
amuYcamAna	1-293-b	{#amuYcamAna#}¦ <lex>Adj.</lex> = {#amuYcant#} <ls>NAIṢ. 6,105</ls>.	sch	
amudita	7-307-c	{#amudita#}¦ <lex>Adj.</lex> {%nicht froh, traurig%} <ls>R. ed. Bomb. 4,43,53</ls>.	sch	
amutrArTa	1-293-b	{#amutrArTa#}¦ <lex>Adj.</lex> {%für das Jenseits nützlich%} <ls>MBH. 12,259,2</ls>.	sch	
amuzita	3-253-a	{#a/muzita#}¦ <lex>Adj.</lex> {%nicht geplündert%} <ls>AV. 1,27,4</ls>.	sch	
anABava	2-289-a	{#anABava#}¦ <lex>Adj.</lex> = {#a/nABU#} <ls>KAP. S. 4,6</ls>.	sch	
anABu	5-242-c	{#anABu#}¦ <lex>Adj.</lex> als <ab>Beiw.</ab> <is>Rudra</is>ʼs <ls>MAITR. S. 1,8,5 (121,10)</ls>. {#anArBava#} <ab>st.</ab> dessen <ls>ĀPAST. ŚR. 6,11,3</ls>.	sch	
anANga	1-288-a	{#anANga#}¦ <lex>Adj.</lex> {%nicht das Thema betreffend%} <ls>P. 1,1,63</ls>, <ab>Sch.</ab>	sch	
anASramaDarmin	1-288-b	{#anASramaDarmin#}¦ <lex>Adj.</lex> {%seinem%} <is>Āśrama</is> {%untreu%} <ls>PRAB. 97,4</ls>.	sch	
anATI	1-288-a	{#anATI#}¦ <lex>Adv.</lex> 1〉 mit {#kar#} {%schutzlos machen%} <ls>NĀGĀN. 70,5 (90,16)</ls>. — 2〉 mit {#BU#} {%schutzlos werder, verwaisen%} <ls>HARṢAC. 140,4</ls>.	sch	
anATakuwI	1-288-a	{#*anATakuwI#} und {#*anATasaBA#}¦ <lex>f.</lex> <ls>P. 2,4,24</ls>, <ab>Sch.</ab>	sch	
anAcArya	1-288-a	{#anAcArya#}¦ <lex>m.</lex> {%kein Lehrer%} (mehr) <ls>ĀPAST.</ls>	sch	
anAcAryasaMbanDa	1-288-a	{#anAcAryasaMbanDa#}¦ <lex>m.</lex> {%keine Beziehung von Schüler zu Lehrer%} <ls>ĀPAST.</ls>	sch	
anAcCinnastuka	7-385-b	{#a/nAcCinnastuka#}¦ <lex>Adj.</lex> {%mit nicht abgeschnittenen Stirnhaaren%} <ls>MAITR. S. 3,8,5 (101,4)</ls>.	sch	
anAcarita	2-289-a	{#anAcarita#}¦ <lex>Adj.</lex> {%nicht geübt, unterlassen%} <ls>MBH. 2,44,24</ls>.	sch	
anAdeSana	1-288-b	{#anAdeSana#}¦ <lex>n.</lex> {%Nichtangabe%} <ls>MAHĀBH. 2,311,b.</ls>	sch	
anAdiSant	5-242-c	{#anAdiSant#}¦ <lex>Adj.</lex> {%nicht vorschreibend, seine Einwilligung versagend%} <ls>HEM. PAR. 1,443</ls>.	sch	
anAdiboDAyana	2-289-a	{#anAdiboDAyana#}¦ Titel eines Werkes <ls>OPP. Cat. 1</ls>.	sch	
anAdimaDyaniDana	3-250-a	{#anAdimaDyaniDana#}¦ <lex>Adj.</lex> {%ohne Anfang, Mitte und Ende%} <ls>VIṢṆUS. 98,13</ls>. <ls>SUŚR. 1,18,19</ls>.	sch	
anAdimaDyaparyanta	3-250-a	{#anAdimaDyaparyanta#}¦ <lex>Adj.</lex> <ab>dass.</ab> <ls>MBH. 13,14,194</ls>.	sch	
anAdita	7-298-b	{#anAdita#}¦ <lex>Adj.</lex> {%von keinem Geräusch erfüllt, tonlos%} <ls>R. ed. Bomb. 4,43,33</ls>.	sch	
anAditya	2-289-a	{#anAditya#}¦ <lex>Adj.</lex> {%sonnenlos, bewölkt%} <ls>VARĀH. BṚH. S. 2,9</ls>.	sch	
anAdizwadevata	3-250-a	{#anAdizwadevata#}¦ <lex>Adj.</lex> {%wo die Gottheit nicht angegeben ist%} <ls>MĀN. GṚHY. 2,10</ls>.	sch	
anAdizwavfkza	4-292-a	{#anAdizwavfkza#}¦ <lex>Adj.</lex> {%wofür das Holz eines bestimmten Baumes nicht vorgeschrieben ist%} <ls>ĀPAST. ŚR. 12,1,5</ls>.	sch	
anAgrayaRa	1-288-a	{#anAgrayaRa#}¦ <lex>Adj.</lex> {%ohne die Libation%} <is>Āgrayaṇa</is> <ls>MUṆḌ. UP. 1,2,3</ls>.	sch	
anAhuta	1-288-b	{#anAhuta#}¦ <lex>Adj.</lex> {%nicht aufgefordert. — eingeladen%}.	sch	
anAjIvya	3-249-c	{#anAjIvya#}¦ <lex>Adj.</lex> {%keinen Lebensunterhalt gewährend, todt%} (Kapital) <ls>BṚHASP.</ls>	sch	
anAjyaBojana	1-288-a	{#anAjyaBojana#}¦ <lex>Adj.</lex> {%wo es kein%} <is>Ājya</is> {%zu essen giebt%} <ls>HEMĀDRI 1,639,17</ls>.	sch	
anAkANkzya	1-288-a	{#anAkANkzya#}¦ <lex>n.</lex> {%das Nichtfordern einer Ergänzung%} <ls>P. 3,4,23</ls>.	sch	
anAkASIkaraRa	1-288-a	{#anAkASIkaraRa#}¦ <lex>n.</lex> {%das Nichtveröffentlichen%} <ls>SAṂHITOPAN. 36,5</ls>. <ls n="SAṂHITOPAN.">46,4</ls>.	sch	
anAkalana	6-294-c	{#anAkalana#}¦ <lex>n.</lex> {%das Nicht-in-Betracht-Ziehen%} <ab>Schol.</ab> zu <ls>KAP. 1,37</ls>.	sch	
anAkarRana	3-249-c	{#anAkarRana#}¦ <lex>n.</lex> {%das Nichthören%} <ls>BĀLAR. 38,13</ls>.	sch	
anAkara	3-249-c	{#anAkara#}¦ <lex>Adj.</lex> {%ohne Fundort,%} so <ab>v. a.</ab> {%nicht nachzuweisen%} <ls><ab>Comm.</ab> zu GṚHYĀS. 2,29</ls>.	sch	
anAkasmika	2-288-c	{#anAkasmika#}¦ <lex>Adj.</lex> {%nicht zufällig%} <ls>DAŚAK. (1925) 2,93,16</ls>.	sch	
anAkfzwa	1-288-a	{#anAkfzwa#}¦ <lex>Adj.</lex> {%nicht behäufelt%} (Korn).	sch	
anAkrama	1-288-a	{#a/nAkrama#}¦ <lex>m.</lex> {%das nicht über Einen Kommen%} <ls>MAITR. S. 4,1,14</ls>.	sch	
anAkramaRa	1-288-a	{#anAkramaRa#}¦ <lex>n.</lex> {%das Nichtbetreten%} <ls>Ind. St. 13,472</ls>.	sch	
anAkramya	1-288-a	{#anAkramya#}¦ <lex>Adj.</lex> {%unerreichbar für%} (<ab>Gen.</ab>) <ls>KATHĀS. 72,337</ls>.	sch	
anAkroSaka	2-288-c	{#anAkroSaka#}¦ <lex>Adj.</lex> {%nicht schmähend, — schimpfend%} <ls>ŚĀṂKH. GṚHY. 4,12</ls>.	sch	
anAkroSya	1-288-a	{#anAkroSya#}¦ <lex>Adj.</lex> {%den man nicht anfahren darf%} <ls>ĀPAST.</ls>	sch	
anAkzipa	7-385-b	{#anAkzipa#}¦ <ab>s.</ab> oben <ab n="unter">u.</ab> {#AnA˚#}.	sch	
anAlakzya	1-288-b	{#anAlakzya#}¦ <lex>Adj.</lex> {%unsichtbar%} <ls>KATHĀS. 88,52</ls>.	sch	
anAlambam	3-250-a	{#anAlambam#}¦ <ab>Absol.</ab> {%ohne zu stützen%} <ls>MĀN. GṚHY. 2,1</ls>.	sch	
anAlasya	1-288-b	{#anAlasya#}¦ <lex>Adj.</lex> {%unverdrossen%} <ls>HEMĀDRI 1,552,11</ls>.	sch	
anAleSa	4-292-b	{#anAleSa/#}¦ <lex>m.</lex> {%das nicht auf die Weide Gehen%} <ls>TS. 5,1,5,5</ls>.	sch	
anAloka	1-288-b	{#anAloka#}¦ <lex>Adj.</lex> {%finster, dunkel%} <ls>MBH. 13,64,10</ls>.	sch	
anAmagfhIta	2-289-a	{#anAmagfhIta#}¦ <lex>Adj.</lex> (ein <is>Piṇḍa</is>) {%bei dem der Name%} (des Ahnen) {%nicht ausgesprochen worden ist%} <ls>ĀPAST. ŚR. 1,9,5</ls>.	sch	
anAmarUpa	3-250-a	{#anAmarUpa#}¦ <lex>Adj.</lex> {%ohne Namen und Gestalt%} <ls>VP. 4,1,26</ls>. <ls>BHĀG. P. 1,10,22</ls>.	sch	
anAmarzamARa	4-292-a	{#anAmarzamARa#}¦ <lex>Adj.</lex> {%Etwas nicht geduldig ertragend%} <ls>R. 4,12,38</ls>.	sch	
anAmayastava	2-289-a	{#anAmayastava#}¦ <lex>m.</lex> Titel eines Werkes <ls>OPP. Cat. 1</ls>.	sch	
anAmfzwa	1-288-b	{#anAmfzwa#}¦ <lex>Adj.</lex> {%unberührt%} <ls>DAŚAK. 74,16</ls>.	sch	
anAmukta	4-292-a	{#anAmukta#}¦ <lex>Adj.</lex> {%nicht angelegt%} (ein Schmuck) <ls>Spr. 271</ls>, <ab>v. l.</ab>	sch	
anAnamya	1-288-b	{#anAnamya#}¦ <lex>Adj.</lex> {%nicht zu biegen%} <ls>MBH. 1,185,9</ls>.	sch	
anApadyamAna	3-250-a	{#anApadyamAna#}¦ <lex>Adj.</lex> {%nicht zutreffend%} <ls>LĀṬY. 6,4,5</ls>.	sch	
anApfzwa	4-292-a	{#anApfzwa#}¦ <lex>Adj.</lex> {%worum man nicht gefragt hat%} <ls>BHĀG. P. 3,7,36</ls>.	sch	
anApfzwakaTa	4-292-a	{#anApfzwakaTa#}¦ <lex>Adj.</lex> {%ungefragt erzählend, — sprechend%} <ls>MĀRK. P. 20,20</ls>.	sch	
anAplavamAna	2-289-a	{#anAplavamAna#}¦ <lex>n.</lex> {%sich nicht badend, — waschend%} <ls>LĀṬY. 9,2,18</ls>.	sch	
anApnuvant	2-289-a	{#anApnuvant#}¦ <lex>Adj.</lex> {%nicht gelangend zu, — theilhaftig werdend%} <ls>RAGH. 2,73</ls>.	sch	
anAptar	1-288-b	{#anAptar#}¦ <ab>Nom.</ab> {%der nicht theilhaftig wird%} <ls>ŚIŚ. 16,38</ls>.	sch	
anArBava	5-242-c	{#anArBava#}¦ <lex>Adj.</lex> <ab>s. u.</ab> {#anABu#} oben.	sch	
anArdrakaramuKa	3-250-a	{#anArdrakaramuKa#}¦ <lex>Adj.</lex> {%mit unbenetzten Händen und Gesicht%} <ls>VIṢṆUS. 68,35</ls>.	sch	
anArdrapAda	3-250-a	{#anArdrapAda#}¦ <lex>Adj.</lex> {%mit unbenetzten Füssen%} <ls>VIṢṆUS. 68,34</ls>.	sch	
anArohaka	7-298-c	{#anArohaka#}¦ <lex>Adj.</lex> {%ohne Reiter%} <ls>JĀTAKAM. 25</ls>.	sch	
anAropya	1-288-b	{#anAropya#}¦ <lex>Adj.</lex> {%nicht mit einer Sehne zu beziehen%} <ls>HARIV. 4504</ls>.	sch	
anArudDa	6-294-c	{#anArudDa#}¦ <lex>Adj.</lex> {%unbehindert%} <ls>AIT. BR. 8,24,6</ls>.	sch	
anAryava	1-288-b	{#anAryava#}¦ <lex>n.</lex> {%Unehrenhaftigkeit%} <ls>ĀPAST.</ls> <ab>Vgl.</ab> {#Aryava#}.	sch	
anAsAdayamAna	7-298-d	{#anAsAdayamAna#}¦ <lex>Adj.</lex> {%nicht findend%} <ls>R. ed. Bomb. 3,61,12</ls>.	sch	
anAsAdayant	6-294-c	{#anAsAdayant#}¦ <lex>Adj.</lex> (<lex>f.</lex> {#˚ntI#}) {%nicht erlangend, — theilhaftig werdend%} 〔302,17〕.	sch	
anAsTita	1-288-b	{#anAsTita#}¦ <lex>Adj.</lex> {%nicht eingenommen%} (Platz) <ls>BHĀG. P. 4,12,26</ls>.	sch	
anAsanayogavihita	5-242-c	{#anAsanayogavihita#}¦ <lex>Adj.</lex> {%dem kein Sitz angeboten worden ist%} <ls>ĀPAST. 1,6,26</ls>.	sch	
anAsavAKya	1-288-b	{#anAsavAKya#}¦ <lex>Adj.</lex> {%nicht Liqueur heissend%} <ls>KUMĀRAS. 1,31</ls>.	sch	
anAseDa	6-294-c	{#anAseDa#}¦ = {#nirAtaNka#} <ls>VALL.</ls> zu <ls>ŚIŚ. 19,44</ls> nach <ls>HULTZSCH</ls>.	sch	
anAsita	1-288-b	{#anAsita#}¦ <lex>Adj.</lex> {%dem man nicht obliegt%} <ls>R. 2,71,35</ls>. {#anASita#} <ab>v. l.</ab>	sch	
anAstarita	7-298-d	{#anAstarita#}¦ <lex>Adj.</lex> = {#anAntIrRa#} <ls>JĀTAKAM. 31</ls>.	sch	
anAstfta	6-294-c	{#anAstfta#}¦ <lex>Adj.</lex> (<lex>f.</lex> {#A#}) {%unüberdeckt, bloss%} ({#SayyA#}) <ls>VP. 3,11,108</ls>.	sch	
anAsvAdya	1-288-b	{#anAsvAdya#}¦ <lex>Adj.</lex> {%nicht schmackhaft%} (<ab>übertr.</ab>) <ls>SĀH. D. 117,4</ls>. <ab>Nom. abstr.</ab> {#˚tva#} <lex>n.</lex> 6.	sch	
anAtmaparajYa	1-288-a	{#anAtmaparajYa#}¦ <lex>Adj.</lex> {%weder sich noch Andere kennend%} <ls>NAIṢ. 4,78</ls>.	sch	
anAtyaya	1-288-a	{#anAtyaya#}¦ <lex>m.</lex> <ls>ĀPAST.</ls> fehlerhaft für {#anatyaya#}.	sch	
anAvaSyakatva	1-288-b	{#anAvaSyakatva#}¦ <lex>n.</lex> {%keine Unumgänglickeit%} <ls>SĀH. D. 123,14</ls>.	sch	
anAvartayant	5-242-c	{#anAvartayant#}¦ <lex>Adj.</lex> {%nicht umdrehend%} <ls>ŚĀṄKH. ŚR. 16,1,20</ls>.	sch	
anAviHsraganulepa	1-288-b	{#anAviHsraganulepa#}¦ <lex>Adj.</lex> {%keine Kränze und keine Salbe zur Schau tragend%} <ls>ĀPAST. 1,32,5</ls>.	sch	
anAvigna	5-242-c	{#anAvigna#}¦ <lex>Adj.</lex> {%nicht in Aufregung gerathen, — bestürzt%} <ls>HARIV. 4234</ls>.	sch	
anAvizkurvant	1-288-b	{#anAvizkurvant#}¦ <lex>Adj.</lex> {%nicht kund thuend%} <ls>BĀDAR. 3,4,50</ls>.	sch	
anAyAnt	4-292-a	{#anAyAnt#}¦ <lex>Adj.</lex> {%nicht zurückkommend%} (von einem Klystier) <ls>SUŚR. 2,214,19</ls>.	sch	
anAyAta	4-292-a	{#anAyAta#}¦ <lex>Adj.</lex> {%nicht hinausgegangen aus%} (<ab>Abl.</ab>) <ls>RĀJAT. 8,2120</ls>. {%nicht zurückgekommen%} (von einem Klystier) <ls>SUŚR. 2,214,20</ls>.	sch	
anAya	3-250-a	{#anAya#}¦ <lex>Adj.</lex> {%keine Staatsweisheit besitzend%} <ls>Spr. 1680</ls>.	sch	
anAyamya	1-288-b	{#anAyamya#}¦ <lex>Adj.</lex> {%nicht zu spannen%} <ls>MBH. 1,6953</ls>. {#anAnamya#} <ab>v. l.</ab>	sch	
anAyasita	4-292-a	{#anAyasita#}¦ <lex>Adj.</lex> {%nicht in Bewegung gesetzt%} (Bogen) <ls>Spr. 2289</ls>.	sch	
anAyasta	4-292-a	{#anAyasta#}¦ <lex>Adj.</lex> {%wobei man sich nicht anstrengt%}.	sch	
anAyatikzama	2-289-a	{#anAyatikzama#}¦ <lex>Adj.</lex> {%nicht erspriesslich für die Folge%} <ls>Spr. 198</ls>.	sch	
anDasvant	1-290-c	{#anDasvant#}¦ <lex>Adj.</lex> {%das Wort%} {#anDas#} {%enthaltend%} <ls>TĀṆḌYA-BR. 12,3,3</ls>.	sch	
anErBftya	3-250-c	{#anErBftya#}¦ <lex>n.</lex> <ls>MBH. 5,1667</ls> fehlerhaft für {#anEBftya#}.	sch	
anEraMmada	1-290-b	{#anEraMmada#}¦ <lex>Adj.</lex> {%nicht von Wetterleuchten kommend%} <ls>BĀLAR. 53,19</ls>.	sch	
anEzaDa	1-290-b	{#anEzaDa#}¦ <lex>m.</lex> {%ein Anderer als%} <is>Nala</is> <ls>NAIṢ. 3,79</ls>.	sch	
anEzwika	6-294-c	{#anEzwika#}¦ <lex>Adj.</lex> {%nicht zur%} <is>Iṣṭi</is> {%gehörend%}. <ab>Nom. abstr.</ab> {#tva#} <lex>n.</lex> <ls><ab>Comm.</ab> zu ĀPAST. ŚR. 15,5,19</ls>.	sch	
anIdfS	1-289-a	{#anIdfS#}¦ <lex>Adj.</lex> {%nicht gleichkommend, nachstehend%} <ls>NAIṢ. 1,61</ls>.	sch	
anIdfgASaya	3-250-b	{#anIdfgASaya#}¦ <lex>Adj.</lex> {%nicht von solcher Gesinnungsweise%} <ls>KIR. 2,28</ls>.	sch	
anIdfgAtman	5-243-a	{#anIdfgAtman#}¦ <lex>Adj.</lex> {%einzig in seiner Art%} <ls>ŚIŚ. 14,43</ls>.	sch	
anIkatva	1-288-c	{#anIkatva#}¦ <lex>n.</lex> <ab>Nom. abstr.</ab> zu {#anIka#} 1〉 <ls>MAITR. S. 1,10,14</ls>.	sch	
anIkzA	1-288-c	{#anIkzA#}¦ <lex>f.</lex> {%das Nichtsehen, nicht zu Gesicht Bekommen%} [Page1-289-a] <ls>NAIṢ. 6,43</ls>.	sch	
anIpsanIya	7-299-b	{#anIpsanIya#}¦ <lex>Adj.</lex> {%was man nicht wünschen darf%} <ls>R. ed. Bomb. 4,24,13</ls>.	sch	
anItiSAstrajYa	3-250-b	{#anItiSAstrajYa#}¦ <lex>Adj.</lex> {%mit den Lehren der Staatsweisheit nicht vertraut%} <ls>Spr. 1395</ls>.	sch	
anOSIra	1-290-b	{#anOSIra#}¦ <lex>Adj.</lex> {%ohne%} <is>Auśīra</is>-{%Salbe%}.	sch	
anOpayika	1-290-b	{#anOpayika#}¦ <lex>Adj.</lex> {%unangemessen%}. <ab>Instr.</ab> in der <ab>Bed.</ab> eines <lex>Adv.</lex> <ls>NAIṢ. 5,115</ls>.	sch	
anUQatA	1-290-a	{#anUQatA#}¦ <lex>f.</lex> {%das Nichtverheirathetsein einer Frau mit%} (im <ab>Comp.</ab> vorangehend) <ls>NAIṢ. 3,46</ls>.	sch	
anUcyamAnatva	5-243-b	{#anUcyamAnatva#}¦ <lex>n.</lex> {%das Studirtwerden%} <ls>ŚAṂK.</ls> zu <ls>BṚH. ĀR. UP. S. 3</ls>.	sch	
anUnagariman	3-250-c	{#anUnagariman#}¦ <lex>Adj.</lex> {%von nicht geringerer Würde als%} (<ab>Abl.</ab>) <ls>PR. P. vor 36</ls>.	sch	
anUpareKA	1-290-a	{#anUpareKA#} und {#anUpavatI#}¦ <lex>f.</lex> <ab>N. pr.</ab> zweier <is>Surāṅganā</is> <ls>Ind. St. 15</ls>.	sch	
anUrDvakarman	1-290-a	{#anUrDvakarman#} <lex>n.</lex> und {#˚kriyA#} <lex>f.</lex>¦ {%keine Handlung nach oben%} <ls>P. 1,3,24</ls> und <ab>Sch.</ab>	sch	
anaBiBAzamARa	6-294-b	{#anaBiBAzamARa#}¦ <lex>Adj.</lex> {%mit Jmd nicht redend%} <ls>BAUDH. 2,3,42</ls>.	sch	
anaBiDAvant	3-249-b	{#anaBiDAvant#}¦ <lex>Adj.</lex> {%nicht zur Hülfe eilend%} <ls>VIṢṆUS. 5,74</ls>.	sch	
anaBiDUnvant	2-288-c	{#anaBiDUnvant#}¦ <lex>Adj.</lex> {%nicht befächelnd%} <ls>ĀPAST. ŚR. 15,8,14</ls>.	sch	
anaBiDfzRuvant	1-287-b	{#a/naBiDfzRuvant#}¦ <lex>Adj.</lex> {%nicht bezwingend%} <ls>MAITR. S. 1,10,14</ls>.	sch	
anaBiDvaMsayant	5-242-b	{#anaBiDvaMsayant#}¦ <lex>Adj.</lex> {%nicht bespritzend%} <ls>ĀPAST. ŚR. 12,14,15</ls>.	sch	
anaBiGnant	1-287-b	{#anaBiGnant#}¦ <lex>Adj.</lex> {%nicht darauf schlagend%} <ls>ĀPAST. 2,22,13</ls>.	sch	
anaBiKyAtadoza	2-288-c	{#anaBiKyAtadoza#}¦ <lex>Adj.</lex> {%dessen Verbrechen nicht bekannt ist%} <ls>YĀJÑ. 3,301</ls>.	sch	
anaBiSaNka	2-288-c	{#anaBiSaNka#}¦ <lex>Adj.</lex> {%ohne Argwohn%} <ls>DAŚAK. (1925) 2,97,2</ls>.	sch	
anaBiSaNkita	2-288-c	{#anaBiSaNkita#}¦ <lex>Adj.</lex> {%keine Scheu habend, unbesorgt%} <ls>KṢURIKOP. 14</ls>. {#˚m#} <lex>Adv.</lex> {%ohne Scheu, unbesorgt%}.	sch	
anaBidrugDa	7-297-c	{#anaBidrugDa#}¦ <lex>Adj.</lex> {%nicht feindlich gesinnt%} <ls>JĀTAKAM. 25</ls>.	sch	
anaBigIta	1-287-b	{#anaBigIta#}¦ <lex>Adj.</lex> {%nicht mit dem zwetten%} <is>Svara</is> {%beginnend und mit dem ersten endend%} <ls>SAṂHITOPAN. 17,2</ls>.	sch	
anaBigamana	3-249-b	{#anaBigamana#}¦ <lex>n.</lex> {%das Nichthingehen in%} (<ab>Loc.</ab>) <ls>VIṢṆUS. 25,10</ls>.	sch	
anaBijAta	2-288-c	{#anaBijAta#}¦ auch {%unhöflich, unmanierlich%} <ls>HARṢAC. 211,17</ls>.	sch	
anaBijYAna	3-249-b	{#anaBijYAna#}¦ <lex>n.</lex> {%Unkenntniss%} <ls>PRAB. 114,14</ls>, <ab>v. l.</ab>	sch	
anaBijYAta	1-287-b	{#anaBijYAta#}¦ <lex>Adj.</lex> {%von dem man Nichts weiss%}. <ab>Nom. abstr.</ab> {#˚tA#} <lex>f.</lex> <ls>DAŚAK. 8,14</ls>.	sch	
anaBijalpita	2-288-c	{#anaBijalpita#}¦ <lex>Adj.</lex> {#sAntvena#} {%nicht von freundlichen Worten begleitet%} <ls>MBH. 12,84,7</ls>.	sch	
anaBimAna	3-249-c	{#anaBimAna#}¦ <lex>m.</lex> {%kein Selbstgefühl, Demuth, Bescheidenheit%} <ls>MBH. 12,270,39</ls>.	sch	
anaBimfta	4-292-a	{#a/naBimfta#}¦ <lex>Adj.</lex> {%nicht durch den Tod befleckt%} <ls>MAITR. S. 1,6,2</ls> (<ls n="MAITR. S. 1,">89,14</ls>. <ls n="MAITR. S. 1,">90,12</ls>).	sch	
anaBimuKa	1-287-b	{#anaBimuKa#}¦ <lex>Adj.</lex> (<lex>f.</lex> {#I#}) {%abgewandt%} <ls>MUDRĀR. 67,1 (109,2)</ls>.	sch	
anaBinandant	1-287-b	{#anaBinandant#}¦ <lex>Adj.</lex> {%sich über Etwas nicht freuend%} <ls>TĀṆḌYA-BR. 5,9,3</ls>.	sch	
anaBinivizwa	5-242-b	{#anaBinivizwa#}¦ <lex>Adj.</lex> {%nicht auf seinem Kopfe bestehend%} <ls>HEM. YOG. 1,52</ls>.	sch	
anaBipanna	3-249-c	{#anaBipanna#}¦ <lex>Adj.</lex> {%nicht gepackt, — erfasst%} <ls>SUŚR. 1,128,2</ls>.	sch	
anaBipariharant	6-294-b	{#anaBipariharant#}¦ <lex>Adj.</lex> {%nicht umkreisend, — umfahrend%} <ls>KAUŚ. 44</ls>.	sch	
anaBiprARant	2-288-c	{#anaBiprARant#}¦ <lex>Adj.</lex> {%nicht darüber einathmend%} <ls>ĀPAST. ŚR. 15,2,11</ls>.	sch	
anaBiprIta	4-292-a	{#anaBiprIta#}¦ <lex>Adj.</lex> {%nicht befriedigt%} <ls>AIT. BR. 2,12,2</ls>. <ls n="AIT. BR.">8,24,5</ls>.	sch	
anaBirati	3-249-c	{#anaBirati#}¦ <lex>f.</lex> {%keine Freude an%} (<ab>Loc.</ab>) <ls>VIṢṆUS. 25,7</ls>.	sch	
anaBisaMDipUrva	1-287-c	{#anaBisaMDipUrva#}¦ <lex>Adj.</lex> {%unbeabsichtigt%} <ls>ĀPAST.</ls>	sch	
anaBisaMDita	6-294-b	{#anaBisaMDita#}¦ <lex>Adj.</lex> {%uneigennützig%} <ls>MĀRK. P. 95,14</ls>. <ls n="MĀRK. P. 95,">15</ls>.	sch	
anaBisaMbadDa	4-292-a	{#anaBisaMbadDa#}¦ <lex>Adj.</lex> {%nicht zusammenhängend%} <ls>SUŚR. 2,58,16</ls>.	sch	
anaBisara	7-297-c	{#anaBisara#}¦ <lex>Adj.</lex> {%keinen Gefährten habend%} <ls>DAŚAK. (1883) 127,10</ls>.	sch	
anaBisnigDa	6-294-b	{#anaBisnigDa#}¦ <lex>Adj.</lex> {%nicht zugethan%} <ls>R. GORR. 2,18,7</ls>.	sch	
anaBiyukta	1-287-b	{#anaBiyukta#}¦ <lex>Adj.</lex> {%sich um Etwas%} (<ab>Loc.</ab>) {%nicht kümmernd%} <ls>MUDRĀR. 68,3</ls>. <ls n="MUDRĀR.">69,19</ls> (<ls n="MUDRĀR.">112,3</ls>. <ls n="MUDRĀR.">115,8</ls>).	sch	
anaByAhatam	1-287-c	{#anaByAhatam#}¦ <lex>Adv.</lex> {%ohne Unterbrechung, — Wiederholung%} <ls>ĀŚV. ŚR. 4,15,11</ls>.	sch	
anaByAvfttam	3-249-c	{#anaByAvfttam#}¦ <lex>Adv.</lex> {%abgewandt%} <ls><ab>Comm.</ab> zu KĀTY. ŚR. 8,3,32</ls>.	sch	
anaByasUyA	1-287-c	{#anaByasUyA#}¦ <lex>f.</lex> = {#anasUyA#} <ls>HEMĀDRI 2,a,7,19</ls>.	sch	
anaByudita	5-242-b	{#anaByudita#}¦ <lex>Adj.</lex> {%nicht ausgesagt, — ausgedrückt%} <ls>KENOP. 4</ls>.	sch	
anaDItapUrva	1-287-a	{#anaDItapUrva#}¦ <lex>Adj.</lex> {%der vorher noch nicht studirt hat%} <ls>ĀŚV. ŚR. 8,14,21</ls>.	sch	
anaDItavant	1-287-a	{#anaDItavant#}¦ <lex>Adj.</lex> {%der Etwas%} (<ab>Acc.</ab>) {%nicht studirt hat%} <ls>HEMĀDRI 1,524,20</ls>.	sch	
anaDItin	5-242-b	{#anaDItin#}¦ <lex>Adj.</lex> {%der den%} <is>Veda</is> {%nicht studirt hat%} <ls>KĀŚĪKH. 43,45</ls>.	sch	
anaDara	1-287-a	{#anaDara#}¦ <lex>Adj.</lex> (<lex>f.</lex> {#A#}) {%nicht geringer, — nachstehend%} <ls>NAIṢ. 3,42</ls>.	sch	
anaDiSraya	6-294-b	{#anaDiSraya#}¦ <lex>Adj.</lex> (<lex>f.</lex> {#A#}) {%unbewohnt, menschenleer%} <ls>R. GORR. 2,68,56</ls>.	sch	
anaDyAsana	1-287-a	{#anaDyAsana#}¦ <lex>n.</lex> {%das Nichtbetreten%} <ls>Ind. St. 13,472</ls>.	sch	
anaDyAyaka	1-287-a	{#anaDyAyaka#}¦ <lex>Adj.</lex> {%die Einstellung des Studiums veranlassend%} <ls>ŚĀṄKH. GṚHY. 6,1</ls>.	sch	
anaNgIkaraRa	1-286-c	{#anaNgIkaraRa#}¦ <lex>n.</lex> {%das Nichteinräumen%} und zugleich {%das Jmd körperlos Machen%} <ls>NAIṢ. 8,41</ls>.	sch	
anaNgIkfta	1-286-c	{#anaNgIkfta#}¦ 2〉 auch {%was man sich nicht hat angelegen sein lassen%} <ls>NAIṢ. 7,64</ls>.	sch	
anaNgIkurvant	3-249-b	{#anaNgIkurvant#}¦ <lex>Adj.</lex> {%Etwas%} (<ab>Acc.</ab>) {%nicht einräumend%} <ls>SĀH. D. 31,12</ls>.	sch	
anaNgaDvajA	1-286-c	{#anaNgaDvajA#}¦ <lex>f.</lex> <ab>N. pr.</ab> einer <is>Surāṅganā</is> <ls>Ind. St. 15</ls>.	sch	
anaNgadviz	1-286-c	{#anaNgadviz#}¦ <lex>m.</lex> <ab>Bein.</ab> <is>Śiva</is>ʼs <ls>HARṢAC. 188,15</ls>.	sch	
anaNgahIna	7-296-d	{#anaNgahIna#}¦ I. <ls>ĀPAST. ŚR. 10,1,1</ls>.	sch	
anaNgajayA	1-286-c	{#anaNgajayA#}¦ <lex>f.</lex> <ab>N. pr.</ab> einer <is>Surāṅganā</is> <ls>Ind. St. 15</ls>.	sch	
anaNgana	1-286-c	{#anaNgana#}¦ <lex>m.</lex> <ab>N. pr.</ab> eines Mannes <ls>DIVYĀV. 109</ls>.	sch	
anaNgatA	1-286-c	{#anaNgatA#}¦ <lex>f.</lex> = {#anaNgatva#} <ls>NAIṢ. 8,66</ls>.	sch	
anaNgataraMgiRI	3-249-b	{#anaNgataraMgiRI#}¦ <lex>f.</lex> <ab>N. pr.</ab> einer Hetäre <ls>KAUTUKAR.</ls>	sch	
anaNgatilaka	2-288-b	{#anaNgatilaka#} <lex>m.</lex> und {#anaNgaSeKara#} <lex>m.</lex>¦ Titel zweier Werke <ls>OPP. Cat. 1</ls>.	sch	
anaNgavatI	5-242-a	{#anaNgavatI#}¦ <lex>f.</lex> ein Frauenname <ls>VĀSAV. 130,1</ls>.	sch	
anaSanAyuka	1-287-c	{#anaSanAyuka#}¦ <lex>Adj.</lex> (<lex>f.</lex> {#A#}) {%keinen Hunger leidend%} <ls>TĀṆḌYA-BR. 2,7,7</ls>. <ls n="TĀṆḌYA-BR.">13,6,3</ls>.	sch	
anaSlIla	1-287-c	{#anaSlIla#}¦ <lex>Adj.</lex> {%anständig%} <ab>Nom. abstr.</ab> {#˚tA#} <lex>f.</lex> <ls>HEMĀDRI 2,a,18,1</ls>.	sch	
anaSnuvAna	2-288-c	{#anaSnuvAna#}¦ <lex>Adj.</lex> {%nicht gelangend zu%} (<ab>Acc.</ab>) <ls>RAGH. 18,47</ls>.	sch	
anadanIya	4-291-c	{#anadanIya#}¦ <lex>Adj.</lex> {%nicht essbar%} <ls><ab>Comm.</ab> zu TS. 2,738,4</ls>.	sch	
anagnaMBAvuka	2-288-b	{#anagnaMBAvuka#}¦ <lex>Adj.</lex> (<lex>f.</lex> {#A#}) <ls>KAP. S. 39,2</ls>. <ls n="KAP. S.">41,4</ls>.	sch	
anagnaka	5-242-a	{#anagnaka#}¦ (<lex>f.</lex> {#˚gnikA#}) {%nicht nackt;%} <lex>f.</lex> so <ab>v. a.</ab> {%nicht mehr nackt gehend, mannbar%} <ls>VASIṢṬHA 5,2</ls>.	sch	
anagnisAkzika	1-286-c	{#anagnisAkzika#}¦ <lex>Adj.</lex> {%wobei%} <is>Agni</is> {%nicht Zeuge ist%} <ls>NAIṢ. 9,80</ls>.	sch	
anagnyuzRa	3-249-b	{#anagnyuzRa#}¦ <lex>Adj.</lex> {%nicht am Feuer gewärmt%} <ls>VIṢṆUS. 62,5</ls>.	sch	
anahaMbudDi	1-288-a	{#anahaMbudDi#}¦ <lex>Adj.</lex> {%ohne Hochmuth%} <ls>MBH. 13,108,6</ls>.	sch	
anaktASin	1-286-c	{#anaktASin#}¦ <lex>Adj.</lex> {%nicht in der Nacht essend%} <ls>ĀPAST.</ls>	sch	
anakzRayA	3-249-b	{#anakzRayA#}¦ <lex>Adv.</lex> {%nicht in diagonaler Richtung%} <ls>MĀN. ŚR. 1,3,2</ls>. <ls>GṚHY. 2,2</ls>.	sch	
anakzajYa	1-286-c	{#anakzajYa#}¦ <lex>Adj.</lex> {%das Würfelspiel nicht verstehend%} <ls>MBH. 3,52,44</ls>.	sch	
anakzatragaRa	3-249-b	{#anakzatragaRa#}¦ <lex>Adj.</lex> {%sternenlos%} <ls>R. 4,44,44</ls>.	sch	
anakzigata	1-286-c	{#anakzigata#}¦ <lex>Adj.</lex> {%kein Dorn im Auge seiend%} <ls>HARṢAC. 148,18</ls>.	sch	
analatA	1-287-c	<hom>1.</hom> {#analatA#}¦ <lex>f.</lex> <ab>Nom. abstr.</ab> von {#anala#} {%Feuer%} <ls>NAIṢ. 5,63</ls>.	sch	
analpajalpa	4-292-a	{#analpajalpa#}¦ <lex>Adj.</lex> {%viel schwatzend%} <ls>BHĀM. V. 1,98</ls>.	sch	
analpatva	3-249-c	{#analpatva#}¦ <lex>n.</lex> {%Stärke%} <ls>ŚIŚ. 2,90</ls>.	sch	
anamaskAra	3-249-c	{#anamaskAra#}¦ <lex>Adj.</lex> {%sich nicht verbeugend vor, nicht huldigend;%} mit <ab>Loc.</ab> <ls>MBH. 13,93,135</ls>.	sch	
anamitapUrva	3-249-c	{#anamitapUrva#}¦ <lex>Adj.</lex> {%früher nicht gespannt%} (Bogen) <ls>RAGH. 11,72</ls>.	sch	
ananiyogapUrva	1-287-a	{#ananiyogapUrva#}¦ <ls>ĀPAST.</ls> fehlerhaft für {#ananuyoga˚#}.	sch	
anannaSradDAjanana	5-242-b	{#anannaSradDAjanana#}¦ (<ab>Conj.</ab>) <lex>Adj.</lex> {%keine Esslust machend, den Appetit vertreibend%} <ls>CARAKA 1,25 (Calc. Ausg. 151,9)</ls>.	sch	
anantAnubanDaka	4-291-c	{#anantAnubanDaka#}¦ (so nach <ls>WINDISCH</ls> zu lesen) <lex>Adj.</lex> {%endlos —, ununterbrochen dauernd%} <ls>HEM. YOG. 4,7</ls>.	sch	
anantAryadaSaka	7-297-a	{#anantAryadaSaka#}¦ 2.	sch	
anantaDUpa	1-287-a	{#anantaDUpa#}¦ <lex>m.</lex> {%ein <ab>best.</ab> Räucherwerk%} <ls>HEMĀDRI 2,a,50,13</ls>.	sch	
anantaDvajA	1-287-a	{#anantaDvajA#}¦ <lex>f.</lex> <ab>N. pr.</ab> einer <is>Surāṅganā</is> <ls>Ind. St. 15</ls>.	sch	
anantacCadin	2-288-b	{#anantacCadin#}¦ <lex>Adj.</lex> {%eine unendliche Anzahl von Felgen habend%} <ls>BHĀG. P. 3,21,18</ls>.	sch	
anantakIrti	2-288-b	{#anantakIrti#}¦ <lex>m.</lex> <ab>N. pr.</ab> eines Mannes <ls>DAŚAK. (1925) 2,121,11</ls>.	sch	
anantargarBaka	1-287-a	{#anantargarBaka#} (<ls>HEMĀDRI 2,a,41,2</ls>) und {#anantargarBin#} (<ab>Cit.</ab> im <ls><ab>Comm.</ab> zu GOBH. 1,7,6</ls>. <ls n="GOBH.">2,7,5</ls>)¦ <lex>Adj.</lex> = {#anantargarBa#}.	sch	
anantasIra	1-287-a	{#anantasIra#}¦ <lex>m.</lex> <ab>N. pr.</ab> eines Mannes <ls>DAŚAK. 90,20</ls>.	sch	
anantavratakalpa	2-288-b	{#anantavratakalpa#} <lex>m.</lex>, {#˚vrataviDi#} <lex>m.</lex>, {#anantAryadaSaka#} <lex>n.</lex> und {#anantopanizad#} <lex>f.</lex>¦ Titel von Werken <ls>OPP. Cat. 1</ls>.	sch	
anantikasTa	5-242-b	{#anantikasTa#}¦ <lex>Adj.</lex> {%nicht in der Nähe seiend, entfernt%} <ls>SĀY.</ls> zu <ls>ṚV. 1,165,2</ls>.	sch	
anantopanizad	7-297-a	{#anantopanizad#}¦ 2.	sch	
ananuDyAyant	3-249-b	{#ananuDyAyant#}¦ <lex>Adj.</lex> {%nicht denkend an%} (<ab>Gen.</ab>) <ls>MBH. 12,269,31</ls>.	sch	
ananuSasta	1-287-a	{#ananuSasta#}¦ <lex>Adj.</lex> {%wonach nicht recitirt worden ist%} <ls>TĀṆḌYA-BR. 4,9,13</ls>.	sch	
ananucara	5-242-b	{#ananucara#}¦ <lex>Adj.</lex> {%ohne Begleiter%} <ls>GOBH. 3,5,36</ls>.	sch	
ananukUla	2-288-b	{#ananukUla#}¦ <lex>Adj.</lex> {%ungünstig%} <ls>DAŚAK. (1925) 2,108,3</ls>.	sch	
ananukampanIya	3-249-b	{#ananukampanIya#}¦ <lex>Adj.</lex> {%nicht zu bemitleiden%} <ls>MAHĀVĪRAC. 88,13</ls>.	sch	
ananusaMDAna	3-249-b	{#ananusaMDAna#}¦ auch {%das Fehlen einer Untersuchung, — Erkundigung%} <ls>MAHĀVĪRAC. 119,15</ls>.	sch	
ananusarga	2-288-b	{#ananusarga#}¦ <lex>m.</lex> {%das Nichtloslassen%} <ls>KĀṬH. 33,7</ls>.	sch	
ananusfta	6-294-b	{#ananusfta#}¦ <lex>Adj.</lex> {%nicht verfolgt%} (Weg) <ls>Verz. d. Oxf. H. 170,b,5</ls> <ab>v. u.</ab>	sch	
ananutApin	3-249-b	{#ananutApin#}¦ <lex>Adj.</lex> {%nicht bussfertig%} <ls>ANUKR.</ls> zu <ls>VIṢṆUS.</ls>	sch	
ananuvazawkAra	5-242-b	{#ananuvazawkAra#}¦ <lex>Adj.</lex> {%nicht von dem wiederholten%} <is>Vaṣaṭ</is>-{%Ruf begleitet%} <ls>ĀPAST. ŚR. 12,23,9</ls>.	sch	
ananuzWAtar	3-249-b	{#˚ananuzWAtar#}¦ <ab>Nom. ag.</ab> {%Etwas nicht ausführend%}. <ab>Nom. abstr.</ab> {#˚tftva#} <lex>n.</lex> <ls>KULL.</ls> zu <ls>M. 10,58</ls>.	sch	
ananvIkzamARa	2-288-c	{#ananvIkzamARa#}¦ <lex>Adj.</lex> {%nicht hinschauend%} <ls>ĀPAST. ŚR. 15,11,7</ls>.	sch	
ananvizyant	1-287-b	{#ananvizyant#}¦ <lex>Adj.</lex> {%nicht nachforschend nach%} (<ab>Acc.</ab>) 〔120,20〕.	sch	
ananyADIna	2-288-b	{#ananyADIna#}¦ <lex>Adj.</lex> (<lex>f.</lex> {#A#}) {%von keinem Andern abhängig%} [Page2-288-c] <ls><ab>ebend.</ab> 2,117,18</ls>.	sch	
ananyApatya	2-288-c	{#ananyApatya#}¦ <lex>Adj.</lex> {%keine andere Nachkommenschaft habend%} <ls><ab>ebend.</ab> 2,126,8</ls>.	sch	
ananyaBedya	4-292-a	{#ananyaBedya#}¦ <lex>Adj.</lex> {%unwiderlegbar für Andere%} <ls>Verz. d. Oxf. H. 248,b,36</ls>.	sch	
ananyaSaraRa	2-288-b	{#ananyaSaraRa#}¦ <lex>Adj.</lex> {%keine andere Zuflucht habend%} <ls><ab>ebend.</ab> 2,124,14</ls>.	sch	
ananyaTAvAdin	3-249-b	{#ananyaTAvAdin#}¦ <lex>Adj.</lex> {%nicht fälschlich redend%} <ls>VAJRACCH. 32,12</ls>.	sch	
ananyaTAvftti	1-287-b	{#ananyaTAvftti#}¦ <lex>Adj.</lex> {%mit nichts Anderm beschäftigt%} <ls>DAŚAK. 84,10</ls>.	sch	
ananyacetana	7-297-a	{#ananyacetana#}¦ <lex>Adj.</lex> = {#ananyacitta#} <ls>R. ed. Bomb. 3,75,29</ls>.	sch	
ananyadevata	3-249-b	{#ananyadevata#}¦ <lex>Adj.</lex> {%keine andern Götter habend%} <ls>MBH. 12,341,34</ls>.	sch	
ananyanATa	2-288-b	{#ananyanATa#}¦ <lex>Adj.</lex> {%keinen andern Beschützer habend%} <ls>DAŚAK. (1925) 2,126,11</ls>.	sch	
ananyanArIkamanIya	1-287-b	{#ananyanArIkamanIya#}¦ <lex>Adj.</lex> {%wonach kein anderes Weib verlangen kann%} <ls>KUMĀRAS. 1,37</ls>.	sch	
ananyanArIsAmAnya	6-294-b	{#ananyanArIsAmAnya#}¦ <lex>Adj.</lex> {%mit keinem anderen Weibe Gemeinschaft habend%} <ls>VIKR. 59</ls>.	sch	
ananyapUrvikA	3-249-b	{#ananyapUrvikA#}¦ <lex>Adj.</lex> <lex>f.</lex> {%früher mit keinem Andern vermählt%} <ls>YĀJÑ. 1,52</ls>.	sch	
ananyapara	6-294-b	{#ananyapara#}¦ <lex>Adj.</lex> {%auf nichts Anderes gerichtet%}. <ab>Nom. abstr.</ab> {#˚tA#} <lex>f.</lex> <ls>MĀLATĪM. 101,9</ls>.	sch	
ananyapratima	1-287-b	{#ananyapratima#}¦ <lex>Adj.</lex> (<lex>f.</lex> {#A#}) {%mit Anderm nicht zu vergleichen%} <ls>NAIṢ. 2,82</ls>.	sch	
ananyarUpa	7-297-b	{#ananyarUpa#}¦ <lex>Adj.</lex> {%nicht verschieden von%} (<ab>Gen.</ab>) <ls>R. ed. Bomb. 4,24,38</ls>.	sch	
ananyavAcya	5-242-b	{#ananyavAcya#}¦ <lex>Adj.</lex> {%keinem Andern zu sagen%} <ls>Verz. d. Oxf. H. 28,b,38</ls>.	sch	
ananyaviSrama	1-287-b	{#ananyaviSrama#}¦ <lex>Adj.</lex> (<lex>f.</lex> {#A#}) {%keinen andern Ruhepunct habend%} <ls>NAIṢ. 1,11</ls>.	sch	
ananyavyApAra	1-287-b	{#ananyavyApAra#}¦ <lex>Adj.</lex> (<lex>f.</lex> {#A#}) {%mit nichts Anderm beschäftigt%} <ls>DAŚAK. 80,15</ls>.	sch	
anapAkfzwa	2-288-c	{#anapAkfzwa#}¦ <lex>Adj.</lex> {%nicht herabgezogen, — erniedrigt%} <ls>Spr. 4766</ls>.	sch	
anapUpAkfti	2-288-c	{#anapUpAkfti#}¦ <lex>Adj.</lex> {%nicht kuchenförmig%} <ls>ĀPAST. ŚR. 1,25,4</ls>.	sch	
anapaSabdam	5-242-b	{#anapaSabdam#}¦ <lex>Adv.</lex> {%grammatisch richtig%} <ls>ŚIŚ. 14,20</ls>.	sch	
anapacAyitar	7-297-b	{#anapacAyitar#}¦ <ab>Nom. ag.</ab> {%nicht ehrend%} <ls>ŚĀṄKH. BR. 1,1</ls>.	sch	
anapacCAdayamAna	1-287-b	{#anapacCAdayamAna#}¦ <lex>Adj.</lex> {%nicht geheim haltend%} <ls>ĀPAST.</ls>	sch	
anapahata	2-288-c	{#anapahata#}¦ <lex>Adj.</lex> {%nicht ausgehülst%}.	sch	
anapakzeya	7-385-b	{#anapakzeya/#}¦ <lex>Adj.</lex> (<ab>Superl.</ab> {#˚tama#}) <ls>MAITR. S. 3,7,3 (77,17)</ls> fehlerhaft für {#anapakzepya/#} {%nicht abzuweisen%}.	sch	
anaparoDya	2-288-c	{#anaparo/Dya#}¦ <lex>Adj.</lex> {%nicht aus seinem Besitz zu vertreiben%} <ls>TAITT. ĀR. 6,5,2</ls>.	sch	
anapavftta	5-242-b	{#anapavftta#}¦ <ls>ŚĀṄKH. ŚR. 13,4,1</ls> fehlerhaft für {#anapavfkta#}.	sch	
anapavyAhAra	6-294-b	{#anapavyAhAra#}¦ <lex>m.</lex> {%keine weltliche Rede%} <ls><ab>Comm.</ab> zu ĀPAST. ŚR. 2,16,1</ls>.	sch	
anapavyAharant	6-294-b	{#anapavyAharant#}¦ <lex>Adj.</lex> {%keine weltliche Rede führend%} <ls>ĀPAST. ŚR. 2,16,1</ls>.	sch	
anapavyant	3-249-b	{#a/napavyant#}¦, lies {#a/napavyayant#}.	sch	
anapayAnt	1-287-b	{#anapayAnt#}¦ <lex>Adj.</lex> {%sich nicht entfernend%} <ls>HARṢAC. 107,4</ls>.	sch	
anapiDAna	1-287-b	{#anapiDAna˚#}¦ {%ohne dass ein Schutz dagegen wäre%} <ls>NAIṢ. 4,9</ls>.	sch	
anapimantra	1-287-b	{#anapimantra#}¦ <lex>Adj.</lex> {%nicht Rede stehend%} <ls>KĀṬH. 13,1</ls>.	sch	
anapisoma	6-294-b	{#anapisoma#}¦ <lex>Adj.</lex> {%keinen Antheil am%} <is>Soma</is> {%habend%} <ls>J. A. O. S. 11, CXLV.</ls>	sch	
anapisomapITa	6-294-b	{#anapisomapITa#}¦ <lex>Adj.</lex> {%keinen Antheil am%} <is>Soma</is>{%Trunk habend%} <ls>ŚĀṄKH. ŚR. 14,62,2</ls>.	sch	
anarDArDaviBAgaBAj	1-287-c	{#anarDArDaviBAgaBAj#}¦ <lex>Adj.</lex> {%sich nicht halbiren lassend%} <ls>NAIṢ. 8,4</ls>.	sch	
anarTamaya	1-287-c	{#anarTamaya#}¦ <lex>Adj.</lex> (<lex>f.</lex> {#I#}) {%unheilvoll%} und zugleich {%sinnlos%} <ls>NAIṢ. 4,107</ls>.	sch	
anarTanA	3-249-c	{#anarTanA#}¦ <lex>f.</lex> {%das Nichtbetteln%} <ls>MBH. 13,60,3</ls>.	sch	
anarcis	1-287-c	{#anarcis#}¦ <lex>Adj.</lex> {%nicht flammend%} <ls>HEMĀDRI 1,138,8</ls>.	sch	
anaritra	2-288-c	{#anaritra#}¦ <lex>Adj.</lex> {%ohne Ruder%} <ls>MBH. 5,63,8</ls>, <ab>v. l.</ab>	sch	
anarmahAsin	3-249-c	{#anarmahAsin#}¦ <lex>Adj.</lex> {%höhnisch lachend%} <ls>MBH. 5,51,5</ls>.	sch	
anasTicit	1-288-a	{#a/nasTicit#}¦ <lex>Adj.</lex> {%nicht wie Knochen geschichtet%} <ls>MAITR. S. 3,5,1</ls>.	sch	
anasTimant	1-288-a	{#anasTimant#}¦ = {#anasTa#} <ls>GAUT. 22,21</ls>.	sch	
anasUyin	1-288-a	{#anasUyin#}¦ <lex>Adj.</lex> = {#anasUya#} 1〉. <ab>Nom. abstr.</ab> {#˚yitA#} <lex>f.</lex> <ls>HEMĀDRI 2,a,6,5</ls>.	sch	
anastaMgata	1-288-a	{#anastaMgata#}¦ <lex>Adj.</lex> {%nicht untergegangen%} <ls>R. 5,3,41</ls>.	sch	
anasti	5-242-c	{#anasti#}¦ am Anfange eines <ab>adj. Comp.</ab> {%nicht vorhanden%} <ls>NAIṢ. 12,39</ls>.	sch	
anasyUta	6-294-b	{#anasyUta#}¦ <lex>Adj.</lex> <ls>VASIṢṬHA 2,33</ls> fehlerhaft für {#anasyota#} {%nicht mit einem Nasenring versehen%}.	sch	
anatIcAra	2-288-b	{#anatIcAra#}¦ <lex>Adj.</lex> {%was nicht übertreten wird%} <ls>HEM. PAR. 6,198</ls>.	sch	
anatiBaNgura	2-288-b	{#anatiBaNgura#}¦ <lex>Adj.</lex> {%nicht sehr gelockt%} (Haar) <ls>DAŚAK. (1925) 2,113,8</ls>.	sch	
anatidarSana	1-286-c	{#anatidarSana#}¦ <lex>n.</lex> {%kein häufiges Sehenlassen%} <ls>DAŚAK. 49,3</ls>.	sch	
anatideSa	1-286-c	{#anatideSa#}¦ <lex>m.</lex> {%keine Uebertragung%} <ls>PARIBH. 101</ls>.	sch	
anatigOrava	6-294-a	{#anatigOrava#}¦ <lex>n.</lex> {%das nicht zu sehr Belastetsein%} [Page6-294-b] ({#udarasya#}) <ls>CARAKA 3</ls>. <ls n="CARAKA">2</ls>.	sch	
anatilakzita	5-242-b	{#anatilakzita#}¦ <lex>Adj.</lex> <ls>KĀM. NĪTIS. 12,9</ls> fehlerhaft für {#anaBilakzita#}.	sch	
anatilolam	3-249-b	{#anatilolam#}¦ <lex>Adv.</lex> {%nicht allzu beweglich, — rasch%} <ls>ŚIŚ. 7,18</ls>.	sch	
anatilulita	5-242-b	{#anatilulita#}¦ <lex>Adj.</lex> {%nicht stark berührt%} <ls>ŚĀK. 61</ls>, <ab>v. l.</ab>	sch	
anatipAda	1-287-a	{#anatipAda#}¦ <lex>m.</lex> {%das Nichtüberschreiten, — springen%} <ls>TĀṆḌYA-BR. 4,5,12</ls>. <ls n="TĀṆḌYA-BR.">7,3,23</ls>.	sch	
anatipAta	1-286-c	{#anatipAta#}¦ <lex>m.</lex> {%Nichtversäumniss, Nichtvernachlässigung%} [Page1-287-a] <ls>P. 3,3,38</ls>, <ab>Sch.</ab>	sch	
anatipAtayant	3-249-b	{#anatipAtayant#}¦ <lex>Adj.</lex> {%nicht hinüberschiessend%} <ls>LĀṬY. 3,10,12</ls>.	sch	
anatipIqam	1-287-a	{#anatipIqam#}¦ <ab>Absol.</ab> {%unter sanftem Drucke%} <ls>DAŚAK. 87,6</ls>.	sch	
anatiprOQa	2-288-b	{#anatiprOQa#}¦ <lex>Adj.</lex> {%nicht ganz entwickelt%} (Blume) <ls>DAŚAK. (1925) 2,113,3</ls>.	sch	
anatipraRIta	5-242-a	{#anatipraRIta#}¦ <lex>Adj.</lex> {%nicht vorübergebracht, zurückgelassen%} [Page5-242-b] (Feuer) <ls>GOBH. 3,7,16</ls>.	sch	
anatiprayojana	1-287-a	{#anatiprayojana#}¦ <lex>Adj.</lex> {%keinen besondern Zweck habend, ziemlich unnütz%} <ls>NAIṢ. 9,8</ls>.	sch	
anatiskandant	6-294-b	{#a/natiskandant#}¦ <lex>Adj.</lex> {%nicht überspringend,%} so <ab>v. a.</ab> {%gleichmässig%} (Regen) <ls>TBR. 3,3,6,4</ls>.	sch	
anatitrasnu	1-286-c	{#anatitrasnu#}¦ <lex>Adj.</lex> {%nicht sehr furchtsam%} <ls>DAŚAK. 70,2</ls>.	sch	
anativAdin	1-287-a	{#a/nativAdin#}¦ <ls>MAITR. S. 4,1,13</ls>.	sch	
anativalita	1-287-a	{#anativalita#}¦ <lex>Adj.</lex> {%nicht sehr gewölbt%} (Bauch) <ls>DAŚAK. 73,7</ls>.	sch	
anativyakta	6-294-b	{#anativyakta#}¦ <lex>Adj.</lex> {%nicht zu offen, — sichtbar%} <ls>HEM. YOGAŚ. 1,48</ls>.	sch	
anatyArdra	2-288-b	{#anatyArdra#}¦ <lex>Adj.</lex> {%nicht zu nass%} <ls>DAŚAK. (1925) 2,114,3</ls>.	sch	
anavaDAnaka	1-287-c	{#anavaDAnaka#}¦ <lex>Adj.</lex> {%der die%} <is>Varṇa</is> {%verwechselt%} (Sänger) <ls>S. S. S. 118</ls>.	sch	
anavaSezam	1-287-c	{#anavaSezam#}¦ <lex>Adv.</lex> {%ohne dass ein Rest übrig bliebe%} <ls>ĀPAST.</ls>	sch	
anavabudDa	5-242-b	{#anavabudDa#}¦ <lex>Adj.</lex> {%nicht wahrgenommen%} <ls>ŚIŚ. 12,39</ls>.	sch	
anavaguRWitaSiras	3-249-c	{#anavaguRWitaSiras#}¦ <lex>Adj.</lex> {%mit unverhülltem Haupte%} <ls>VIṢṆUS. 60,23</ls>.	sch	
anavahiMsita	5-242-c	{#anavahiMsita#}¦ <lex>Adj.</lex> {%dem kein Leid zugefügt worden ist%} <ls>SĀY.</ls> zu <ls>ṚV. 4,42,10</ls>.	sch	
anavajYAna	3-249-c	{#anavajYAna#}¦ <lex>n.</lex> <ls>PRAB. 114,14</ls> fehlerhaft für {#avajYAna#} oder {#anaBijYAna#} (so <ab>v. l.</ab>).	sch	
anavakASika	7-297-d	{#anavakASika#}¦ <lex>Adj.</lex> als <ab>Bez.</ab> {%bestimmter Einsiedler%} <ls>R. ed. Bomb. 3,6,3</ls>.	sch	
anavakASin	4-292-a	{#˚anavakASin#}¦ <lex>Adj.</lex> {%wo kein Raum ist für%} <ls>GĪT. 10,10</ls>.	sch	
anavakarRita	1-287-c	{#anavakarRita#}¦ <lex>Adj.</lex> {%nicht überhört, — in den Wind geschlagen%} <ls>KĀD. II,115,4</ls>.	sch	
anavakeSin	5-242-b	{#anavakeSin#}¦ <lex>Adj.</lex> {%üppig belaubt%} <ls>HARṢAC. 202,3 (485,3)</ls>.	sch	
anavakrAma	1-287-c	{#a/navakrAma#}¦ <lex>m.</lex> {%das Nichtentfliehen%} <ls>MAITR. S. 4,1,14</ls>.	sch	
anavakxpta	4-292-a	{#a/navakxpta#}¦ auch {%nicht geeignet zu%} (<ab>Loc.</ab>) <ls>TS. 7,1,1,3</ls>. <ls n="TS. 7,1,1,">6</ls>.	sch	
anavalipta	5-242-b	{#anavalipta#}¦ <lex>Adj.</lex> {%nicht hochmüthig, nicht stolz%} <ls>HARIV. 4243</ls>.	sch	
anavalokana	6-294-b	{#anavalokana#}¦ <lex>n.</lex> {%das Nichthinblicken, Nichtaufblicken%} <ls>Z. d. d. m. G. 39,306</ls>.	sch	
anavalokayant	5-242-c	{#anavalokayant#}¦ <lex>Adj.</lex> {%nicht hinsehend%}. {#paScAt#} {%sich nicht umsehend%} <ls>MBH. 12,9,19</ls>. {%nicht hinsehend nach%} (<ab>Acc.</ab>) <ls>BHAG. 6,13</ls>.	sch	
anavapAda	1-287-c	{#anavapAda#}¦ <lex>m.</lex> {%das Nichtdaruntergerathen%} <ls>TĀṆḌYA-BR. 4,5,12</ls>.	sch	
anavapatita	3-249-c	{#anavapatita#}¦ <lex>Adj.</lex> {%nicht belegt%} (Stimme) <ls>CARAKA 3,3</ls>.	sch	
anavaroDa	6-294-b	{#anavaroDa#}¦ <lex>m.</lex> {%keine Hemmung%} ({#hfdayasya#}) <ls>CARAKA 3,2</ls>.	sch	
anavaropita	7-298-a	{#anavaropita#}¦ <lex>Adj.</lex> {%noch nicht gepflanzt%} <ls>DIVYĀVAD. 124,27</ls>. <ls n="DIVYĀVAD.">265,10</ls>.	sch	
anavartimuKin	3-249-c	{#anavartimuKin#}¦ <lex>Adj.</lex> {%keinen Hunger im Munde empfindend%} <ls>ĀPAST. ŚR. 8,11,10</ls>.	sch	
anavataptakAyaka	7-297-d	{#anavataptakAyaka#}¦ <lex>Adj.</lex> (<lex>f.</lex> {#˚yikA#}) {%den See%} <is>Anavatapta</is> {%beseelend%}. {#devatAH#} so <ab>v. a.</ab> {%die Gottheiten des Sees%} <is n="Anavatapta">A.</is> <ls>DIVYĀVAD. 153,7. fgg	sch	
anavatta	7-297-d	{#anavatta#}¦ <lex>Adj.</lex> {%wovon Nichts abgetheilt worden ist%} <ls>ŚĀṄKH. GṚHY. 2,14</ls>.	sch	
anavavfzwa	2-288-c	{#anavavfzwa#}¦ <lex>Adj.</lex> {%nicht beregnet%} <ls>ĀPAST. ŚR. 15,21,8</ls>.	sch	
anavavidDa	6-294-b	{#anavavidDa#}¦ <lex>Adj.</lex> {%unausgehöhlt%} <ls>Z. d. d. m. G. 34,335</ls>.	sch	
anavayava	4-292-a	{#anavayava#}¦ <lex>m.</lex> <ab>Instr.</ab> {%ohne abzutrennen%} <ls>ĀPAST. ŚR. 9,13,7</ls>.	sch	
anavekzaRIya	7-298-a	{#anavekzaRIya#}¦ in {#svanavekzaRIya#}.	sch	
anavekzin	7-298-a	{#anavekzin#}¦ <lex>Adj.</lex> {%rücksichtslos%}. <ab>Nom. abstr.</ab> {#˚kzitA#} <lex>f.</lex> <ls>JĀTAKAM. 30,11</ls>.	sch	
anazwadravya	1-287-c	{#anazwadravya#}¦ <lex>Adj.</lex> {%dem Nichts abhanden kommt%}. <ab>Nom. abstr.</ab> {#˚tA#} <lex>f.</lex> <ls>VP. 4,11,3</ls>.	sch	
anejant	1-290-a	{#anejant#}¦ <lex>Adj.</lex> {%sich nicht bewegend%} <ls>BHĀG. P. 7,3,32</ls>.	sch	
anekAMSa	3-250-c	{#anekAMSa˚#}¦ {%mehr als eine Auffassung%} <ls>ŚAṂK.</ls> zu <ls>BĀDAR. 4,1,2</ls>.	sch	
anekArTakEravakOmudI	1-290-a	{#anekArTakEravakOmudI#}¦ <lex>f.</lex> Titel eines Werkes <ls>BÜHLER, Rep. No. 702</ls>.	sch	
anekaSataBOma	2-289-c	{#anekaSataBOma#}¦ <lex>Adj.</lex> {%viele Hunderte von Stockwerken habend%}.	sch	
anekaSatasAhasra	3-250-c	{#anekaSatasAhasra#}¦ <lex>Adj.</lex> (<lex>f.</lex> {#I#}) {%aus vielen Hunderttausenden bestehend%} <ls>R. 5,2,1</ls>.	sch	
anftakAraka	6-294-c	{#anftakAraka#} und {#˚kArin#}¦ <lex>Adj.</lex> {%unwahr zu Werke gehend%} <ls>MBH. 1,5,24</ls> nebst <ab>v. l.</ab>	sch	
aniDana	1-288-c	{#aniDana#}¦ <lex>Adj.</lex> {%ohne den%} {#niDana#} {%genannten Schlusssatz%} <ls>TĀṆḌYA-BR. 7,3,5,12</ls>.	sch	
aniHsarant	5-243-a	{#aniHsarant#}¦ <lex>Adj.</lex> {%nicht herauskommend%} <ls>PAÑCAT. 195,8</ls>.	sch	
aniScAyaka	3-250-b	{#aniScAyaka#}¦ <lex>Adj.</lex> {%keine Gewissheit gebend, nicht entscheidend%}. <ab>Nom. abstr.</ab> {#˚tva#} <lex>n.</lex> <ls>Z. d. d. m. G. 7,310, N. 5</ls>.	sch	
anicita	1-288-c	{#anicita#}¦ <lex>Adj.</lex> {%nicht besäet mit%} (<ab>Instr.</ab>) <ls>MBH. 3,21,7</ls>.	sch	
anilagulmin	5-242-c	{#anilagulmin#}¦ <lex>Adj.</lex> = {#vAtagulmin#} <ls>SUŚR. 2,453,5</ls>.	sch	
anilasaMBava	5-242-c	{#anilasaMBava#}¦ <lex>m.</lex> <ab>Bein.</ab> {%des Feuers, des Feuergottes%} <ls>MBH. 2,31,48</ls>.	sch	
animIlitalocana	7-299-a	{#animIlitalocana#}¦ <lex>Adj.</lex> {%mit nicht geschlossenen —, mit geöffneten Augen%} <ls>R. ed. Bomb. 4,52,28</ls>.	sch	
animizekzaRa	4-292-b	{#animizekzaRa#}¦ <lex>Adj.</lex> {%mit den Augen nicht blinzelnd, die <ab n="Augen">A.</ab> nicht schliessend%} <ls>MBH. 1,33,7</ls>. <ls>R. 3,75,53</ls>.	sch	
anipAtya	3-250-a	{#anipAtya#}¦ <lex>Adj.</lex> {%nicht als Unregelmässigkeit zu erwähnen%} <ls>MAHĀBH. 7,91,a.</ls> <ls n="MAHĀBH. 7,">134,a.</ls>	sch	
aniqa	1-288-c	{#aniqa#}¦ <lex>Adj.</lex> {%nicht das Wort%} {#iqA#} {%enthaltend%} <ls>TĀṆḌYA-BR. 6,9,23</ls>.	sch	
anirBinna	2-289-a	{#anirBinna#}¦ auch {%nicht durchschossen, — verwundet%} <ls>MBH. 6,81,43</ls>.	sch	
anirBuja	1-288-c	{#anirBuja#}¦ <lex>Adj.</lex> (<lex>f.</lex> {#A#}) {%wobei man die Hände auf die Kniee legt%} <ls>SAṂHITOPAN. 9,3</ls>. <ls n="SAṂHITOPAN.">10,1</ls>. <ls n="SAṂHITOPAN.">12,17</ls>.	sch	
anirIkzaka	3-250-a	{#anirIkzaka#}¦ <lex>Adj.</lex> {%Jmd%} (<ab>Gen.</ab>) {%nicht sehend, — besuchend%} <ls>RĀJAT. 6,94</ls>.	sch	
anirdAha	1-288-c	{#a/nirdAha#}¦ <lex>m.</lex> {%Nichtverbrennung%} <ls>MAITR. S. 3,3,3</ls>.	sch	
anirhARarca	3-250-b	{#anirhARarca#}¦ <lex>Adj.</lex> {%wobei an der Recitation der%} (<is>Yājyā-</is>) {%Verse Nichts fehlt%} <ls>AIT. BR. 3,7,4</ls>.	sch	
anirhuta	6-294-c	{#anirhuta#}¦ <lex>Adj.</lex> {%nicht zu Ende geopfert%} <ls>MBH. 13,93,65</ls>.	sch	
anirmukta	1-288-c	{#anirmukta#}¦ <lex>Adj.</lex> {%nicht befreit von%} (<ab>Abl.</ab>) <ls>MBH. 1,120,16</ls>.	sch	
anirudDaBawwa	1-288-c	{#anirudDaBawwa#}¦ <lex>m.</lex> <ab>N. pr.</ab> eines Autors <ls>PISCHEL, de Gr. pr. 17</ls>.	sch	
anirudDaka	1-288-c	{#anirudDaka#}¦ <lex>m.</lex> = {#anirudDa#} 2〉a〉 <ls>AGNI-P. 25,1</ls>.	sch	
anirudDamaya	1-288-c	{#anirudDamaya#}¦ <lex>Adj.</lex> <is>Aniruddha</is> {%darstellend%} <ls>AGNI-P. 37,10</ls>.	sch	
anirudDasaMhitA	2-289-a	{#anirudDasaMhitA#}¦ <lex>f.</lex> Titel eines Werkes <ls>OPP. Cat. 1</ls>.	sch	
anirvacanIyavAda	2-289-a	{#anirvacanIyavAda#}¦ <lex>m.</lex> Titel eines Werkes <ls>OPP. Cat. 1</ls>.	sch	
anirvacana	3-250-b	{#anirvacana#}¦ <lex>n.</lex> {%kein Deutungsmittel%} <ls>NIR. 7,24</ls>.	sch	
anirvarRya	7-299-a	{#anirvarRya#}¦ <lex>Adj.</lex> {%unbeschreiblich%} <ls>JĀTAKAM. 22</ls> ({#aniva˚#} die <ab>Hdschrr.</ab>).	sch	
anirvedakara	3-250-b	{#anirvedakara#}¦ <lex>Adj.</lex> {%unverdrossen%} (Bemühung) <ls>R. 5,15,6</ls>.	sch	
anirviDitsa	3-250-b	{#anirviDitsa#}¦ <lex>Adj.</lex> {%Nichts zu vollbringen beabsichtigend%} <ls>MBH. 12,269,46</ls>.	sch	
anirvizwa	5-242-c	{#anirvizwa#}¦ <lex>Adj.</lex> 1〉 = {#anivizwa#}. — 2〉 {%nicht abgetragen, nicht bezahlt%}.	sch	
aniryukta	1-288-c	{#aniryukta#}¦ <ab>s.</ab> {#aniyukta#}.	sch	
anistizWant	3-250-b	{#anistizWant#}¦ <lex>Adj.</lex> {%Etwas nicht zu Ende bringend, auf halbem Wege stehen bleibend%} <ls>CHĀND. UP. 7,20</ls>.	sch	
anitipara	1-288-c	{#anitipara#}¦ <lex>Adj.</lex> {%worauf kein%} {#iti#} {%folgt%} <ls>P. 1,4,62</ls>.	sch	
anivedaka	3-250-b	{#˚anivedaka#}¦ <lex>Adj.</lex> {%nicht mittheilend, — kund thuend%} <ls>MBH. 13,43,9</ls>.	sch	
anivfttayoDin	3-250-b	{#anivfttayoDin#}¦ <lex>Adj.</lex> {%im Kampf nicht fliehend%} <ls>MBH. 7,140,12</ls>.	sch	
anividDa	6-294-c	{#anividDa#}¦ <lex>Adj.</lex> {%nicht durchschossen, — durchbohrt%} <ls>MBH. 4,55,5</ls>. {#anividDaM#} <ls>MBH. 4,1977</ls> fehlerhaft für {#iti vidDi#}.	sch	
aniyantraRA	3-250-a	{#aniyantraRA#}¦ <lex>f.</lex> {%Unbeschränktheit%} <ls>Spr. 7207</ls>.	sch	
aniyatapadArTavAdin	7-299-a	{#aniyatapadArTavAdin#}¦ <lex>Adj.</lex> {%keine fest bestimmte Anzahl von Kategorien annehmend%} <ls>ANIRUDDHA</ls> zu <ls>SĀṂKHYAS. 1,45</ls>. <ls n="SĀṂKHYAS. 1,">56</ls>.	sch	
anizkaDfk	2-289-a	{#anizkaDfk#}¦ <lex>Adj.</lex> {%nicht einen%} <is>Niṣka</is> {%genannten Schmuck tragend%} <ls>R. 1,6,9</ls>.	sch	
anizwasoma	1-288-c	{#anizwasoma#}¦ <lex>Adj.</lex> {%der kein%} <is>Soma</is>-{%Opfer dargebracht hat%} <ls>VAITĀN.</ls>	sch	
anizwusava	7-299-b	{#anizwusava#}¦ <lex>m.</lex> <ls>HILLERANDTʼs <ab>Conj.</ab></ls> <ls>ŚĀṄKH. ŚR. 14,73,3</ls>.	sch	
annacikitsA	2-289-c	{#annacikitsA#} <lex>f.</lex>, {#annapAnaviDi#} <lex>m.</lex> und {#annaMBawwIya#} <lex>n.</lex>¦ Titel von Werken <ls>OPP. Cat. 1</ls>.	sch	
annapAnaviDi	7-301-d	{#annapAnaviDi#}¦ 2.	sch	
annaprASanaka	1-290-c	{#annaprASanaka#}¦ <lex>n.</lex> = {#annaprASana#} <ls>HEMĀDRI 1,231,1</ls>.	sch	
annasani	7-301-d	{#annasani#}¦ <lex>Adj.</lex> als Umschreibung von {#pituzaRi#} <ls>AIT. BR. 1,13,13</ls>.	sch	
antaHSvAsa	1-290-b	{#antaHSvAsa#}¦ <lex>m.</lex> {%eine <ab>best.</ab> Krankheit der Athmungsorgane%} <ls>AGNI-P. 31,20</ls>.	sch	
antaHprIti	6-295-a	{#antaHprIti#}¦ <lex>f.</lex> {%innere Freude%} <ls>Z. d. d. m. G. 39,308</ls>.	sch	
antarAntaratas	1-290-b	{#antarAntaratas#}¦ <lex>Adv.</lex> {%je dazwischen%} <ls>HEMĀDRI 1,329,21</ls>.	sch	
antarAtri	7-301-b	{#antarAtri#}¦ <lex>f.</lex> {%Todesnacht%} <ls>JĀTAKAM. 24,5</ls>.	sch	
antarBAvaprakASikA	2-289-c	{#antarBAvaprakASikA#} <lex>f.</lex> und {#˚rBAvavAda#} <lex>m.</lex>¦ Titel zweier Werke <ls>OPP. Cat. 1</ls>.	sch	
antarBAvya	3-251-a	{#antarBAvya#}¦ <lex>Adj.</lex> {%darin enthalten sein sollend%} <ls><ab>Comm.</ab> zu ĀPAST. ŚR. 8,22,10</ls>.	sch	
antarakrIqA	1-290-b	{#antarakrIqA#}¦ <lex>f.</lex> {%ein <ab>best.</ab> Tact%} <ls>S. S. S. 213</ls>.	sch	
antargati	3-251-a	{#antargati#}¦ <lex>f.</lex> {%das Eintreten%} <ls><ab>Comm.</ab> zu ĀPAST. ŚR. 5,3,20</ls>.	sch	
antarikzadA	3-250-c	{#antarikzadA#}¦ <lex>Adj.</lex> {%Luft gebend%} <ls>ĀPAST. ŚR. 17,5</ls>.	sch	
antarjAnukara	1-290-b	{#antarjAnukara#}¦ <lex>Adj.</lex> = {#antarjAnu#} 1〉 <ls>HEMĀDRI 1,94,15</ls>.	sch	
antarjAtA	1-290-b	{#antarjAtA#}¦ <lex>Adj.</lex> <lex>f.</lex> {%trächtig%} <ls>HEMĀDRI 1,447,23</ls>. <ls n="HEMĀDRI 1,">448,3</ls>.	sch	
antarjaleSaya	2-289-c	{#antarjaleSaya#}¦ <lex>Adj.</lex> {%im Wasser liegend%} <ls>MBH. 1,29,27</ls>.	sch	
antarmAMsa	1-290-b	{#antarmAMsa#}¦ <lex>Adj.</lex> {%mit der Fleischseite nach innen gekehrt%} <ls>HEMĀDRI 1,703,9</ls>.	sch	
antarmuKatA	7-301-c	{#antarmuKatA#}¦ I. {%das nach innen Gekehrtsein%} <ls><ab>Comm.</ab> zu YOGAS. 1,2</ls>.	sch	
antarnAvya	3-251-a	{#antarnAvya#}¦ <lex>Adj.</lex> {%in einem Schiffe befindlich%} <ab>Cit.</ab> im <ls><ab>Comm.</ab> zu ĀPAST. ŚR. 5,25,8</ls>.	sch	
antarukTya	7-385-c	{#antarukTya#}¦ <lex>Adj.</lex> {%einen%} <is>Ukthya</is>{%Tag enthaltend%} <ls>ĀŚV. ŚR. 9,6,1</ls>. <ab>Vgl.</ab> {#grahAntaru˚#}.	sch	
antarvArkza	4-292-c	{#antarvArkza#}¦ <lex>Adj.</lex> {%im Innern eines Baumes befindlich%} <ls><ab>Comm.</ab> zu ĀPAST. ŚR. 9,20,2</ls>.	sch	
antarvAsa	3-251-a	{#antarvAsa#}¦ <lex>m.</lex> auch {%das Verweilen in%} (im <ab>Comp.</ab> vorangehend) <ls>ŚIŚ. 2,20</ls>.	sch	
antaryAmIya	1-290-b	{#antaryAmIya#}¦ <lex>Adj.</lex> {%zum%} <is>Antaryāma</is> {%gehörig%} <ls>VAITĀN.</ls>	sch	
antrApIqaprakarzin	1-290-c	{#antrApIqaprakarzin#}¦ <lex>Adj.</lex> {%heftiges Leibkneifen habend%} <ls>MBH. 6,59,17</ls>.	sch	
antrAvaraRa	5-243-b	{#*antrAvaraRa#}¦ <lex>n.</lex> {%Eingeweide%} <ls>DEŚĪN. 1,85</ls>. <ls n="DEŚĪN. 1,">157</ls>.	sch	
antravfdDimant	1-290-c	{#antravfdDimant#}¦ <lex>Adj.</lex> {%einen Leistenbruch habend%} <ls>HEMĀDRI 1,732,12</ls>.	sch	
antyapat	1-290-c	{#antyapat#}¦ zu streichen.	sch	
anuBavasUtra	2-289-b	{#anuBavasUtra#}¦ <lex>n.</lex> Titel eines Werkes <ls>OPP. Cat. 1</ls>.	sch	
anuBrazwatejas	2-289-b	{#anuBrazwatejas#}¦ <lex>Adj.</lex> {%dessen Glanz geschwunden ist%} (<is>Agni</is>) <ls>KAP. S. 29,4</ls>.	sch	
anuKaqgam	1-289-a	{#*anuKaqgam#}¦ <lex>Adv.</lex> <is>gaṇa</is> {#parimuKAdi#} in der <ls>KĀŚ.</ls>	sch	
anuSaMsana	1-289-c	{#anuSaMsana#}¦ <lex>n.</lex> {%nachfolgendes Hersagen%} <ls><ab>Comm.</ab> zu TĀṆḌYA-BR. 4,9,13</ls>.	sch	
anuSase	1-290-a	{#anuSa/se#}¦ <ab>Dat.</ab> <ab>Inf.</ab> etwa {%mit einzustimmen%} <ls>ṚV. 5,50,2</ls>.	sch	
anuSayavant	5-243-a	{#anuSayavant#}¦ <lex>Adj.</lex> {%Reue empfindend%} <ls>ŚIŚ. 8,61</ls>.	sch	
anucCAstravartin	1-289-a	{#anucCAstravartin#}¦ <lex>Adj.</lex> {%die Gesetze nicht übertretend%}.	sch	
anucCindant	2-289-b	{#anucCindant#}¦ <lex>Adj.</lex> {%nicht verletzend%} <ls>ŚĀṄKH. BR. 2,8,13</ls>.	sch	
anucCvAsa	1-289-a	{#anucCvAsa#}¦ <lex>m.</lex> {%das Nichtathmen%} <ls>R. 1,65,7</ls>.	sch	
anucCvasamAna	1-289-a	{#anucCvasamAna#}¦ <lex>Adj.</lex> {%nicht athmend%} <ls>R. 1,65,8</ls>.	sch	
anuccita	2-289-b	{#anuccita#}¦ <lex>Adj.</lex> {%nicht abgepflückt%} <ls>KATHĀS. 18,277</ls>.	sch	
anucyamAna	1-289-a	{#anucyamAna#}¦ <lex>Adj.</lex> {%nicht gesagt, — angegeben werdend%} <ls>KARMAPR. 15,1</ls>.	sch	
anudAyin	7-299-d	{#anudAyin#}¦ <lex>Adj.</lex> {%nicht aufsteigend%}. {#˚yi#} <lex>Adv.</lex> von einer Recitation <ls>ŚĀṄKH. BR. 15,4</ls>.	sch	
anudBAsin	1-289-b	{#anudBAsin#}¦ <lex>Adj.</lex> {%nicht glänzend%} <ls>ĀPAST. 1,30,12</ls>, <ab>v. l.</ab>	sch	
anudBAvita	4-292-b	{#anudBAvita#}¦ <lex>Adj.</lex> {%nicht geschaffen, — gegeben%}. {#ISvarAnu˚#} {%nicht von Gott gegeben%} <ls>SĀH. D. 11,6</ls>.	sch	
anudBava	1-289-b	{#anudBava#}¦ <lex>m.</lex> {%das Nichthervortreten%} <ls>KAP. 1,11</ls>.	sch	
anudBinna	1-289-b	{#anudBinna#}¦ <lex>Adj.</lex> {%nicht zu Tage getreten%} <ls>KĀVYĀD. 2,264</ls>.	sch	
anudEvatam	6-294-c	{#anudEvatam#}¦ <lex>Adv.</lex> {%nach den Göttern%} <ls>R. GORR. 2,121,3</ls>.	sch	
anudaSama	6-294-c	{#anudaSama#}¦ <lex>Adj.</lex> {%je der zehnte%} <ls>VASIṢṬHA 17,43</ls>.	sch	
anudakyA	5-243-a	{#anudakyA#}¦ <lex>Adj.</lex> <lex>f.</lex> {%nicht die Menses habend%} <ls>VASIṢṬHA 5,2</ls>.	sch	
anudayaBAj	4-292-b	{#anudayaBAj#}¦ <lex>Adj.</lex> {%nicht aufgehend%} (Mond) <ls>Spr. 2669</ls>.	sch	
anudeSaka	1-289-b	{#˚anudeSaka#}¦ <lex>Adj.</lex> {%zeigend, weisend%} <ls>HEMĀDRI 2,a,23,14</ls>.	sch	
anudrikta	1-289-b	{#anudrikta#}¦ <lex>Adj.</lex> {%nicht überschüssig, nirgends ein Uebermaass zeigend%}.	sch	
anugamanaviDAna	2-289-b	{#anugamanaviDAna#}¦ <lex>n.</lex> Titel eines Werkes <ls>OPP. Cat. 1</ls>.	sch	
anugrahItar	1-289-a	{#anugrahItar#}¦ <ab>Nom. ag.</ab> {%Förderer, beitragend zu Etwas%} <ls>ŚAṂK.</ls> zu <ls>BĀDAR. 3,4,38</ls>.	sch	
anugrahItavya	7-299-c	{#anugrahItavya#}¦ <lex>Adj.</lex> {%dem eine Gunst zu erweisen ist%} <ls>JĀTAKAM. 25,24</ls>.	sch	
anuguRita	2-289-b	{#anuguRita#}¦ zu streichen; <ab>s.</ab> {#guRay#} mit {#anu#}.	sch	
anujIvisAt	3-250-b	{#anujIvisAt#}¦ <lex>Adv.</lex> mit {#kar#} {%zum Untergebenen machen%} <ls>KIR. 1,14</ls>.	sch	
anukArAnukArin	1-289-a	{#anukArAnukArin#}¦ <lex>Adj.</lex> {%gleichend,%} mit <ab>Gen.</ab> <ls>HEMĀDRI 2,a,88,7</ls>.	sch	
anukUlakArin	1-289-a	{#anukUlakArin#}¦ <lex>Adj.</lex> {%Liebes erweisend%} <ls>ŚĀK. ed. PISCH. 61,1</ls>.	sch	
anukUlokta	4-292-b	{#anukUlokta#}¦ <lex>n.</lex> <ab>Pl.</ab> {%eine Rede nach Jmds Sinn%} <ls>Spr. 3559</ls>.	sch	
anulApin	2-289-c	{#anulApin#}¦ <lex>Adj.</lex> {%nachsprechend%} <ls>HEM. PAR. 8,334</ls>.	sch	
anulepaRa	2-289-c	{#anulepaRa#}¦ <ls>ĀPAST.</ls> fehlerhaft für {#˚lepana#}.	sch	
anullaNGanIya	1-289-c	{#anullaNGanIya#}¦ <lex>Adj.</lex> {%nicht zu übertreten%} <ls>PAÑCAT. 247,19</ls>.	sch	
anumAtar	7-300-b	{#anumAtar#}¦ <ab>Nom. ag.</ab> {%der Schlüsse —, Folgerungen zieht%} <ls>BHĀMATĪ 343,6</ls>.	sch	
anunmukta	1-289-b	{#a/nunmukta#}¦ <lex>Adj.</lex> {%nicht befreit%} <ls>MAITR. S. 3,7,8</ls>. <ls n="MAITR. S. 3,">9,7</ls>.	sch	
anupADyAya	1-289-c	{#anupADyAya#}¦ <lex>m.</lex> {%kein Lehrer%} <ls>MBH. 14,88,26</ls>.	sch	
anupASraya	7-300-b	{#anupASraya#}¦ <lex>Adj.</lex> {%haltlos%}. <ab>Nom. abstr.</ab> {#˚tva#} <lex>n.</lex> <ls>JĀTAKAM. 23</ls>.	sch	
anupAdeya	1-289-c	{#anupAdeya#}¦ <lex>Adj.</lex> {%nicht anzunehmen, — zu beherzigen%}. <ab>Nom. abstr.</ab> {#˚tva#} <lex>n.</lex> <ls>SĀH. D. 118,10</ls>.	sch	
anupAlaBya	1-289-c	{#anupAlaBya#}¦ <lex>Adj.</lex> {%nicht zu tadeln%} <ls>KĀM. NĪTIS. 11,39</ls>.	sch	
anupArata	5-243-a	{#anupArata#}¦ <lex>Adj.</lex> {%nicht abstehend von%} (<ab>Abl.</ab>) <ls>RAGH. 16,3</ls>.	sch	
anupAsitavfdDa	6-294-c	{#anupAsitavfdDa#}¦ <lex>Adj.</lex> {%der die Alten nicht geehrt hat%}. <ab>Nom. abstr.</ab> {#˚tva#} <lex>n.</lex> <ls>MBH. 5,92,18</ls>.	sch	
anupAtavya	7-300-a	{#anupAtavya#}¦ <lex>Adj.</lex> <ls>R. ed. Bomb. 4,61,4</ls> fehlerhaft für {#anuyAtavya#}.	sch	
anupAtyaya	1-289-c	{#anupAtyaya#}¦ <lex>n.</lex> {%Nichtversäumniss, Nichtvernachlässigung%} <ls>P. 3,3,38</ls>.	sch	
anupaGnant	3-250-b	{#anupaGnant#}¦ auch {%nicht berührend%} <ls>LĀṬY. 1,9,23</ls>.	sch	
anupaSruti	1-289-b	{#anupaSruti#}¦ <lex>f.</lex> {%das Nichthören%} <ls>BHĀG. P. 10,42,29</ls>.	sch	
anupacita	2-289-b	{#anupacita#}¦ <lex>Adj.</lex> {%nicht recht von Statten gehend%} <ls>BHĀG. P. 3,20,47</ls>.	sch	
anupadasyant	3-250-b	{#a/nupadasyant#}¦ <lex>Adj.</lex> <ab>dass.</ab> <ls>TS. 5,2,9,2</ls>.	sch	
anupadeSa	1-289-b	{#anupadeSa#}¦ <lex>m.</lex> {%keine Anweisung%} <ls>KAP. 1,9</ls>.	sch	
anupadrazwar	7-385-c	{#a/nupadrazwar#}¦ <ab>Nom. ag.</ab> {%kein Zuschauer%} <ls>MAITR. S. 4,6,9 (93,6)</ls>.	sch	
anupagama	1-289-b	{#anupagama#}¦ <lex>m.</lex> {%das Nichtkommen%} <ls>NAIṢ. 5,25</ls>.	sch	
anupajvalita	2-289-b	{#a/nupajvalita#}¦ <lex>Adj.</lex> {%nicht angezündet%} <ls>ŚAT. BR. 11,8,3,7</ls>.	sch	
anupakaraRIya	1-289-b	{#anupakaraRIya#}¦ <lex>Adj.</lex> {%dem kein Dienst zu erweisen ist von%} (<ab>Gen.</ab>) <ls>Ind. St. 15,329</ls>.	sch	
anupakramaRIya	1-289-b	{#anupakramaRIya#}, {#˚kramya#} und {#˚krAmya#}¦ <lex>Adj.</lex> {%nicht zu behandeln, — heilbar%}.	sch	
anupakurvARa	1-289-b	{#anupakurvARa#}¦ <lex>Adj.</lex> {%keinen Dienst —, keine Gefälligkeit erweisend%}.	sch	
anupalabDivAda	2-289-b	{#anupalabDivAda#}¦ <lex>m.</lex> Titel eines Werkes <ls>OPP. Cat. 1</ls>.	sch	
anupalakzyamARa	1-289-b	{#anupalakzyamARa#}¦ <lex>Adj.</lex> {%unbemerkt%} <ls>Ind. St. 15,273</ls>.	sch	
anupamajjant	4-292-b	{#anupamajjant#}¦ <lex>Adj.</lex> {%nicht untertauchend%} <ls>ĀPAST.</ls> im <ls><ab>Comm.</ab> zu KĀTY. ŚR. 5,5,31</ls>. Die Handschriften des <ls>ĀPAST. ŚR.</ls> lesen <ls n="ĀPAST. ŚR.">8,8,14. 13,21,1</ls> statt dess	sch	
anupamakzant	4-292-b	{#anupamakzant#}¦ <ab>s. u.</ab> {#anupamajjant#}.	sch	
anupamasaMhArigranTa	2-289-b	{#anupamasaMhArigranTa#}¦ <lex>m.</lex> Titel eines Werkes <ls>OPP. Cat. 1</ls>.	sch	
anupanamra	1-289-b	{#anupanamra#}¦ <lex>Adj.</lex> {%sich nicht verneigend%} und zugleich {%nicht zur Hand seiend%}. <ab>Nom. abstr.</ab> {#˚tA#} <lex>f.</lex> <ls>NAIṢ. 8,22</ls>.	sch	
anupapattimant	1-289-b	{#anupapattimant#}¦ <lex>Adj.</lex> <ab>dass.</ab> <ls>NAIṢ. 4,110</ls>.	sch	
anuparoDin	7-300-a	{#anuparoDin#}¦ <lex>Adj.</lex> {%nicht beeinträchtigend%} <ls>JĀTAKAM. 31,91</ls>.	sch	
anupasTitAgni	3-250-b	{#anupasTitAgni#}¦ <lex>Adj.</lex> {%der das%} <is>Agnyupasthāna</is> {%nicht vollzogen hat%} <ls>MĀN. ŚR. 1,6,3</ls>.	sch	
anupaviSant	2-289-b	{#anupaviSant#}¦ <lex>Adj.</lex> {%sich nicht setzend%} <ls>ĀŚV. GṚHY. 3,7,1</ls>.	sch	
anupavizwa	1-289-b	{#anupavizwa#}¦ <lex>Adj.</lex> {%nicht sitzend%} <ls>HEMĀDRI 1,253,16</ls>.	sch	
anupayAnt	4-292-b	{#anupayAnt#}¦ <lex>Adj.</lex> <ab>v. l.</ab> für {#anupayant#} <ls>Spr. 1699</ls>.	sch	
anupekzaRa	1-289-c	{#anupekzaRa#}¦ <lex>n.</lex> {%das Nichtunbeachtetlassen%} <ls>MUDRĀR. (n. A.) 120,3</ls>.	sch	
anupeyA	7-385-c	{#anupeyA#}¦ <lex>Adj.</lex> <lex>f.</lex> {%nicht zu heirathen%} <ls>M. 11,172</ls>.	sch	
anupeyamAnA	4-292-b	{#a/nupeyamAnA#}¦ <lex>Adj.</lex> <lex>f.</lex> {%der man nicht beiwohnt%} <ls>MAITR. S. 2,2,7 (21,6)</ls>.	sch	
anupfzwa	4-292-b	{#anupfzwa#}¦ 1〉 <lex>Adj.</lex> <ab>s. u.</ab> {#praC#} mit {#anu#}. — 2〉 <lex>n.</lex> {%eine nachfolgende Frage%} <ls>NIR. 1,4</ls>. <ls n="NIR. 1,">5</ls>.	sch	
anuprakampana	6-294-c	{#anuprakampana#}¦ <lex>n.</lex> {%das Schwingen nach einem Andern%} <ls><ab>Comm.</ab> zu ĀPAST. ŚR. 14,30,5</ls>.	sch	
anuprazwar	7-300-b	{#anuprazwar#}¦ <ab>Nom. ag.</ab> {%der sich nach Allem erkundigt, wissbegierig%} <ls>MBH. 2,5,40</ls>.	sch	
anurakzitavya	7-300-c	{#anurakzitavya#}¦ <lex>Adj.</lex> {%zu behüten, zu bewahren vor%} (<ab>Abl.</ab>) <ls>JĀTAKAM. 23</ls>.	sch	
anuroDavatI	1-289-c	{#anuroDavatI#}¦ <lex>f.</lex> <ab>N. pr.</ab> einer <is>Surāṅganā</is> <ls>Ind. St. 15,444</ls>.	sch	
anusartar	7-300-d	{#˚anusartar#}¦ <ab>Nom. ag.</ab> {%der Reihe nach besuchend%} <ls>MBH. 8,44,44</ls>.	sch	
anusrotasam	7-300-d	{#anusrotasam#}¦ <lex>Adv.</lex> = {#anusrotas#} <ls>ĀPAST. GṚHY. 14,14</ls>.	sch	
anutIrTam	6-294-c	{#anutIrTam#}¦ <lex>Adv.</lex> {%bei jedem%} <is>Tīrtha</is> <ls>BAUDH. 2,5,3</ls>. <ls n="BAUDH. 2,">10,3</ls>.	sch	
anutKAta	1-289-a	{#anutKAta#}¦ <lex>n.</lex> {%kein unebener Boden%} <ls>ŚĀK. 192</ls>, <ab>v. l.</ab>	sch	
anutkIrRa	1-289-a	{#anutkIrRa#}¦ <lex>Adj.</lex> {%nicht ausgehöhlt%}.	sch	
anutkrAmuka	7-299-d	{#anutkrAmuka#}¦ <lex>Adj.</lex> {%Jmdm%} (<ab>Abl.</ab>) {%nicht davongehend%} <ls>ŚĀṄKH. BR. 2,4</ls>.	sch	
anutodana	1-289-a	{#anutodana#}¦ <lex>n.</lex> {%das Nachstossen, häufiges Wiederholen%} <ls><ab>Comm.</ab> zu TĀṆḌYA-BR. 12,10,11</ls>.	sch	
anutodavant	1-289-a	{#anutodavant#}¦ <lex>Adj.</lex> von {#anutoda#} <ls>TĀṆḌYA-BR. 10,6,4</ls>.	sch	
anutsAhin	1-289-a	{#anutsAhin#}¦ <lex>Adj.</lex> {%willenlos%}. {#˚nI matiH#} {%Indolenz in Bezug auf%} (<ab>Loc.</ab>) <ls>KATHĀS. 72,118</ls>.	sch	
anutsArita	5-243-a	{#anutsArita#}¦ <lex>Adj.</lex> {%nicht beseitigt, — abgethan%} <ls>NĀRADA (a.) 1,2,42</ls>.	sch	
anutsUtrapadanyAsa	5-243-a	{#anutsUtrapadanyAsa#}¦ <lex>Adj.</lex> (<lex>f.</lex> {#A#}) {%wobei kein Schritt gethan wird, der den Regeln der Politik widerspräche%} und zugleich {%wobei kein Wort gebraucht wird, das den grammatischen Regeln widers	sch	
anutsarpaRa	7-299-d	{#anutsarpaRa#}¦ <lex>n.</lex> {%das nicht zum Vorschein Kommen, sich nicht Einstellen%} <ls>JĀTAKAM. 2</ls>.	sch	
anuttaraprakASapaYcASikA	1-289-a	{#anuttaraprakASapaYcASikA#}¦ <lex>f.</lex> Titel eines Werkes <ls>BÜHLER, Rep. No. 436</ls>.	sch	
anuttaravedika	3-250-b	{#anuttaravedika#}¦ <lex>Adj.</lex> {%wobei es keine%} <is>Uttaravedi</is> {%giebt%} <ls>ĀPAST. ŚR. 8,1,8</ls>.	sch	
anuvAha	7-385-c	{#anuvAha/#}¦ <lex>m.</lex> <ls>MAITR. S. 1,5,13 (82,9)</ls>; <ab>vgl.</ab> damit {#anovAhya#} <ls>ĀPAST. ŚR. 6,28,4</ls>.	sch	
anuvarRayitavya	5-243-a	{#anuvarRayitavya#}¦ <lex>Adj.</lex> {%zu schildern, auseinanderzusetzen, mitzutheilen%} <ls>SUŚR. 1,13,19</ls>. <ls n="SUŚR. 1,">14,5</ls>.	sch	
anuvasu	3-250-c	{#anuvasu#}¦ <lex>m.</lex> {%ein noch von der Leidenschaft be herrschter%} <is>Sthavira</is> oder {%Laie%} <ls>ŚĪLĀṄKA 1,312</ls>.	sch	
anuvilepana	1-289-c	{#anuvilepana#}¦ <lex>n.</lex> {%Salbe%} <ls>HEMĀDRI 1,155,6</ls> fehlerhaft; <ab>vgl.</ab> <ls>MBH. 13,57,38</ls>.	sch	
anuzWiti	5-243-b	{#anuzWiti#}¦ <lex>f.</lex> = {#anuzWAna#} 1〉 <ls>SAṂKṢEPAŚ. 7,73</ls>.	sch	
anuzara	5-243-a	{#anuzara#}¦ <lex>Adj.</lex> <ls>GOBH. 4,7,8</ls> fehlerhaft für {#anUzara#}, wie nach <ls>KNAUER</ls> ein <ab>Comm.</ab> liest.	sch	
anuzwubgAyatrIkAram	5-243-a	{#anuzwubgAyatrIkAram#}¦ <ab>Absol.</ab> {%in eine%} <is>Anuṣṭubh</is> [Page5-243-b] {%und in eine%} <is>Gāyatrī</is> {%verwandelnd%} <ls>ĀŚV. ŚR. 6,2,8</ls>.	sch	
anuzwupkAram	5-243-a	{#anuzwupkAram#}¦ <ab>Absol.</ab> {%in eine%} <is>Anuṣṭubh</is> {%verwandelnd%} <ls>ĀŚV. ŚR. 6,3,12</ls>.	sch	
anuzyade	5-243-b	{#anuzya/de#}¦ <ab>Dat.</ab> <ab>Infin.</ab> zu <hom>1.</hom> {#syad#} mit {#anu#} <ls>ṚV. 2,13,2</ls>.	sch	
anvAramBaRIyadevatA	1-290-c	{#anvAramBaRIyadevatA#}¦ <lex>f.</lex> {%eine Gottheit der Eingangsceremonie%} <ls>ŚĀṄKH. GṚHY. 1,3</ls>.	sch	
anvajiravati	5-243-c	{#anvajiravati#}¦ <lex>Adv.</lex> {%längs der%} <is>Ajiravatī</is> <ls>HARṢAC. (1936) 132,11</ls>.	sch	
anvatrasta	2-290-a	{#anvatrasta#}¦ <lex>Adj.</lex> <ls>MBH. 5,48,3</ls> (<ls n="MBH.">5,1811</ls>) fehlerhaft für {#avitrasta#}.	sch	
anvavapAtos	3-251-a	{#anvavapAtos#}¦ <ab>Gen.</ab> <ab>Inf.</ab> von <hom>1.</hom> {#pA#} {%trinken%} mit {#anvava#} <ls>ŚĀṄKH. BR. 10,2</ls>. <ls n="ŚĀṄKH. BR.">17,9</ls>.	sch	
anvazwakI	5-243-c	{#anvazwakI#}¦ (<ab>s. u.</ab> {#anvazwakA#}) <ls>VASIṢṬHA 11,43</ls>.	sch	
anvezizizu	5-243-c	{#anvezizizu#}¦ <lex>Adj.</lex> als Erklärung von {#didfkzu#} <ls><ab>Comm.</ab> zu R. ed. Bomb. 1,1,71</ls>.	sch	
anyAyaDanyacarita	2-290-a	{#anyAyaDanyacarita#} <lex>n.</lex> und {#anyAyapaYcaka#} <lex>n.</lex>¦ Titel zweier Werke <ls>OPP. Cat. 1</ls>.	sch	
anyaTABavana	5-243-c	{#anyaTABavana#}¦ (<ab>Conj.</ab>) <lex>n.</lex> {%das Anderswerden%} <ls>CAMPAKA 318. fg.</ls>	sch	
anyalohamaya	5-243-c	{#anyalohamaya#}¦ <lex>Adj.</lex> (<lex>f.</lex> {#I#}) {%messingen%} <ls>HALĀY. 1,131</ls>.	sch	
anyataratotirAtra	1-290-c	{#anyatarato'tirAtra#}¦ <lex>Adj.</lex> {%nur von einer Seite einen%} <is>Atirātra</is> {%habend%} <ls>VAITĀN.</ls>	sch	
anyonyABiBavavftti	7-302-a	{#anyo'nyABiBavavftti#}¦ <lex>f.</lex> <ls>ANIRUDDHA</ls> zu <ls>SĀṂKHYAS. 1,128</ls>.	sch	
anyonyajananavftti	7-302-a	{#anyo'nyajananavftti#}¦ <lex>f.</lex> <ls>ANIRUDDHA</ls> zu <ls>SĀṂKHYAS. 1,128</ls>.	sch	
apAMsula	3-252-a	{#apAMsula#}¦ <lex>Adj.</lex> (<lex>f.</lex> {#A#}) {%unbefleckt, rein%} (in übertragener <ab>Bed.</ab>). <ab>Subst.</ab> <lex>f.</lex> {%eine tugendhafte Frau%}.	sch	
apARigrahaRA	2-290-b	{#apARigrahaRA#}¦ <lex>Adj.</lex> <lex>f.</lex> {%unverheirathet%} <ls>KATHĀS. 67,85</ls>.	sch	
apATeya	3-252-a	{#apATeya#}¦ <lex>Adj.</lex> {%ohne Wegekost, — Reisevorrath%}.	sch	
apAkartos	1-291-b	{#apA/kartos#}¦ <ls>MAITR. S. 1,4,5</ls>.	sch	
apAmArgI	7-303-c	{#apAmArgI#}¦ <lex>f.</lex> {%ein Holzscheit von <bot>Achyranthes aspera</bot>%} <ls>KAUŚ. 46,49</ls>.	sch	
apApadarSin	4-293-a	{#apApadarSin#}¦ <lex>Adj.</lex> {%keine bösen Absichten habend%} <ls>R. ed. Bomb. 2,73,12</ls>.	sch	
apApaka	1-291-b	{#apApaka#}¦ <lex>Adj.</lex> = {#apApa#} <ls>NAIṢ. 4,62</ls>.	sch	
apAparogin	1-291-b	{#apAparogin#}¦ <lex>Adj.</lex> {%mit keiner bösen Krankheit behaftet%} <ls>HEMĀDRI 1,14,16</ls>.	sch	
apArAyaRIya	3-252-a	{#apArAyaRIya#}¦ <lex>n.</lex> Titel einer Grammatik <ls>UJJVAL.</ls> zu <ls>UṆĀDIS. 4,102</ls>. <ls n="UṆĀDIS. 4,">158</ls>. <ab>Vgl.</ab> {#pArAyaRIya#}.	sch	
apArTI	5-244-a	{#apArTI#}¦ <lex>Adv.</lex> mit {#kar#} {%verschmähen%} <ls>Z. d. d. m. G. 36,510</ls>.	sch	
apAramitA	3-252-a	{#apAramitA#}¦ <lex>f.</lex> {%keine Vollkommenheit%} <ls>VAJRACCH. 29,1</ls>.	sch	
apArayant	3-252-a	{#apArayant#}¦ <lex>Adj.</lex> auch {%nicht überwinden könnend%} <ls>MBH. 4,21,18</ls>. {%Jmd%} oder {%Etwas%} (<ab>Acc.</ab>) {%nicht zu widerstehen vermögend%} <ls n="MBH.">3,167,40</ls>. <ls n="MBH.">9,20,9</ls>. {%ni	sch	
apAsa	1-291-b	{#apAsa#}¦ in {#durapAsa#}.	sch	
apAtrI	7-303-c	{#apAtrI#}¦ <lex>Adv.</lex> mit {#BU#} {%für Etwas%} (<ab>Gen.</ab>) {%ungeeignet werden%} <ls>JĀTAKAM. 28</ls>.	sch	
apAvaraRa	4-293-a	{#apAvaraRa#}¦ <lex>n.</lex> {%das Abbinden%} <ls><ab>Comm.</ab> zu ĀPAST. ŚR. 10,9,10</ls>.	sch	
apAwita	1-291-b	{#apAwita#}¦ <lex>Adj.</lex> {%nicht gespalten%} <ls>HEMĀDRI 2,a,75,19</ls>.	sch	
apIqayant	2-290-b	{#apIqayant#}¦ 3〉 {%nicht quälend, — peinigend%} <ls>MBH. 13,37,3</ls>.	sch	
apOrRamAsa	1-291-c	{#apOrRamAsa#}¦ <lex>Adj.</lex> {%ohne Vollmondsfeier%} <ls>MUṆḌ. UP. 1,2,3</ls>.	sch	
apOrava	4-293-a	{#apOrava#}¦ <lex>Adj.</lex> (<lex>f.</lex> {#A#}) {%ohne%} <is>Paurava</is> <ls>HARIV. 11081</ls>.	sch	
apSuzka	7-305-a	{#apSuzka#}¦ <lex>Adj.</lex> <ls>R. ed. Bomb. 2,72,20</ls> <ab>v. l.</ab> <ab>st.</ab> {#SuzkApa#}.	sch	
apUrvamaRi	2-290-b	{#apUrvamaRi#}¦ <lex>m.</lex> Titel eines Werkes <ls>OPP. Cat. 1</ls>.	sch	
apUrya	3-252-b	{#apUrya#}¦ <lex>Adj.</lex> {%nicht zu erfüllen, — befriedigen%} <ls>MBH. 12,17,4</ls>.	sch	
apUtaBft	1-291-c	{#a/pUtaBft#}¦ <lex>m.</lex> {%kein%} <is>Pūtabhṛt</is> <ls>MAITR. S. 2,11,5</ls>.	sch	
apaBasman	6-295-a	{#apaBasman#}¦ <lex>Adj.</lex> {%von der Asche befreit%} <ls>KĀTY. ŚR. <ab>Comm.</ab> 233,20. 21</ls>.	sch	
apaSabdanirAkaraRa	1-291-b	{#apaSabdanirAkaraRa#}¦ <lex>n.</lex> Titel eines <ab>gramm.</ab> Werkes <ls>BÜHLER, Rep. No. 271</ls>.	sch	
apaScAttApin	3-251-c	{#apaScAttApin#}¦ <lex>Adj.</lex> {%keine Reue empfindend%}.	sch	
apaSlIlAyita	7-385-d	{#apaSlIlAyita#}¦ <lex>n.</lex> {%zierliches Ausdrücken%} <ls><ab>ebend.</ab> 248</ls>.	sch	
apaTakalpanA	4-292-c	{#*apaTakalpanA#}¦ bedeutet {%Neid, Missgunst%} nach <ls>GAL.</ls>	sch	
apacAyitar	7-302-b	{#apacAyitar#}¦ <ab>s.</ab> {#anapa˚#} oben.	sch	
apadozya	4-292-c	{#apadozya#}¦ <lex>Adj.</lex> in {#anapadozya/#} (<ab>s.</ab> oben).	sch	
apadyamAna	1-291-a	{#a/padyamAna#}¦ <lex>Adj.</lex> {%nicht fallend%} <ls>TS. 4,1,6,3</ls>.	sch	
apagUrti	7-302-b	{#a/pagUrti#}¦ <lex>f.</lex> {%Herausforderung, Drohung%} <ls>MAITR. S. 4,6,8 (90,15)</ls>.	sch	
apagataraSmivant	2-290-a	{#apagataraSmivant#}¦ <lex>Adj.</lex> {%strahlenlos geworden%} <ls>Ind. St. 10,318</ls> ({#ava˚#} fehlerhaft; <ab>vgl.</ab> <ls><ab>Comm.</ab> zu SŪRYAS. 7,20. fg.</ls>).	sch	
apagrahaRa	7-302-b	{#apagrahaRa#}¦ in {#savyA/pagrahaRa#}.	sch	
apakarzaRIya	2-290-a	{#apakarzaRIya#}¦ <lex>Adj.</lex> {%zu anticipiren%} <ls>NĪLAK.</ls> zu <ls>MBH. 3,170,21</ls> ({#SarEH#} <ab>st.</ab> {#SarIrEH#} zu lesen).	sch	
apakzARa	7-302-b	{#apakzARa#}¦ <lex>n.</lex> {%das Abseitsbrennen (Weiterlaufen) des Feuers%} <ls><ab>Comm.</ab> zu ĀPAST. ŚR. 9,1,17</ls>.	sch	
apakzigaRasaMGAta	2-290-a	{#apakzigaRasaMGAta#}¦ <lex>Adj.</lex> {%wo keine Vögel zusammenkommen%} <ls>HARIV. 3,31,25</ls>.	sch	
apakzigaRasaMpAta	2-290-a	{#apakzigaRasaMpAta#}¦ <lex>Adj.</lex> {%wo sich keine Vögel zeigen%} <ls>HARIV. 12302</ls>.	sch	
apalAyana	3-251-c	{#apalAyana#}¦ <lex>n.</lex> {%das Nichtfliehen%}.	sch	
apalAyin	1-291-b	{#apalAyin#}¦ <lex>Adj.</lex> {%nicht fliehend%}.	sch	
apalapanIya	1-291-b	{#apalapanIya#}¦ <lex>Adj.</lex> {%zu läugnen, — verneinen%} <ls>KAP. 5,128</ls>.	sch	
apamAnaka	2-290-a	{#˚apamAnaka#}¦ <lex>Adj.</lex> {%verachtend, geringschätzend%} <ls>Monatsb. d. B. A. 1880, S. 46, Z. 20</ls>.	sch	
apamArjanaka	1-291-a	{#apamArjanaka#}¦ <lex>Adj.</lex> = {#apamArjana#} 1〉 <ls>AGNI-P. 31,48</ls>.	sch	
apanidrant	1-291-a	{#apanidrant#}¦ <lex>Adj.</lex> {%sich öffnend%} <ls>NAIṢ. 6,101</ls>.	sch	
apanodin	7-302-c	{#˚apanodin#}¦ <lex>Adj.</lex> {%verscheuchend, vertreibend%} <ls>JĀTAKAM. 26</ls>.	sch	
apanuti	3-251-b	{#apanuti#}¦ <lex>f.</lex> <ls>MAHĀVĪRAC. 121,2</ls> fehlerhaft für {#apanutti#}.	sch	
apapivaMs	3-251-b	{#a/papivaMs#}¦ (schwach {#a/papus#}) <lex>Adj.</lex> {%nicht getrunken habend%} <ls>AV. 6,139,4</ls>.	sch	
aparADavant	7-302-d	{#aparADavant#}¦ <lex>Adj.</lex> {%das Ziel verfehlend%} <ls>CARAKA 58,14</ls> ({#aparADavAnBavati#} zu lesen).	sch	
aparAbADa	1-291-a	{#aparAbADa#}¦ <lex>Adj.</lex> {%wobei einem Andern kein Leid geschieht%} <ls>HEMĀDRI 1,15,3</ls>.	sch	
aparAdDar	1-291-a	{#aparAdDar#}¦ <ab>Nom. ag.</ab> {%eines Vergehens schuldig%} <ls>ŚIŚ. 10,14</ls>.	sch	
aparAditya	1-291-a	{#aparAditya#}¦ <lex>m.</lex> <ab>N. pr.</ab> eines Fürsten <ls>Ind. St. 15,192</ls>.	sch	
aparAgata	1-291-a	{#aparAgata#}¦ <lex>Adj.</lex> {%nicht weggegangen%} <ls>TĀṆḌYA-BR. 1,5,17</ls>.	sch	
aparAjaya	7-302-d	{#aparAjaya#}¦ <lex>m.</lex> {%das Nichtunterliegen%}. {#manasaH#} so <ab>v. a.</ab> {%das nicht den Muth Sinkenlassen%} <ls>R. ed. Bomb. 4,49,6</ls>.	sch	
aparAtaMsa	3-251-b	{#aparAtaMsa#}¦ <lex>m.</lex> {%das Nichtbeiseitegestossenwerden%} <ls>KĀṬH. 24,3</ls>.	sch	
aparAvantya	4-292-c	{#aparAvantya#}¦ <lex>m.</lex> <ab>Pl.</ab> <ab>N. pr.</ab> eines Volkes <ls>SUŚR. 1,172,9</ls>.	sch	
aparAvartin	3-251-b	{#aparAvartin#}¦ <lex>Adj.</lex> {%sich nicht umwendend, nicht fliehend%} (im Kampfe).	sch	
aparacAnarAwa	2-290-a	{#*aparacAnarAwa#}¦ <lex>n.</lex> <ab>N. pr.</ab> einer Oertlichkeit <ls>KĀŚ.</ls> zu <ls>P. 6,2,103</ls>.	sch	
aparakArya	3-251-b	{#aparakArya#}¦, besser <lex>Adj.</lex> {%später zu vollbringen%}.	sch	
aparakarman	2-290-a	{#aparakarman#} <lex>n.</lex> und {#aparakriyA#} <lex>f.</lex>¦ Titel zweier Werke <ls>OPP. Cat. 1</ls>.	sch	
aparakriyA	7-302-d	{#aparakriyA#} und {#aparacAnarAwa#}¦ 2.	sch	
aparasa	7-385-d	{#aparasa#}¦ <lex>Adj.</lex> {%lustlos%} <ls>DAMAYANTĪK. 262</ls>.	sch	
aparaviDi	2-290-a	{#aparaviDi#} <lex>m.</lex> und {#aparasUtra#} <lex>n.</lex>¦ Titel zweier Werke <ls>OPP. Cat. 1</ls>.	sch	
aparezukAzaSamI	1-291-b	{#*aparezukAzaSamI#}¦ <lex>f.</lex> <ab>N. pr.</ab> <ls>KĀŚ.</ls> zu <ls>P. 2,1,50</ls>.	sch	
apariBAzaRa	3-251-c	{#apariBAzaRa#}¦ <lex>Adj.</lex> {%nicht viel redend%} <ls>Spr. 4278</ls>, <ab>v. l.</ab>	sch	
apariBAzya	3-251-c	{#apariBAzya#}¦ <lex>Adj.</lex> {%nicht zu lehren, nicht ausdrücklich zu sagen%}.	sch	
apariBUtAjYa	1-291-a	{#apariBUtAjYa#}¦ <lex>Adj.</lex> {%dessen Befehle beachtet werden%} <ls>MUDRĀR. 67,11 (110,5)</ls>.	sch	
apariBakzita	4-292-c	{#apariBakzita#}¦ <lex>Adj.</lex> {%dessen Genuss Jmd nicht entzogen worden ist%} <ls>ŚĀṄKH. BR. 12,5</ls>.	sch	
apariBavanIya	3-251-c	{#apariBavanIya#}¦ <lex>Adj.</lex> {%der nicht beleidigt, gekränkt, gedemüthigt werden kann von%} (<ab>Gen.</ab>).	sch	
apariBukta	4-292-c	{#apariBukta#}¦ <lex>Adj.</lex> {%ungenossen%} <ls>SADDH. P. 4,10,b.</ls>	sch	
apariRAyaka	3-251-c	{#apariRAyaka#}¦ <lex>Adj.</lex> {%keinen Führer habend%} <ls>R. 2,64,4</ls>.	sch	
apariSrAnta	1-291-a	{#apariSrAnta#}¦ <lex>Adj.</lex> {%unermüdet, unermüdlich%}.	sch	
apariSrama	3-251-c	{#apariSrama#}¦ <lex>Adj.</lex> {%nicht müde werdend%} <ls>R. 2,64,5</ls>.	sch	
aparicCedakartar	3-251-b	{#aparicCedakartar#}¦ <ab>Nom. ag.</ab> {%nicht richtig urtheilend%} <ls>Spr. 3959</ls>.	sch	
aparicCedya	1-291-a	{#aparicCedya#}¦ <lex>Adj.</lex> {%nicht genauer zu bestimmen%}.	sch	
aparicyuta	2-290-a	{#˚aparicyuta#}¦ <lex>Adj.</lex> {%nicht abgefallen von, — untreu geworden%} <ls>KATHĀS. 56,169</ls>.	sch	
aparigamya	4-292-c	{#aparigamya#}¦ <lex>Adj.</lex> {%nicht zu umschreiten%} <ls><ab>Comm.</ab> zu KĀTY. ŚR. 17,4,5</ls>.	sch	
aparihAravant	3-251-c	{#aparihAravant#}¦ <lex>Adj.</lex> {%nicht zu vermeiden%}.	sch	
aparijYeya	3-251-b	{#aparijYeya#}¦ <lex>Adj.</lex> {%unbegreiflich%}.	sch	
aparikarmitamati	3-251-b	{#aparikarmitamati#}¦ <lex>Adj.</lex> {%ungeläuterten Sinnes%} <ls>ŚĪLĀṄKA 1,330</ls>.	sch	
aparikzIRa	7-302-d	{#aparikzIRa#}¦ <lex>Adj.</lex> {%nicht erschöpft, — verbraucht%} <ls>JĀTAKAM. 8</ls>.	sch	
aparikzIRaSakti	1-291-a	{#aparikzIRaSakti#}¦ <lex>Adj.</lex> {%von ungeschwächter Kraft%}. <ab>Nom. abstr.</ab> {#˚tva#} <lex>n.</lex> <ls>DAŚAK. 44,5</ls>.	sch	
aparimitadakziRa	4-292-c	{#aparimitadakziRa#}¦ <lex>Adj.</lex> {%wobei Unzählige als Lohn gegeben werden%} <ls>ĀPAST. ŚR. 10,26,4</ls>.	sch	
aparinirmita	1-291-a	{#aparinirmita#}¦ <lex>Adj.</lex> {%nicht geschaffen%}. <is>Viṣṇu</is> <ls>VIṢṆUS. 98,50</ls>.	sch	
aparinirvARa	1-291-a	{#aparinirvARa#}¦ <lex>Adj.</lex> {%nicht ganz zu Ende gegangen%} (Tag).	sch	
aparinizpatti	3-251-c	{#aparinizpatti#}¦ <lex>f.</lex> {%keine Vollkommenheit%} <ls>VAJRACCH. 40,11</ls>.	sch	
aparirakzaRa	3-251-c	{#aparirakzaRa#}¦ <lex>n.</lex> {%das Nichtgeheimhalten, Verrathen%}.	sch	
aparirakzant	3-251-c	{#aparirakzant#}¦ <lex>Adj.</lex> {%nicht schonend, daran setzend%} <ls>MBH. 5,146,15</ls>.	sch	
aparitApa	3-251-c	{#aparitApa#}¦ <lex>Adj.</lex> {%keinen Seelenschmerz empfindend%} <ls>R. 2,22,26</ls>.	sch	
aparitarkita	2-290-a	{#aparitarkita#}¦ <lex>Adj.</lex> 1〉 {%unerwartet%}. — 2〉 {%nicht gerichtlich verhört, — vernommen%}.	sch	
aparituzwa	2-290-b	{#aparituzwa#}¦ <lex>Adj.</lex> {%nicht erfreut%} <ls>YĀJÑ. 3,53</ls>.	sch	
aparituzyant	3-251-c	{#aparituzyant#}¦ <lex>Adj.</lex> {%sich nicht befriedigt fühlend%} <ls>SARVAD. 90,10</ls>.	sch	
aparityAgin	3-251-c	{#aparityAgin#}¦ <lex>Adj.</lex> {%Jmd nicht verlassend%}.	sch	
aparityAjya	3-251-c	{#aparityAjya#}¦ <lex>Adj.</lex> auch {%nicht im Stich zu lassen, — zu verstossen; — zu überlassen Jmd%} ({#prati#}).	sch	
aparityakta	3-251-c	{#aparityakta#}¦ <lex>Adj.</lex> {%nicht beraubt, non carens;%} mit <ab>Instr.</ab> <ls>VARĀH. BṚH. S. 5,1</ls>.	sch	
aparivezwita	6-295-a	{#aparivezwita#}¦ <lex>Adj.</lex> {%nicht umgeben —, nicht umringt von%} (<ab>Instr.</ab>) <ls>HARIV. 2,38,57</ls>.	sch	
aparivraQiman	5-243-c	{#aparivraQiman#}¦ <lex>m.</lex> {%Unvermögen zu%} (<ab>Infin.</ab>) <ls>ŚIŚ. 5,41</ls>.	sch	
aparivyakta	3-251-c	{#aparivyakta#}¦ <lex>Adj.</lex> {%nicht ganz deutlich zu sehen%} <ls>HARIV. 961</ls>.	sch	
apariziYcant	2-290-b	{#apariziYcant#}¦ <lex>Adj.</lex> {%nicht besprengend%} <ls>ĀPAST. ŚR. 15,14,4</ls>.	sch	
aparizvakta	5-243-c	{#aparizvakta#}¦ <lex>Adj.</lex> {%nicht umschlungen —, nicht begleitet von%} (<ab>Instr.</ab>) <ls>ŚAṂK.</ls> zu <ls>BĀDAR. 3,1,1</ls>.	sch	
aparopatApin	1-291-b	{#aparopatApin#}¦ <lex>Adj.</lex> {%Andern keinen Schmerz bereitend%}. <ab>Nom. abstr.</ab> {#˚pitA#} <lex>f.</lex> <ls>HEMĀDRI 2,a,18,1</ls>.	sch	
aparus	7-385-d	{#aparu/s#}¦ <lex>n.</lex> {%eine andere Stelle als das Gelenk%} <ls><ab>ebend.</ab> 3,9,2 (114,16)</ls>.	sch	
aparyApti	7-385-d	{#aparyApti#}¦ <lex>f.</lex> {%Unzulänglichkeit%} <ls>MĀLATĪM. (ed. Bomb.) 59,2</ls>.	sch	
aparyudasta	7-303-b	{#aparyudasta#}¦ <lex>Adj.</lex> {%nicht ausgeschlossen%} <ls>MAHĀDEVA</ls> zu <ls>SĀṂKHYAS. 5,124</ls>.	sch	
apasadas	7-303-b	{#apasadas#}¦ <lex>n.</lex> findet <ls>MAHĀDEVA</ls> in <ls>SĀṂKHYAS. 6,34</ls>. Er erklärt: {#kutarkayuktamapasado duzwA saBA . tatrAtmajYAnaM na yuktam .#}	sch	
apaskanda	1-291-b	{#apaskanda#}¦ <lex>Adj.</lex> {%wegschnellend%} <ls>AV. PAIPP. 2,5,4</ls>.	sch	
apasubrahmaRya	5-244-a	{#apasubrahmaRya#}¦ <lex>Adj.</lex> {%ohne den%} <is>Subrahmaṇya</is> <ls><ab>Comm.</ab> zu ĀPAST. ŚR. 12,23,13</ls>.	sch	
apatandram	7-302-b	{#apatandram#}¦ <lex>Adv.</lex> {%unermüdet%} <ls>PĀDĀRAVINDAŚAT. 5</ls>.	sch	
apatyaduHKEkamaya	2-290-a	{#apatyaduHKEkamaya#}¦ <lex>Adj.</lex> {%einzig und allein im Schmerz über die Kinder bestehend%} <ls>KATHĀS. 78,79</ls>.	sch	
apatyasnehakfpAmaya	2-290-a	{#apatyasnehakfpAmaya#}¦ <lex>Adj.</lex> {%erfüllt von Liebe und Mitleid zu den Kindern%} <ls>KATHĀS. 67,84</ls>.	sch	
apavidDaka	3-251-c	{#apavidDaka#}¦ <lex>m.</lex> {%ein verstossener Sohn%} <ls>DEVALA.</ls>	sch	
apavidDi	1-291-b	{#apavidDi#}¦ <lex>f.</lex> {%Verwerfung%} <ls>CARAKA 1,26</ls>.	sch	
apayoDaravAraRa	5-243-c	{#apayoDaravAraRa#}¦ <lex>Adj.</lex> {%durch keine Wolken aufgehalten%} <ls>ŚIŚ. 19,21</ls>.	sch	
apayoDarava	5-243-c	{#apayoDarava#}¦ <lex>Adj.</lex> {%kein Kampfgeschrei mehr erhebend%} <ls>ŚIŚ. 19,21</ls>.	sch	
apelava	3-252-b	{#apelava#}¦ <lex>Adj.</lex> {%nicht zart, grob%} <ls>KATHĀS. 101,156</ls>.	sch	
apfTAtmaja	4-293-a	{#apfTAtmaja#}¦ <lex>Adj.</lex> {%ohne%} <is>Yudhiṣṭhira</is>, {%von%} <is n="Yudhiṣṭhira">Y.</is> {%erlöst%} <ls>VEṆĪS. 97</ls>.	sch	
apfTagBUta	2-290-b	{#apfTagBUta#}¦ <lex>Adj.</lex> {%nicht verschieden, identisch%} <ls>DAŚAK. (1925) 2,74,10</ls>.	sch	
apfTagDarmacaraRa	1-291-c	{#apfTagDarmacaraRa#}¦ <lex>Adj.</lex> {%in Bezug auf Pflicht und Lebenswandel nicht seinen eigenen Weg gehend%} <ls>AGNI-P. 18,23</ls>.	sch	
apfzWa	1-291-c	{#apfzWa#}¦ <lex>n.</lex> {%kein richtiges%} <is>Pṛṣṭha</is> <ls>TĀṆḌYA-BR. 5,2,4</ls>.	sch	
apiNgAkza	1-291-b	{#apiNgAkza#}¦ <lex>Adj.</lex> (<lex>f.</lex> {#I#}) {%nicht gelbäugig%} <ls>HEMĀDRI 1,681,17</ls>.	sch	
apiSAca	7-303-d	{#apiSAca#}¦ <lex>Adj.</lex> {%von%} <is>Piśāca</is> {%befreit%} <ls>R. ed. Bomb. 3,64,65</ls>.	sch	
apiSasas	1-291-c	{#apiSa/sas#}¦ <ls>MAITR. S. 4,13,4</ls>.	sch	
apinvamAna	1-291-b	{#apinvamAna#}¦ <lex>Adj.</lex> {%nicht mehr tropfend%} <ls>ŚĀṄKH. GṚHY. 6,3</ls>.	sch	
apipAsita	1-291-c	{#apipAsita#}¦ <lex>Adj.</lex> {%keinen Durst empfindend%} <ls>SAṂHITOPAN. 42,6</ls>.	sch	
apippalAda	3-252-a	{#apippalAda#}¦ <lex>Adj.</lex> {%keine Früchte der <bot>Ficus religiosa</bot> essend%} und {%nicht den Sinnenfreuden ergeben%} <ls>BHĀG. P. 11,11,7</ls>.	sch	
apisoma	6-295-a	{#apisoma#}¦ <lex>Adj.</lex> {%Antheil am%} <is>Soma</is> {%habend%} <ls>J. A. O. S. 11, CXLVI.</ls>	sch	
aplavaga	7-305-a	{#aplavaga#}¦ <lex>Adj.</lex> (<lex>f.</lex> {#A#}) {%nicht in Sprüngen sich fortbewegend%} <ls>R. ed. Bomb. 4,25,44</ls>.	sch	
aploza	1-292-a	{#aploza#}¦ <lex>m.</lex> {%Nichtverbrennung%} <ls>NAIṢ. 7,25</ls>.	sch	
appakavi	2-290-b	{#appakavi#}¦ <lex>m.</lex> <ab>N. pr.</ab> eines {%Dichters%} und {#˚kavIya#} <lex>n.</lex> Titel seines Werkes <ls>OPP. Cat. 1</ls>.	sch	
aprAptaprakASakatva	7-305-a	{#aprAptaprakASakatva#}¦ <lex>n.</lex> {%das Offenbarmachen dessen, was nicht erreicht worden ist,%} <ls>SĀṂKHYAS. 5,104</ls>.	sch	
aprAptarajasI	5-244-a	{#aprAptarajasI#}¦ <lex>Adj.</lex> <lex>f.</lex> {%noch nicht die Menses habend%} <ls>GṚHYĀS. 2,18</ls> in <ls>Z. d. d. m. G. 35,544</ls>.	sch	
aprAptavant	1-292-a	{#aprAptavant#}¦ <lex>Adj.</lex> {%nicht erlangt habend%} <ls>MBH. 14,90,31</ls>.	sch	
aprAptazoqaSa	6-295-b	{#aprAptazoqaSa#}¦ <lex>Adj.</lex> (<lex>f.</lex> {#A#}) {%das 16te Jahr noch nicht erreicht habend%} <ab>Cit.</ab> aus einem Glossar im <ls><ab>Comm.</ab> zu ĀPAST. ŚR. 15,20,8</ls>.	sch	
aprArTanIyA	2-290-c	{#aprArTanIyA#}¦ <lex>Adj.</lex> <lex>f.</lex> {%um die man sich nicht bewerben darf%} <ls>MBH. 4,14,36</ls>.	sch	
aprAsuka	2-290-c	{#aprAsuka#}¦ <lex>Adj.</lex> = {#sacitta#} <ls>ŚĪLĀṄKA 2,4</ls>.	sch	
aprAveSya	5-244-a	{#aprAveSya#}¦ <lex>n.</lex> {%das Vorrecht der Unbetretbarkeit für%} (<ab>Gen.</ab>) <ls>Ind. Antiq. 9,175</ls>.	sch	
aprAyaScitta	1-292-a	{#aprAyaScitta#}¦ <lex>Adj.</lex> {%ohne Sühne%} <ls>ĀPAST.</ls>	sch	
aprIta	2-290-c	{#aprIta#}¦ <lex>Adj.</lex> {%unbefriedigt, unzufrieden%}.	sch	
aprItamanas	7-305-a	{#aprItamanas#}¦ <lex>Adj.</lex> {%missvergnügt%} <ls>JĀTAKAM. 9,15</ls>.	sch	
aprItikft	1-292-a	{#aprItikft#}¦ <lex>Adj.</lex> = {#apriyakara#} <ls>HEMĀDRI 1,552,21</ls>.	sch	
apraBinna	3-252-b	{#apraBinna#}¦ <lex>Adj.</lex> {%nicht brünstig%} (Elephant) <ls>MBH. 6,46,9</ls>.	sch	
apraKyAla	4-293-a	{#apraKyAla#}¦ <lex>Adj.</lex> <ls>MBH. 14,2852</ls>. <ab>v. l.</ab> {#aprakzAla#} und {#prasaMKyAna#}.	sch	
apraKyAti	4-293-a	{#apraKyAti#}¦ <lex>f.</lex> {%Nichtwahrnehmbarkeit, Unsichtbarkeit%} <ls>MBH. 3,22,12</ls>. <ls n="MBH.">9,4,2</ls>.	sch	
apraRAmita	1-291-c	{#apraRAmita#}¦ <lex>Adj.</lex> {%nicht mit dem zweiten%} <is>Svara</is> {%beginnend und dem dritten endend%} <ls>SAṂHITOPAN. 17,3</ls>.	sch	
apraRata	5-244-a	{#apraRata#}¦ <lex>Adj.</lex> {%nicht vorgebeugt%} <ls>GOBH. 1,2,15</ls>.	sch	
apraRaya	4-293-a	{#apraRaya#}¦ <lex>m.</lex> {%Nichtzuneigung, Kälte%} (des Herzens) <ls>Spr. 2991</ls>.	sch	
apraRayin	3-252-b	{#apraRayin#}¦ <lex>Adj.</lex> {%zu dem man sich nicht hingezogen fühlt, den man nicht mag%} <ls>Spr. 941</ls>.	sch	
apraSaMsya	4-293-c	{#apraSaMsya#}¦ <lex>Adj.</lex> {%nicht rühmenswerth%} <ls>MBH. 3,253,22</ls>. <ls>R. 3,35,19</ls>.	sch	
apraTamayajYa	1-292-a	{#apraTamayajYa#}¦ <lex>m.</lex> {%nicht das erste Opfer%} <ls>VAITĀN.</ls>	sch	
aprabudDa	4-293-c	{#aprabudDa#}¦ <lex>Adj.</lex> {%unentfaltet, unentwickelt%} <ls>TEJOB. UP. 11</ls>. <ls>Verz. d. Oxf. H. 91,b,21</ls>.	sch	
apracAra	4-293-a	{#apracAra#}¦ <lex>m.</lex> {%das nicht zum Vorschein Kommen%} <ls>BHĀM. V. 2,120</ls>.	sch	
apracCAdayant	2-290-b	{#apracCAdayant#}¦ <lex>Adj.</lex> {%nicht verbergend%} <ls>SARVAD. 118,22</ls>.	sch	
apracCAdita	3-252-b	{#apracCAdita#}¦ <lex>Adj.</lex> {%unbedeckt, unbelegt%} (Erdboden) <ls>VIṢṆUS. 60,3</ls>.	sch	
apracaraRIya	2-290-b	{#apracaraRIya#}¦ <lex>Adj.</lex> {%nicht im Gebrauch befindlich, zur Reserve bestimmt%} <ls>ĀPAST. ŚR. 15,6,11</ls>.	sch	
apradAyin	3-252-b	{#apradAyin#}¦ <lex>Adj.</lex> {%nicht gebend%} <ls>VIṢṆUS. 5,178</ls>.	sch	
apraduzwa	1-292-a	{#apraduzwa#}¦ <lex>Adj.</lex> {%nicht verdorben%} (moralisch) <ls>YĀJÑ. 3,269</ls>.	sch	
apragIta	2-290-b	{#apragIta#}¦ <lex>Adj.</lex> {%nicht singend hergesagt%} <ls>SARVAD. 169,17</ls>.	sch	
apragalBatA	3-252-b	{#apragalBatA#}¦ <lex>f.</lex> {%Aengstlichkeit%} <ls>APARĀRKA</ls>.	sch	
aprahAvarI	1-292-a	{#a/prahAvarI#}¦.	sch	
aprajAyant	3-252-b	{#aprajAyant#}¦ <lex>Adj.</lex> {%nicht zeugend%} <ls>MBH. 12,34,14</ls>.	sch	
aprajYAna	1-291-c	{#aprajYAna#}¦ <lex>n.</lex> {%Unkenntniss%} <ls>VAITĀN.</ls>	sch	
aprajYAyamAna	6-295-a	{#aprajYAyamAna#}¦ <lex>Adj.</lex> {%nicht bekannt%} <ls>VASIṢṬHA 3,13</ls>.	sch	
aprakampya	4-293-a	{#aprakampya#}¦ <lex>Adj.</lex> {%nicht zum Zittern zu bringen%} <ls>R. 6,36,95</ls>.	sch	
aprakzAla	4-293-a	{#aprakzAla#}¦ <lex>Adj.</lex> {%sich nicht waschend%} <ls>MBH. 14,92,7</ls>, <ab>v. l.</ab> Nach <ls>NĪLAK.</ls> = {#SezahIna#}.	sch	
apralaya	1-292-a	{#apralaya˚#}¦ {%ohne dass die Welt zu Grunde ginge%} <ls>RAGH. 10,35</ls>.	sch	
apramattavant	4-293-c	{#apramattavant#}¦ <lex>Adj.</lex> {%nicht fahrlässig%} <ls>MBH. 12,245,6</ls>.	sch	
apramoza	7-304-d	{#apramoza#}¦ <lex>m.</lex> {%Nichtentziehung, das Nichtverlustiggehen%} <ls>JĀTAKAM. 1,12</ls>.	sch	
aprapIqana	6-295-b	{#aprapIqana#}¦ <lex>n.</lex> {%kein Druck, kein Gefühl des Druckes%} ({#kukzerAhAreRa#}) <ls>CARAKA 3,2</ls>.	sch	
aprapUjita	1-292-a	{#aprapUjita#}¦ <lex>Adj.</lex> {%nicht hoch geehrt%} <ls>HEMĀDRI 1,689,2</ls>.	sch	
aprapadyant	3-252-b	{#aprapadyant#}¦, {#aprapadyaMSca karmARi#} <ls>MBH. 12,1219</ls> fehlerhaft für {#aprayacCaMSca sarvARi#}.	sch	
aprasPuwa	4-293-c	{#aprasPuwa#}¦ <lex>Adj.</lex> {%undeutlich, unverständlich%} <ls>KATHĀS. 13,109</ls>.	sch	
aprastava	4-293-c	{#aprastava#}¦ <lex>m.</lex> {%ein ungelegener Augenblick%} <ls>R. ed. Bomb. 3,29,19</ls>.	sch	
apratApin	4-293-a	{#apratApin#}¦ <lex>Adj.</lex> {%aller Würde baar%} <ls>MBH. 3,183,72</ls>.	sch	
apratIGAta	2-290-c	{#apratIGAta#}¦ <lex>Adj.</lex> {%auf keinen Widerstand stossend%} <ls>RAGH. 17,68</ls>.	sch	
apratIGAtin	4-293-b	{#apratIGAtin#}¦ <lex>Adj.</lex> {%dem Niemand Hindernisse in den Weg legen kann, unaufhaltsam%}. <ab>Nom. abstr.</ab> {#˚titA#} <lex>f.</lex> <ls>MBH. 12,255,8</ls>.	sch	
apratIGa	7-304-c	{#apratIGa#}¦ <lex>Adj.</lex> = {#apratiGa#} <ls>VĀYU-P. 1,5,23</ls>.	sch	
apratIhAram	2-290-c	{#apratIhAram#}¦ <ab>Absol.</ab> {%ohne darauf zu tupfen%} <ls>KAUŚ. 28</ls>.	sch	
apratIkArya	3-252-b	{#apratIkArya#}¦ <lex>Adj.</lex> {%wogegen sich Nichts thun lässt%} <ls>MAHĀVĪRAC. 102,14</ls>. <ls n="MAHĀVĪRAC.">105,15</ls>.	sch	
apratapta	2-290-b	{#apratapta#}¦ <lex>Adj.</lex> {%nicht erhitzt, kalt%} (Eisen) <ls>BHĀG. P. 6,16,24</ls>.	sch	
apratiBAna	4-293-b	{#apratiBAna#}¦ <lex>n.</lex> {%das Nichtanstehen, Nichtpassen%} <ls><ab>Comm.</ab> zu ĀPAST. ŚR. 9,11,1</ls>.	sch	
apratiBeda	4-293-b	{#apratiBeda#}¦ <lex>m.</lex> {%Nichtverrath, Geheimhaltung%} <ls>KATHĀS. 12,70</ls>.	sch	
apratiSaNkamAna	2-290-c	{#apratiSaNkamAna#}¦ <lex>Adj.</lex> {%kein Bedenken tragend%}.	sch	
apratiSrabDa	7-304-c	{#apratiSrabDa#}¦ <lex>Adj.</lex> {%nicht aufhörend, — zu Ende gebracht%} <ls>DIVYĀVAD. 133,19</ls>.	sch	
apratiSraya	4-293-b	{#apratiSraya#}¦ <lex>Adj.</lex> {%keine Zufluchtsstätte habend%} <ls>KATHĀS. 52,295</ls>.	sch	
apratiSuzkAgra	3-252-b	{#apratiSuzkAgra#}¦ <lex>Adj.</lex> (<lex>f.</lex> {#A#}) {%an der Spitze nicht vertrocknet%} <ls>ĀPAST. ŚR. 1,1,8</ls>. <ls n="ĀPAST. ŚR.">7,1,17</ls>. <ls n="ĀPAST. ŚR. 7,">12,5</ls>.	sch	
apratiboDana	4-293-b	{#apratiboDana#}¦ <lex>n.</lex> {%Unkenntniss%} <ls>MBH. 12,304,9</ls>.	sch	
apratiboDavant	2-290-c	{#apratiboDavant#}¦ <lex>Adj.</lex> {%ohne Bewusstsein, — Intelligenz%} <ls>VP. 1,5,6</ls>.	sch	
apratidruh	3-252-b	{#apratidruh#}¦ <lex>Adj.</lex> {%Jmd nicht wieder (contra) zu schaden suchend%}.	sch	
apratigaja	4-293-b	{#apratigaja#}¦ <lex>Adj.</lex> {%keinen ebenbürtigen Elephanten sich gegenüber habend%} <ls>MBH. 7,27,5</ls>.	sch	
apratigata	5-244-a	{#apratigata#}¦ <lex>Adj.</lex> als Erklärung von {#a/pratIta#} <ls>SĀY.</ls> zu <ls>ṚV. 4,42,6</ls>.	sch	
apratigfhIta	1-291-c	{#apratigfhIta#}¦ <lex>Adj.</lex> {%nicht angenommen%} <ls>TĀṆḌYA-BR. 13,7,12. 13</ls>.	sch	
apratigrAhin	1-291-c	{#apratigrAhin#}¦ <lex>Adj.</lex> {%Nichts annehmend%}.	sch	
apratihfta	1-292-a	{#apratihfta#}¦ <lex>Adj.</lex> {%nicht vom%} <is>Pratihartar</is> {%unterbrochen%} <ls>TĀṆḌYA-BR. 7,1,4</ls>.	sch	
apratijagDa	2-290-b	{#a/pratijagDa#}¦ <lex>Adj.</lex> {%nicht verzehrt, — verschlungen%} <ls>MAITR. S. 1,4,10</ls> (<ls>KĀṬH. 32,7</ls>).	sch	
apratijalpant	2-290-b	{#apratijalpant#}¦ <lex>Adj.</lex> {%nicht antwortend%} <ls>R. 6,98,12</ls>.	sch	
apratikArasevin	4-293-b	{#apratikArasevin#}¦ <lex>Adj.</lex> {%keine Heilmittel anwendend%} <ls>SUŚR. 2,361,16</ls>.	sch	
apratikArya	3-252-b	{#apratikArya#}¦ <lex>Adj.</lex> {%wogegen sich Nichts thun lässt%} <ls>MAHĀVĪRAC. 8,20</ls>.	sch	
apratikUlakft	4-293-b	{#apratikUlakft#}¦ <lex>Adj.</lex> {%sich nicht widersetzend%} <ls>R. GORR. 2,52,10</ls>.	sch	
apratikUlavAda	4-293-b	{#apratikUlavAda#}¦ <lex>Adj.</lex> {%nicht widerredend%} <ls>MBH. 3,120,7</ls>.	sch	
apratikUlayant	4-293-b	{#apratikUlayant#}¦ <lex>Adj.</lex> <ab>dass.</ab> <ls>R. 2,52,70</ls>.	sch	
apratikalpa	4-293-b	{#apratikalpa#}¦ <lex>Adj.</lex> (<lex>f.</lex> {#A#}) {%unvergleichlich%}.	sch	
apratikarmakriyA	3-252-b	{#apratikarmakriyA#}¦ <lex>f.</lex> {%Unterlassung der Schmückung des Körpers%} <ls>VIṢṆUS. 25,9</ls>.	sch	
apratikarza	4-293-b	{#apratikarza#}¦ <lex>m.</lex> {%Nichtzusammenrückung, Nichtvereinigung%}.	sch	
apratikrUra	4-293-b	{#apratikrUra#}¦ <lex>Adj.</lex> {%nicht wieder hart, Härte nicht erwiedernd%} <ls>MBH. 12,278,8</ls>.	sch	
apratikriya	7-304-b	{#apratikriya#}¦ <lex>Adj.</lex> {%wogegen es keine Abhülfe giebt%} <ls>JĀTAKAM. 32</ls>.	sch	
apratikriyamARa	1-291-c	{#apratikriyamARa#}¦ <lex>Adj.</lex> {%nicht ärztlich behandelt werdend%} (Krankheit).	sch	
apratikroSant	7-304-b	{#apratikroSant#}¦ <lex>Adj.</lex> {%nicht anschreiend%} <ls>JĀTAKAM. 12</ls>.	sch	
apratikruDyant	3-252-b	{#apratikruDyant#}¦ <lex>Adj.</lex> {%Jmd%} (<ab>Acc.</ab>) {%nicht wieder zürnend%} <ls>MBH. 3,29,9</ls>.	sch	
apratikurvant	7-304-b	{#apratikurvant#}¦ <lex>Adj.</lex> {%keinen Gegendienst leistend%} <ls>R. ed. Bomb. 4,33,47</ls>.	sch	
apratilInA	3-252-b	{#apratilInA#}¦ <lex>Adj.</lex> <lex>f.</lex> {%unverschleiert%} <ls>LALIT. 179,18</ls>. <ls n="LALIT. 179,">19</ls>.	sch	
apratilomayant	1-291-c	{#apratilomayant#}¦ <lex>Adj.</lex> {%sich nicht widersetzend%}. {#vAcA#} [Page1-292-a] so <ab>v. a.</ab> {%nicht widersprechend%} <ls>ĀPAST.</ls>	sch	
apratinandant	1-291-c	{#apratinandant#}¦ <lex>Adj.</lex> {%Nichts wissen wollend von%} (<ab>Acc.</ab>) <ls>MBH. 3,60,8</ls>.	sch	
apratinandita	3-252-b	{#apratinandita#}¦ <lex>Adj.</lex> {%zurückgestossen, verstossen von%} (<ab>Instr.</ab>) <ls>BHĀG. P. 4,4,8</ls>.	sch	
apratipUjita	3-252-b	{#apratipUjita#}¦ <lex>Adj.</lex> {%nicht geehrt%} <ls>Spr. 2407</ls>.	sch	
apratiroDana	4-293-b	{#apratiroDana#}¦ <lex>n.</lex> <ls>MBH. 12,11325</ls> fehlerhaft für {#apratiboDana#}.	sch	
apratirudDa	1-291-c	{#apratirudDa#}¦ <lex>Adj.</lex> {%ungehemmt%}.	sch	
apratisaMhfta	4-293-b	{#apratisaMhfta#}¦ <lex>Adj.</lex> {%ungehemmt, unbehindert%} <ls>R. 2,22,10</ls>.	sch	
apratisara	4-293-b	{#apratisara#}¦ <lex>Adj.</lex> etwa {%keinem Ueberfall unterliegend%} <ls>HARIV. 8048</ls>.	sch	
apratitarkita	2-290-b	{#apratitarkita#}¦ <lex>Adj.</lex> {%unerwartet%} oder {%wovon man [Page2-290-c] sich keine Vorstellung zu bilden vermag%}.	sch	
aprativArita	5-244-a	{#aprativArita#}¦ <lex>Adj.</lex> {%nicht zurückgehalten, — abgehalten, — abgewehrt%}.	sch	
aprativartana	4-293-b	{#aprativartana#}¦ <lex>n.</lex> {%das Nichtwiederkehren, Nichtwiedererscheinen%} <ls>MBH. 12,307,17</ls>.	sch	
aprativiDAna	1-292-a	{#aprativiDAna#}¦ <lex>n.</lex> {%das Nichttreffen von Maassregeln%} <ls>MUDRĀR. 70,21 (117,13)</ls>. Am <ab>Anf.</ab> eines <ab>Comp.</ab> {%ohne alles Hinzuthun%} <ls>ŚIŚ. 10,37</ls>.	sch	
apratividDa	2-290-c	{#a/pratividDa#}¦ <lex>Adj.</lex> {%unverwundet%}.	sch	
aprativindamAna	5-244-a	{#aprativindamAna#}¦ <lex>Adj.</lex> {%Nichts wissend von%} (<ab>Acc.</ab>) <ls>MBH. 1,192,14</ls>.	sch	
apratizeDita	6-295-b	{#apratizeDita#}¦ <lex>Adj.</lex> {%nicht verwehrt, — untersagt, — verboten%} <ls>MBH. 12,12,19</ls>.	sch	
aprattAprahutAda	4-293-b	{#aprattAprahutAda#}¦ <lex>Adj.</lex> {%essend ohne Andern Etwas davon gegeben oder den Göttern davon geopfert zu haben%} <ls>BHĀG. P. 5,26,18</ls>.	sch	
aprattasOvizwakfta	4-293-b	{#aprattasOvizwakfta#}¦ <lex>Adj.</lex> {%dem%} <is>Agni</is> <is>Sviṣṭakṛt</is> {%noch nicht dargebracht%} <ls>ĀPAST. ŚR. 9,15,10</ls>.	sch	
apratyAKyAnaka	4-293-b	{#apratyAKyAnaka#}¦ <lex>Adj.</lex> {%unbekämpft%} (Leidenschaft) <ls>HEM. YOG. 4,7</ls>.	sch	
apratyAharant	4-293-b	{#apratyAharant#}¦ <lex>Adj.</lex> (<lex>f.</lex> {#˚ntI#}) {%nicht hinundher ziehend%} [Page4-293-c] <ls>GOBH. 2,6,9</ls>.	sch	
apratyUha	4-293-c	{#apratyUha#}¦ <lex>Adj.</lex> {%ungehemmt, ungehindert%} <ls>BHĀM. V. 2,135</ls>.	sch	
apratyaBimfzwa	4-293-b	{#apratyaBimfzwa#}¦ <lex>Adj.</lex> {%nicht berührt%} <ls>AIT. BR. 7,33,6</ls>.	sch	
apratyutTAyika	2-290-c	{#apratyutTAyika#} (falsch) und {#apratyutTAyuka#} (<ab>v. l.</ab> richtig)¦ <lex>Adj.</lex> {%sich vor Jmd nicht erhebend%} <ls>GOP. BR. 1,3,19</ls>.	sch	
apratyutTAyin	4-293-c	{#apratyutTAyin#}¦ <lex>Adj.</lex> {%nicht ehrerbietig aufstehend%} <ls>BHĀG. P. 10,78,23</ls>.	sch	
apravaRa	4-293-c	{#apravaRa#}¦ <lex>Adj.</lex> {%nicht demüthig%} <ls>MBH. 1,89,4</ls>.	sch	
apravadant	3-252-c	{#apravadant#}¦ <lex>Adj.</lex> (<lex>f.</lex> {#˚datI#}) {%nicht rauschend%} <ls>ĀŚV. GṚHY. 2,7,7</ls>.	sch	
apravedita	1-292-a	{#apravedita#}¦ <lex>Adj.</lex> {%nicht angekündigt%} <ls>ĀPAST.</ls>	sch	
apravilApita	4-293-c	{#apravilApita#}¦ <lex>Adj.</lex> {%nicht vollständig aufgelöst, — zu Nichte gemacht%} <ls>ŚAṂK.</ls> zu <ls>BĀDAR. 3,2,21 (S. 816, Z. 1)</ls>.	sch	
apravizwa	5-244-a	{#apravizwa#}¦ <lex>Adj.</lex> 1〉 {%nicht eingetreten —, nicht eingedrungen in%} (<ab>Loc.</ab>) <ls>BHĀG. P. 2,9,34</ls>. <ls n="BHĀG. P.">7,12,15</ls>. — 2〉 {%nicht betreten%} <ls>RAGH. 11,18</ls>.	sch	
aprayAnt	4-293-c	{#aprayAnt#}¦ <lex>Adj.</lex> {%sich nicht bewegend%} <ls>MBH. 5,7178</ls>.	sch	
aprayacCant	3-252-c	{#aprayacCant#}¦ <lex>Adj.</lex> {%nicht gebend%} <ab>überh.</ab> <ls>MBH. 12,34,12</ls>.	sch	
aprayogin	5-244-a	{#aprayogin#}¦ <lex>Adj.</lex> {%nicht angefügt —, nicht ausgesprochen werdend%} <ls>ZACH. Beitr.</ls>	sch	
aprayojya	4-293-c	{#aprayojya#}¦ <lex>Adj.</lex> {%nicht zu gebrauchen,%} so <ab>v. a.</ab> {%nicht in abhängigem Verhältniss stehend von%} (im <ab>Comp.</ab> vorangehend). <ab>Nom. abstr.</ab> {#˚tva#} <lex>n.</lex> <ls>SARVAD. 120,5</ls	sch	
aprekzyamARa	5-244-a	{#aprekzyamARa#}¦ <lex>Adj.</lex> {%nicht gesehen werdend, dem Auge entzogen%} <ls>HEM. PAR. 1,247</ls>.	sch	
apriyaMkara	1-292-a	{#apriyaMkara#}¦ <lex>Adj.</lex> (<lex>f.</lex> {#I#}) {%Unliebes erweisend%} <ls>AGNI-P. 6,24</ls>.	sch	
apriyakft	3-252-c	{#apriyakft#}¦ <lex>Adj.</lex> {%Unliebes thuend%} <ls>MAHĀVĪRAC. 53,2</ls>.	sch	
apsAnIya	4-293-c	{#apsAnIya#}¦ <lex>Adj.</lex> in einer Etymologie <ls>NIR. 5,13</ls>.	sch	
apsarasa	7-305-a	{#apsarasa#}¦ = {#apsaras#} in {#apsarasAlaya#} <ls>R. ed. Bomb. 4,46,15</ls>.	sch	
aptumant	1-291-c	{#aptuma/nt#}¦.	sch	
apuRyaSIla	2-290-b	{#apuRyaSIla#}¦ <lex>Adj.</lex> (<lex>f.</lex> {#A#}) {%unglückselig%} <ls>MBH. 2,66,1</ls>.	sch	
apunarmAra	3-252-a	{#apunarmAra#}¦ <lex>Adj.</lex> {%ohne wiederholtes Sterben%} <ls>VP. 2,8,96</ls>.	sch	
apunarmfta	4-293-a	{#apunarmfta#}¦ <lex>n.</lex> {%kein abermaliges Sterben%} <ls>BHĀG. P. 5,19,25</ls>.	sch	
apunarnivartin	3-252-a	{#apunarnivartin#}¦ <lex>Adj.</lex> {%nicht wiederkehrend%} <ls>ŚIŚ. 1,64</ls>.	sch	
apunarnivftti	5-244-a	{#apunarnivftti#}¦ <lex>f.</lex> {%Nichtwiederkehr%} <ls>ŚIŚ. 14,64</ls>.	sch	
apuraskfta	1-291-c	{#apuraskfta#}¦ <lex>Adj.</lex> {%hintangesetzt%} <ls>NAIṢ. 2,20</ls>.	sch	
aputryapaSavya	1-291-c	{#aputryapaSavya#}¦ <lex>Adj.</lex> (<lex>f.</lex> {#A#}) {%für Söhne und Vieh nicht dienlich%} <ls>SAṂHITOPAN. 8,7</ls>.	sch	
apuzpita	7-303-d	{#apuzpita#}¦ <lex>Adj.</lex> {%nicht mit Blüthen versehen%} <ls>R. ed. Bomb. 4,60,12</ls>.	sch	
arAjadEvika	3-253-b	{#arAjadEvika#}¦ <lex>Adj.</lex> {%nicht vom Fürsten und nicht [Page3-253-c] vom Schicksal verursacht%} <ls>YĀJÑ. 2,197</ls>.	sch	
arAjalakzman	3-253-c	{#arAjalakzman#}¦ <lex>Adj.</lex> {%ohne königliche Insignien%} <ls>Spr. 1395</ls>.	sch	
arAjya	5-245-a	{#arAjya#}¦ <lex>Adj.</lex> (<lex>f.</lex> {#A#}) {%der Herrschaft beraubt%} <ls>HARIV. 1630</ls>.	sch	
arAqItara	5-245-a	{#arAqI/tara#}¦ (so zu verbinden nach <ls>LEUMANN</ls>) <lex>Adj.</lex> {%sehr langhörnig%} <ls>ŚAT. BR. 4,5,5,5</ls>. <ab>Vgl.</ab> {#arA/qa#} (<ls>Nachtr. 4</ls>) und {#arAqya^#}.	sch	
arBakOkas	1-294-a	{#arBakOkas#}¦ <lex>Adj.</lex> {%ein kleines Haus habend%}. <ab>Nom. abstr.</ab> {#˚stva#} <lex>n.</lex> <ls>BĀDAR. 1,2,7</ls>.	sch	
arDADva	2-291-c	{#arDADva#}¦, <ab>Loc.</ab> {%auf halbem Wege%} <ls>ĀPAST. ŚR. 15,13,9</ls>.	sch	
arDArcaSasya	1-294-a	{#arDArcaSasya#}¦ <lex>n.</lex> {%das Recitiren nach Halbversen%} <ls>VAITĀN.</ls>	sch	
arDaBagna	2-291-c	{#arDaBagna#}¦ <lex>Adj.</lex> {%halb zerbrochen%} <ls>PAÑCAT. 217,21</ls>.	sch	
arDaBedaka	3-253-c	{#arDaBedaka#}¦ <lex>Adj.</lex> mit {#vyADi = arDaBeda#} <lex>m.</lex> {%Hemiplegie%} <ls>SUŚR. 2,380,10</ls>.	sch	
arDaBukta	4-295-a	{#arDaBukta#}¦ <lex>Adj.</lex> {%halb genossen%} <ls>MĀRK. P. 22,38</ls>.	sch	
arDaKila	3-253-c	{#arDaKila#}¦ <lex>m.</lex> {%halbe Brache, Land das ein Jahr brach liegt%} <ls>NĀR. 11,26</ls>.	sch	
arDaSARI	1-294-a	{#arDaSARI#}¦ <lex>f.</lex> {%ein halbes hänfenes Gewand%}. {#˚pakza#} <lex>m.</lex> {%die Hälfte davon%} <ls>ĀPAST.</ls>	sch	
arDaSaMBu	1-294-a	{#arDaSaMBu#}¦ <lex>Adj.</lex> <lex>f.</lex> {%deren halber Körper%} <is>Śiva</is> {%ist%} <ls>NAIṢ. 3,29</ls>.	sch	
arDaSarAva	5-245-b	{#arDaSarAva#}¦ {%ein halbes%} <is>Śarāva</is> {%genanntes Maass%} <ls>ĀPAST. ŚR. 8,14,14</ls>.	sch	
arDacandraDara	1-294-a	{#arDacandraDara#}¦ <lex>Adj.</lex> {%einen Halbmond tragend%}. <is>Rudra-Śiva</is> <ls>HEMĀDRI 1,204,3</ls>.	sch	
arDadvicaturaSraka	2-291-c	{#arDadvicaturaSraka#}¦ <lex>m.</lex> {%eine <ab>best.</ab> Stellung%} <ls>VIKR. 64,3</ls>.	sch	
arDakapAwasaMDika	1-294-a	{#arDakapAwasaMDika#}¦ <lex>Adj.</lex> <ab>Bez.</ab> {%eines <ab>best.</ab> Verbandes%} <ls>SUŚR. 1,56,1</ls>.	sch	
arDakuRqalakarzin	2-291-c	{#arDakuRqalakarzin#}¦ <lex>Adj.</lex> {%einen halben Ohrring tragend%} <ls>MBH. 13,14,293</ls>.	sch	
arDalANgalaka	5-245-b	{#arDalANgalaka#}¦ <lex>Adj.</lex> {%einem halben Pfluge ähnlich%} (ein chirurgischer Schnitt) <ls>SUŚR. 2,59,5</ls>.	sch	
arDalakzya	5-245-b	{#arDalakzya#}¦ <lex>Adj.</lex> {%halb sichtbar%} <ls>DAŚAK. 73,9</ls>.	sch	
arDamArita	5-245-b	{#arDamArita#}¦ <lex>Adj.</lex> {%halb todt gemacht%} <ls>HEM. PAR. 2,330</ls>.	sch	
arDamAsUra	5-245-b	{#arDamAsUra#}¦ <lex>Adj.</lex> (<lex>f.</lex> {#I#}) {%einer halben Linse ähnlich%} <ls>SUŚR. 1,27,18</ls>.	sch	
arDamIlita	4-295-a	{#arDamIlita#}¦ <lex>Adj.</lex> {%halb geschlossen%} (Augen) <ls>KATHĀS. 20,50</ls>.	sch	
arDamaRqita	2-291-c	{#arDamaRqita#}¦ <lex>Adj.</lex> {%halb geschmückt%} <ls>HEM. PAR. 1,318</ls>.	sch	
arDamuRqita	4-295-a	{#arDamuRqita#}¦ <lex>Adj.</lex> <ab>dass.</ab> <ls>RĀJAT. 4,179</ls>.	sch	
arDamukulI	5-245-b	{#arDamukulI#}¦ <lex>Adv.</lex> mit {#kar#} {%halb schliessen%} (die Augen) <ls>ŚIŚ. 10,64</ls>.	sch	
arDanAgarI	1-294-a	{#arDanAgarI#}¦ <lex>f.</lex> {%eine <ab>best.</ab> Schriftart%}.	sch	
arDanArISvarastotra	1-294-a	{#arDanArISvarastotra#}¦ <lex>n.</lex> Titel eines Werkes <ls>BÜHLER, Rep. No. 107</ls>.	sch	
arDaniHsfta	7-309-c	{#arDaniHsfta#}¦ <lex>Adj.</lex> {%halb herausgekrochen%} <ls>R. ed. Bomb. 4,67,47</ls> ({#˚nisfta#} gegen das Metrum <ab>gedr.</ab>).	sch	
arDapaYcadaSan	3-253-c	{#arDapaYcadaSan#}¦ <lex>Adj.</lex> <ab>Pl.</ab> {%vierzehnundeinhalb%} <ls>ŚĀṄKH. ŚR. 13,18,5</ls>.	sch	
arDaparAsu	5-245-b	{#arDaparAsu#}¦ <lex>Adj.</lex> {%halbtodt%} <ls>HEM. PAR. 2,329</ls>.	sch	
arDapatita	1-294-a	{#arDapatita#}¦ <lex>Adj.</lex> {%halb zerfallen%}. Haus <ls>AGNI-P. 38,16</ls>.	sch	
arDapradakziRa	4-295-a	{#arDapradakziRa#}¦ <lex>n.</lex> {%ein halbmaliges Umgehen von der Linken zur Rechten%}.	sch	
arDaprasUtA	1-294-a	{#arDaprasUtA#}¦ <lex>Adj.</lex> <lex>f.</lex> {%noch im Gebären begriffen%} <ls>HEMĀDRI 1,82,2</ls>.	sch	
arDasTa	1-294-a	{#arDasTa#}¦ <lex>Adj.</lex> {%ein halbes Fach%} oder {%Feld einnehmend%} <ls>AGNI-P. 40,7</ls>.	sch	
arDasTitaprARa	7-309-c	{#arDasTitaprARa#}¦ <lex>Adj.</lex> {%nur halb lebend%} <ls>R. ed. Bomb. 4,24,19</ls>.	sch	
arDasaMlIna	5-245-b	{#˚arDasaMlIna#}¦ <lex>Adj.</lex> {%halb steckend in%} <ls>HARIV. 4677</ls>.	sch	
arDasadfSa	6-295-c	{#arDasadfSa#}¦ <lex>Adj.</lex> {%zur Hälfte gleich mit%} (<ab>Gen.</ab>) <ls>TS. PRĀT. 11,19</ls>.	sch	
arDasamaya	6-295-c	{#arDasamaya#}¦ <lex>m.</lex> {%die Hälfte einer <ab>best.</ab> Zeit%} <ls>MBH. 3,11,4</ls>.	sch	
arDavidala	5-245-b	{#arDavidala#}¦ <lex>n.</lex> als Erklärung von {#arDabfgala/#} <ls>ŚAṂK.</ls> zu <ls>BṚH. ĀR. UP. S. 139</ls>.	sch	
arDopaBukta	4-295-b	{#arDopaBukta#}¦ <lex>Adj.</lex> {%halb verzehrt%} <ls>KUMĀRAS. 3,37</ls>.	sch	
arItimant	6-295-c	{#arItimant#}¦ <lex>Adj.</lex> {%stillos%} <ls>SARASVATĪK. 10,29</ls>.	sch	
arTabahula	1-293-c	{#arTabahula#}¦ <lex>Adj.</lex> {%dem Inhalte —, dem Stoffe nach reich%} <ls>CARAKA 3,8</ls>.	sch	
arTadIpikA	2-291-c	{#arTadIpikA#} <lex>f.</lex> und {#arTapaYcaka#} <lex>n.</lex>¦ Titel zweier Werke <ls>OPP. Cat. 1</ls>.	sch	
arTakartar	1-293-c	{#arTakartar#}¦ <ab>Nom. ag.</ab> {%Nutzen stiftend%} <ls>KĀLAC. 5,259</ls>.	sch	
arTakriyAkArin	7-309-a	{#arTakriyAkArin#}¦ <lex>Adj.</lex> {%zu einem <ab>best.</ab> Zwecke wirkend%}. <ab>Nom. abstr.</ab> {#˚ritva#} <lex>n.</lex> <ls>SARVAD. 9,11. fgg.</ls> <ls>ANIRUDDHA</ls> zu <ls>SĀṂKHYAS. 1,34</ls>. <ls n="SĀṂKHYAS. 1,	sch	
arTamAtar	5-245-b	{#arTamAtar#}¦ <lex>f.</lex> {%eine Mutter mit zutreffendem Namen%} <ls>HEM. PAR. 2,317</ls>.	sch	
arTanivedana	3-253-c	{#arTanivedana#}¦ <lex>n.</lex> {%das Anbieten —, Darbringen seiner Habe%}.	sch	
arTapAruzya	2-291-c	{#arTapAruzya#}¦ <lex>n.</lex> {%in Geldangelegenheiten an den Tag gelegte Härte%} <ls>PAÑCAT. ed. orn. 38,23</ls>.	sch	
arTaprADva	7-309-a	{#arTaprADva#}¦ <lex>Adj.</lex> {%an ein Geschäft gehend, auf dem Wege zu irgend einer Unternehmung sich befindend%} <ls>ĀPAST. GṚHY. 9,2</ls>.	sch	
arTasaMhata	3-253-c	{#arTasaMhata#}¦ oder {#˚saMhita#} <lex>Adj.</lex> mit {#reKA#} etwa {%Schuldverschreibung%} <ls><ab>Comm.</ab> zu KĀM. NĪTIS. 9,68</ls>.	sch	
arTasaMsidDi	5-245-b	{#arTasaMsidDi#}¦ <lex>f.</lex> {%das Gelingen einer Sache%} <ls>KATHĀS. 61,55</ls>. {#ekArTa˚#} {%das <ab n="Gelingen">G.</ab> einer gemeinsamen Sache%} <ls>Spr. 4566</ls>.	sch	
arTasamAhartar	6-295-c	{#arTasamAhartar#}¦ <ab>Nom. ag.</ab> {%Geldeinnehmer%} <ls>M. 7,60</ls>.	sch	
arTaviSArada	5-245-b	{#arTaviSArada#}¦ <lex>Adj.</lex> {%der Sache —, dem Zwecke entsprechend, sinnvoll%} (Lob) <ls>MBH. 13,141,24</ls>.	sch	
arTayitar	1-294-a	{#arTayitar#}¦ <ab>Nom. ag.</ab> {%ein Bittender%} <ls>NAIṢ. 5,132</ls>.	sch	
arTegA	5-245-b	{#arTegA#}¦ <lex>Adj.</lex> {%seinem Berufe nachgehend%} <ls>ĀPAST. ŚR. 9,16,7</ls>.	sch	
arU	7-308-d	{#arU#}¦ I. <lex>Adv.</lex> mit {#kar#} <ls>DAŚAK. (1883) 168,7</ls>, <ab>v. l.</ab>	sch	
arUQa	2-291-b	{#arUQa#}¦ <lex>Adj.</lex> {%unbekannt, unverständlich%}.	sch	
arUQamUla	2-291-b	{#arUQamUla#}¦ <lex>Adj.</lex> {%noch keine Wurzeln geschlagen habend%}. <ab>Nom. abstr.</ab> {#˚tva#} <lex>n.</lex> <ls>Spr. 90</ls>.	sch	
arUpabrahmaDAtu	7-308-d	{#*arUpabrahmaDAtu#}¦ (<ab>v. l.</ab> {#arUpya˚#}) <lex>m.</lex> oder <lex>f.</lex> <ab>N. pr.</ab> einer ätherischen Region <ls>MAHĀVY. 155</ls>.	sch	
arUpaviSeza	2-291-b	{#arUpaviSeza#}¦ <lex>Adj.</lex> {%wo keine besonderen Formen bestehen%} <ls>KĀRAṆḌ. 18,19</ls>.	sch	
arUpyabrahmaDAtu	7-308-d	{#*arUpyabrahmaDAtu#}¦ <ab>s.</ab> {#arUpa˚#}	sch	
araRyacArI	5-245-a	{#*araRyacArI#}¦ <lex>f.</lex> {%eine <ab>best.</ab> Pflanze%} <ls>DEŚĪN. 2,6</ls>.	sch	
araSmivant	5-245-a	{#araSmivant#}¦ <lex>Adj.</lex> {%strahlenlos%} <ls>Verz. d.Oxf. H. 51, a, 29</ls>.	sch	
araYjaka	1-293-c	{#araYjaka#}¦ wohl {%eine <ab>best.</ab> Frucht%} <ls>HEMĀDRI 1,621,8</ls>. <ls n="HEMĀDRI 1,">622,5</ls>.	sch	
araYjita	5-245-a	{#araYjita#}¦ <lex>Adj.</lex> {%nicht befriedigt%} <ls>KATHĀS. 14,36</ls>.	sch	
arajyant	5-245-a	{#arajyant#}¦ <lex>Adj.</lex> {%keine Freude an Etwas habend%} <ls>KATHĀS. 112,88</ls>.	sch	
arakzaka	1-293-c	{#arakzaka#}¦ <lex>Adj.</lex> (Bedrängte) {%nicht schützend%} <ls>AGNI-P. 18,11</ls>.	sch	
aramaRIya	5-245-a	{#aramaRIya#}¦ <lex>Adj.</lex> {%nicht anmuthig, — schön%} <ls>PAÑCAT. 123,20</ls>.	sch	
aramya	5-245-a	{#aramya#}¦ <lex>Adj.</lex> {%unangenehm%} <ls>MĀLAV. 10</ls> (<ls n="MĀLAV.">11</ls>).	sch	
aravindanABi	5-245-a	{#aravindanABi#}¦ <lex>m.</lex> <ab>Bein.</ab> <is>Viṣṇu</is>ʼs <ls>ŚIŚ. 3,65</ls>.	sch	
aravindotpalavant	7-308-c	{#aravindotpalavant#}¦ <lex>Adj.</lex> {%mit den%} <is>Aravinda</is> {%und%} <is>Utpala</is> {%genannten Blüthen versehen%} <ls>R. ed. Bomb. 3,75,21</ls>.	sch	
arcAvEBava	2-291-c	{#arcAvEBava#}¦ <lex>n.</lex> Titel eines Werkes <ls>OPP. Cat. 1</ls>.	sch	
arcanAnavanIta	2-291-c	{#arcanAnavanIta#}¦ <lex>n.</lex> Titel eines Werkes <ls>OPP. Cat. 1</ls>.	sch	
arcirmAlya	7-308-d	{#arcirmAlya#}¦ <lex>m.</lex> <ab>Pl.</ab> <ab>Bez.</ab> einer Gruppe von Affen <ls>R. ed. Bomb. 4,42,4</ls>.	sch	
ardin	1-294-a	{#˚ardin#}¦ <lex>Adj.</lex> {%hart mitnehmend%} <ls>NAIṢ. 2,10</ls>.	sch	
areqant	5-245-a	{#a/reqant#}¦ <lex>Adj.</lex> etwa {%non fallens%} <ls>TS. 1,6,3,2</ls>. <ls>KĀṬH. 32,2</ls>. = {#anAdaramakurvan#} <ab>Comm.</ab>	sch	
argalapASaka	2-291-b	{#argalapASaka#}¦ <lex>m.</lex> {%der zur Aufnahme eines Riegels [Page2-291-c] bestimmte Ring%} <ls>ŚĪLĀṄKA 2,41</ls>.	sch	
arhadGawIcakra	7-309-d	{#*arhadGawIcakra#}¦ <lex>n.</lex> {%eitler Wortschwall%} oder {%Blendwerk%} <ls>MAHĀVY. 139</ls>.	sch	
arhadatta	5-245-c	{#arhadatta#}¦ (!) <lex>m.</lex> <ab>N. pr.</ab> eines <is>Jaina</is>-Lehrers <ls>VARDHAMĀNAC. 1,51</ls>.	sch	
arhadvasana	7-309-d	{#arhadvasana#}¦ <lex>n.</lex> {%das Kleid des%} <is>Digambara</is>, {%Luft%} <ls>JĀTAKAM. 11</ls>.	sch	
ariktakarRa	3-253-c	{#ariktakarRa#}¦ <lex>Adj.</lex> {%dessen Ohren voll%} —, <ab>d. i.</ab> {%betäubt sind von%} (<ab>Instr.</ab>) <ls>PR. P. 119</ls>.	sch	
arimitramitra	4-295-a	{#arimitramitra#}¦ <lex>n.</lex> heisst in der Politik {%der hinter dem%} {#mitramitra#} {%herrschende Fürst%} <ls>KĀM. NĪTIS. 8,16</ls>.	sch	
arizwyAmaya	5-245-a	{#arizwyAmaya#}¦ <lex>m.</lex> <ab>desgl.</ab> <ls>KĀTY. ŚR. 20,3,16</ls>.	sch	
arjitatva	1-293-c	{#˚arjitatva#}¦ <lex>n.</lex> {%das Erworbensein durch%} <ls>KAP. 2,46</ls>. <ls n="KAP.">6,55</ls>.	sch	
arjunArcapArijAta	1-293-c	{#arjunArcapArijAta#}¦, lies {#arjunArcA˚#}.	sch	
arkAtmaja	3-253-c	{#*arkAtmaja#}¦ <lex>m.</lex> {%der Planet Saturn%} <ls>RĀJAN. 13,199</ls>.	sch	
arogitva	5-245-a	{#arogitva#}¦ <lex>n.</lex> {%Gesundheit%} <ls>YĀJÑ. 1,263</ls>.	sch	
artni	5-245-a	{#*artni#}¦ <lex>m.</lex> = <hom>1.</hom> {#aratni#} <ls>SUBHŪTI</ls> bei <ls>RĀYAMUKUṬA</ls> zu <ls>AK.</ls> nach <ls>AUFRECHT</ls>.	sch	
aruRADikaraRamaYjarI	2-291-b	{#aruRADikaraRamaYjarI#} <lex>f.</lex> und {#aruRAmodinI#} <lex>f.</lex>¦ Titel zweier Werke <ls>OPP. Cat. 1</ls>.	sch	
arujant	7-308-c	{#arujant#}¦ <ls>R. ed. Bomb. 4,67,9</ls> fehlerhaft für {#Arujant#}.	sch	
arvAkkAlIna	5-245-b	{#arvAkkAlIna#}¦ <lex>Adj.</lex> {%aus jüngerer Zeit stammend%} [Page5-245-c] <ls>SĀY.</ls> zu <ls>ṚV. 10,18,5</ls>.	sch	
asADAraRagranTa	2-293-a	{#asADAraRagranTa#}¦ <lex>m.</lex> Titel eines Werkes <ls>OPP. Cat. 1</ls>.	sch	
asADaka	6-297-b	{#asADaka#}¦ auch {%nicht beweisend%}. <ab>Nom. abstr.</ab> {#˚tva#} <lex>n.</lex>	sch	
asADyamAnatva	5-248-a	{#asADyamAnatva#}¦ <lex>n.</lex> {%Undurchführbarkeit%} <ls>ASAHĀYA</ls>.	sch	
asAMnAyyaka	7-315-a	{#asAMnAyyaka#}¦ <lex>Adj.</lex> = {#asAMnAyya#} <ls><ab>Comm.</ab> zu KĀTY. ŚR. 302,1</ls>. <ls n="KĀTY. ŚR. 302,">2</ls>. <ls n="KĀTY. ŚR. 302,">5</ls>.	sch	
asAkameDa	3-255-a	{#a/sAkameDa#}¦ <lex>Adj.</lex> {%ohne%} <is>Sākamedha</is> <ls>MAITR. S. 1,10,16</ls>.	sch	
asAmavedavidvaMs	7-315-a	{#asAmavedavidvaMs#}¦ <lex>Adj.</lex> {%den%} <is>Sāmaveda</is> {%nicht kennend%} <ls>R. ed. Bomb. 4,3,28</ls>.	sch	
asApatnya	1-296-b	{#asApatnya#}¦ <lex>n.</lex> {%Feindlosigkeit%} <ls>NAIṢ. 7,17</ls>.	sch	
asArUpya	1-296-b	{#asArUpya#}¦ <lex>n.</lex> {%Formverschiedenheit%} <ls>PARIBH. 8</ls>.	sch	
asArvaBOma	3-255-a	{#asArvaBOma#}¦ <lex>m.</lex> {%kein Weltherrscher, — Kaiser%} <ls>ĀPAST. ŚR. 20,1</ls>.	sch	
asArvatrika	1-296-b	{#asArvatrika#}¦, <lex>f.</lex> {#I#} <ls>BĀDAR. 3,4,10</ls>.	sch	
asAyaka	6-297-b	{#asAyaka#}¦ <lex>Adj.</lex> {%ohne Pfeil%} <ls>KATHĀS. 4,3</ls>.	sch	
asKalana	6-297-b	{#asKalana#}¦ <lex>n.</lex> {%das Nichtkommen um%} (<ab>Abl.</ab>) <ls>MBH. 1,73,34</ls>.	sch	
asKalant	5-248-b	{#asKalant#}¦ <lex>Adj.</lex> {%nicht strauchelnd, nirgends hängen bleibend%} <ls>HEM. PAR. 1,181</ls>.	sch	
asPAwita	6-297-c	{#asPAwita#}¦ <lex>Adj.</lex> {%nicht rissig, keine Risse habend%} <ab>Cit.</ab> im <ls>ŚKDR.</ls> <ab n="unter">u.</ab> {#pawa#}.	sch	
asPurant	1-296-b	{#asPurant#}¦ <lex>Adj.</lex> {%nicht zitternd%} <ls>HEMĀDRI 1,681,17</ls>.	sch	
asPuwita	1-296-b	{#asPuwita#}¦ auch {%nicht geöffnet%} (Augen) <ls>NAIṢ. 1,141</ls>.	sch	
asPya	4-295-c	{#asPya#}¦ <lex>Adj.</lex> {%den%} <is>Sphya</is> {%nicht in der Hand haltend%} <ls>ĀPAST. ŚR. 11,9,7</ls>.	sch	
asTI	7-315-d	{#*asTI#}¦ <lex>Adv.</lex> mit {#kar#} {%mit Eifer betrieben%} <ls>MAHĀVY. 99</ls>. Richtig {#AsTI#}.	sch	
asTiBedana	4-295-c	{#asTiBedana#}¦ <lex>n.</lex> {%Knochenbruch%}.	sch	
asTuzas	1-296-b	{#asTuzas#}¦ in einem <ab>best.</ab> Falle zu sprechen für {#tasTuzas#} <ls>TĀṆḌYA-BR. 7,7,16</ls>.	sch	
asUyin	1-296-b	{#asUyin#}¦ in {#anasUyin#}.	sch	
asaByArTAntara	6-297-b	{#asaByArTAntara#}¦ <lex>Adj.</lex> {%von unanständiger Nebenbedeutung%} <ls><ab>ebend.</ab></ls> und <ls>VĀMANA 2,1,15</ls>.	sch	
asaByArTa	6-297-b	{#asaByArTa#}¦ <lex>Adj.</lex> {%von unanständiger Bedeutung%} <ls>SARASVATĪK. 5,15</ls>.	sch	
asaByasmftihetu	6-297-b	{#asaByasmftihetu#}¦ <lex>m.</lex> {%die Ursache der Ideenassociation von etwas Unanständigem%} <ls>SARASVATĪK. 5,15</ls>. <ls>VĀMANA 2,1,15</ls>.	sch	
asaMBUta	7-315-a	{#asaMBUta#}¦ <lex>Adj.</lex> {%nicht vorhanden, — da seiend, fingirt%} <ls>R. ed. Bomb. 4,32,4</ls>.	sch	
asaMBavapattra	2-293-a	{#asaMBavapattra#}¦ <lex>n.</lex> Titel eines Werkes <ls>OPP. Cat. 1</ls>.	sch	
asaMBindant	1-296-b	{#asaMBindant#}¦ <lex>Adj.</lex> (<lex>f.</lex> {#˚tI#}) {%nicht verletzend%} <ls>TĀṆḌYA-BR. 7,9,11</ls>.	sch	
asaMSAruka	2-292-c	{#asaMSAruka#}¦ <lex>Adj.</lex> {%nicht zusammenbrechend%} <ls>KAP. S. 44,9</ls>.	sch	
asaMSiYjayant	6-296-c	{#a/saMSiYjayant#}¦ <lex>Adj.</lex> {%nicht klingend zusammenstossend%} <ls>ŚAT. BR. 11,4,2,2</ls>.	sch	
asaMSrAnta	6-297-a	{#asaMSrAnta#}¦ <lex>Adj.</lex> {%unermüdlich%} <ls>SUŚR. 2,244,3</ls>.	sch	
asaMSudDa	1-296-a	{#asaMSudDa#}¦ <lex>Adj.</lex> {%nicht bereinigt, — bezahlt%}.	sch	
asaMcalant	2-293-a	{#asaMcalant#}¦ <lex>Adj.</lex> {%sich nicht entfernend von%} (<ab>Abl.</ab>).	sch	
asaMcetayamAna	1-296-a	{#asaMcetayamAna#}¦ <lex>Adj.</lex> {%nicht gewahr werdend%} <ls>Spr. 6125</ls>.	sch	
asaMdeSa	6-297-b	{#asaMdeSa#}¦ <lex>m.</lex> {%kein Auftrag, — Geheiss%} <ls>R. 5,24,20</ls>.	sch	
asaMdeham	6-297-b	{#asaMdeham#}¦ <lex>Adv.</lex> {%ohne Zweifel, sicher%} <ls>Spr. 182</ls>.	sch	
asaMgfhItatva	7-314-b	{#asaMgfhItatva#}¦ <lex>n.</lex> {%das nicht im Zaume Gehaltenwerden%} <ls>MBH. 7,188,4</ls>.	sch	
asaMgrAmeRa	3-255-a	{#asaMgrAmeRa#}¦ <ab>Instr.</ab> {%ohne Kampf%} <ls>HARIV. 1940</ls>.	sch	
asaMhAyyam	6-297-a	{#asaMhAyyam#}¦ <ls>TĀṆḌYA-BR. 9,1,21</ls> fehlerhaft für {#asaMhAryam#}; <ab>vgl.</ab> {#asaMhArya#} <ls>Nachtr. 1</ls>.	sch	
asaMhati	6-297-a	{#asaMhati#}¦ <lex>f.</lex> {%das Nichtverbundensein%} <ls>KĀM. NĪTIS. 19,51</ls>. <ls>MĀRK. P. 102,3</ls>.	sch	
asaMhatyakArin	7-314-b	{#asaMhatyakArin#}¦ <lex>Adj.</lex> {%isolirt —, für sich allein wirkend%}. <ab>Nom. abstr.</ab> {#˚ritva#} <lex>n.</lex> <ls>SĀṂKHYAPR. 1,75</ls>.	sch	
asaMjAta	2-293-a	{#asaMjAta#}¦ <lex>Adj.</lex> {%nicht erstanden, — zum Vorschein gekommen%} <ls>Spr. 2135</ls>.	sch	
asaMkucita	2-292-c	{#asaMkucita#}¦ <lex>Adj.</lex> 1〉 {%nicht gerunzelt%}. — 2〉 {%ungeschmälert%}.	sch	
asaMlakzita	5-248-a	{#asaMlakzita#}¦ <lex>Adj.</lex> {%unbemerkt%} <ls>KATHĀS. 78,132</ls>.	sch	
asaMlulita	5-248-a	{#*asaMlulita#}¦ <lex>Adj.</lex> {%nicht verwirrt%} (Haar) <ls>VYUTP. 12</ls>.	sch	
asaMmatAvavAda	7-315-a	{#*asaMmatAvavAda#}¦ <lex>m.</lex> {%unautorisirtes Predigen%} <ls>MAHĀVY. 261</ls>.	sch	
asaMnayant	3-255-a	{#asaMnayant#}¦ <lex>Adj.</lex> {%keine aus süsser und saurer Milch gemischte Spende darbringend%} <ls>KĀTY. ŚR. 4,2,36</ls>.	sch	
asaMnivizwa	5-248-a	{#asaMnivizwa#}¦ <lex>Adj.</lex> {%nicht aufgehend —, nicht enthalten in%} (<ab>Loc.</ab>) <ls>R. 2,21,57</ls>.	sch	
asaMparigraha	7-314-d	{#asaMparigraha#}¦ <lex>Adj.</lex> {%nicht angenommen, zurückgewiesen%} <ls>JĀTAKAM. 9,78</ls>.	sch	
asaMprakIrRa	1-296-a	{#asaMprakIrRa#}¦ <lex>Adj.</lex> {%unvermengt%}.	sch	
asaMpramARa	1-296-b	{#asaMpramARa#}¦ <lex>Adj.</lex> {%nicht zu geräumig%} <ls>ŚĀṄKH. GṚHY. 6,2</ls>.	sch	
asaMprayuYjant	4-295-c	{#asaMprayuYjant#}¦ <lex>Adj.</lex> {%keinen freien Lauf gewährend, hemmend%} (die Sinne) <ls>BHĀG. P. 11,26,33</ls>.	sch	
asaMprezita	2-293-a	{#asaMprezita#}¦ <lex>Adj.</lex> {%unaufgefordert%} <ls>ĀPAST. ŚR. 13,1,6</ls>.	sch	
asaMrUQa	7-314-a	{#asaMrUQa#}¦ <lex>Adj.</lex> {%noch nicht vernarbt%} <ls>JĀTAKAM. 19</ls>.	sch	
asaMrakta	3-254-c	{#asaMrakta#}¦ <lex>Adj.</lex> {%keine Liebe empfindend%} <ls>HARIV. 11264</ls>. <ab>v. l.</ab> {#asaMsakta#}.	sch	
asaMsTiti	2-292-c	{#asaMsTiti#}¦ <lex>f.</lex> {%das Nichtruhen in%} (im <ab>Comp.</ab> vorangehend) <ls>ŚĀṆḌ. 4</ls>.	sch	
asaMsargin	6-297-a	{#˚asaMsargin#}¦ <lex>Adj.</lex> {%frei von%} <ls>ŚAṂK.</ls> zu <ls>BṚH. ĀR. UP. S. 88</ls>.	sch	
asaMsfzwin	6-297-a	{#asaMsfzwin#}¦ <lex>Adj.</lex> {%nach erfolgter Erbtheilung mit den Verwandten nicht wieder auf gemeinsame Kosten lebend%} <ls>GAUT. 28,27</ls>.	sch	
asaMskftapraBAvita	3-255-a	{#asaMskftapraBAvita#}¦ <lex>Adj.</lex> {%unbeschränkt mächtig%} <ls>VAJRACCH. 24,9</ls>.	sch	
asaMspfzwa	6-297-a	{#asaMspfzwa#}¦ <lex>Adj.</lex> 1〉 {%unerreicht%} <ls>KATHĀS. 17,131</ls>. — 2〉 {%nicht verunreinigt%} <ls>SARVAD. 32,13</ls>.	sch	
asaMsyUta	1-296-a	{#asaMsyUta#}¦ <lex>Adj.</lex> {%unzerbissen%} <ls>PĀR. GṚHY. 2,14,25</ls>.	sch	
asaMsyandayant	6-297-a	{#asaMsyandayant#}¦ <lex>Adj.</lex> {%nicht zusammenlaufen lassend%} <ls>ĀPAST. ŚR. 1,25,15</ls>.	sch	
asaMtardana	6-297-a	{#asaMtardana#}¦ <lex>m.</lex> {%das Nichtaneinanderbefestigen%} <ls><ab>Comm.</ab> zu JAIM. 3,3,24</ls>.	sch	
asaMvAsa	6-296-c	{#asaMvAsa#}¦ <lex>Adj.</lex> {%keinen festen Wohnsitz habend, nomadisirend%} <ls>MBH. 13,111,128</ls>.	sch	
asaMvala	6-296-c	{#asaMvala#}¦ <lex>Adj.</lex> {%ohne Wegekost%} <ls>ŚATR. 10,182</ls> ({#asambala#} <ab>geschr.</ab>).	sch	
asaMvartamAna	5-248-a	{#a/saMvartamAna#}¦, so zu betonen.	sch	
asaMvasant	7-386-c	{#asaMvasant#}¦ <lex>Adj.</lex> {%nicht verkehrend mit%} (<ab>Instr.</ab>) <ls>M. 4,246</ls>.	sch	
asaMvatsaradIkzita	7-314-a	{#asaMvatsaradIkzita#}¦ <lex>Adj.</lex> {%noch kein Jahr geweiht%} <ls>ŚĀṄKH. ŚR. 16,20,11</ls>.	sch	
asaMvihita	3-254-c	{#asaMvihita#}¦ <lex>Adj.</lex> {%wofür man nicht die gehörige Sorge getragen hat%} <ls>MBH. 12,130,4</ls>.	sch	
asaMyacCant	3-254-c	{#asaMyacCant#}¦ <lex>Adj.</lex> {%nicht zügelnd, — in der Gewalt habend%} <ls>MBH. 12,91,42</ls>.	sch	
asaMyamitAlakin	7-314-a	{#asaMyamitAlakin#}¦ <lex>Adj.</lex> {%mit unaufgebundenen Locken%} <ls>DAŚAK. (1883) 60,19</ls>. <ab>v. l.</ab> {#asaMskftAlakin#}.	sch	
asabrahmacArin	1-296-a	{#asabrahmacArin#}¦ <lex>m.</lex> {%kein Mitschüler%} <ls>PĀR. GṚHY. 2,11,9</ls>.	sch	
asadgati	6-297-a	{#asadgati#}¦ <lex>f.</lex> {%eine schlimme Stellung, ein schlimmes Loos%} <ls>BHĀG. P. 3,19,29</ls>.	sch	
asahacarita	1-296-b	{#asahacarita#}¦ <lex>Adj.</lex> {%kein Genoss seiend%} <ls>PARIBH. 103</ls>.	sch	
asahant	6-297-b	{#asahant#}¦ <lex>Adj.</lex> (<lex>f.</lex> {#˚ntI#}) {%nicht ertragend%} 〔100,8〕.	sch	
asahasra	6-297-b	{#asahasra#}¦ <lex>n.</lex> {%kein volles Tausend%} <ls>CHĀND. UP. 4,4,5</ls>.	sch	
asajjant	3-255-a	{#asajjant#}¦ <lex>Adj.</lex> {%nicht hängend an%} (<ab>Loc.</ab>) <ls>MBH. 12,248,19 (Bl. 112,a)</ls>.	sch	
asajjita	6-297-a	{#asajjita#}¦ <lex>Adj.</lex> {%an Nichts geheftet%} ({#Atman#}) <ls>BHĀG. P. 5,13,20</ls>.	sch	
asakASe	3-255-a	{#asakASe#}¦ <ab>Loc.</ab> {%nicht in der Nähe von%} (<ab>Gen.</ab>) <ls>MĀN. GṚHY. 2,5</ls>.	sch	
asakfdAvartin	6-297-a	{#asakfdAvartin#}¦ <lex>Adj.</lex> {%oftmals wiederkehrend%} <ls>CHĀND. UP. 5,10,8</ls>.	sch	
asamADAna	5-248-a	{#asamADAna#}¦ <lex>n.</lex> {%Unbedachtsamkeit%} <ls>CAMPAKA 460</ls>.	sch	
asamAveSa	1-296-a	{#asamAveSa#}¦ <lex>m.</lex> {%Nichtbesetzung%} <ls>MAHĀBH.</ls> in <ls>Ind. St. 13,472</ls>.	sch	
asamaSIla	4-295-c	{#asamaSIla#}¦ <lex>Adj.</lex> {%unebenbürtig%} <ls>BHĀM. V. 1,1</ls>.	sch	
asamabalatA	7-314-c	{#asamabalatA#}¦ <lex>f.</lex> {%keine gleiche Mächtigkeit%} <ls>ŚĀṄKH. BR. 26,9</ls>.	sch	
asamahAvrata	3-255-a	{#asamahAvrata#}¦ <lex>Adj.</lex> {%mit keinem%} <is>Mahāvrata</is>-{%Tage versehen%} <ls>ĀPAST. ŚR. 23,2</ls>.	sch	
asamara	2-293-a	{#asamara#}¦ <lex>Adj.</lex> {%nicht kämpfend, friedfertig%} <ls>ŚOBH. 50</ls>.	sch	
asamavaDAna	7-314-c	{#asamavaDAna#}¦ <lex>n.</lex> {%das Nichtzusammentreffen [Page7-314-d] an einem Orte, Nichtbegegnung%} <ls>JĀTAKAM. 7</ls>.	sch	
asambala	6-297-b	{#asambala#}¦ <lex>Adj.</lex> <ab>s.</ab> oben <ab n="unter">u.</ab> {#asaMvala#}.	sch	
asamiDyamAna	7-314-d	{#a/samiDyamAna#}¦ <lex>Adj.</lex> {%sich nicht entzündend%} <ls>MAITR. S. 1,6,5 (95,6)</ls>.	sch	
asamudAcAra	7-314-d	{#asamudAcAra#}¦ <lex>m.</lex> {%ungehöriges Betragen%} <ls>JĀTAKAM. 19</ls>.	sch	
asapUrva	6-297-b	{#asapUrva#}¦ <lex>Adj.</lex> (<lex>f.</lex> {#A#}) {%von den Vorfahren nicht besessen%} <ls>RĀJAT. 2,8</ls>.	sch	
asapatnezwakA	1-296-a	{#asapatnezwakA#}¦ <lex>f.</lex> = {#asapatna#} 2〉 <ls>VAITĀN.</ls>	sch	
asargabanDa	6-297-b	{#asargabanDa#}¦ <lex>Adj.</lex> {%nicht in Kapitel eingetheilt%} <ls>PRATĀPAR. 19,a,6</ls>.	sch	
asarvagocara	2-293-a	{#asarvagocara#}¦ <lex>Adj.</lex> {%nicht Allen zugänglich, für Andre verschlossen%} <ls>AK. 3,4,14,68</ls>.	sch	
asarvavizaya	6-297-b	{#asarvavizaya#}¦ <lex>Adj.</lex> {%sich nicht auf Alles beziehend, nicht allgemein%}. <ab>Nom. abstr.</ab> {#˚tva#} <lex>n.</lex> <ls><ab>Comm.</ab> zu VĀMANA 5,2</ls>. <ls n="VĀMANA 5,">27</ls>.	sch	
asatpratipakzin	6-297-a	{#asatpratipakzin#}¦ <lex>Adj.</lex> {%wogegen kein triftiger Einwand erhoben werden kann%}. <ab>Nom. abstr.</ab> {#˚kzitva#} <lex>n.</lex> <ls>Z. d. d. m. G. 7,294, N.</ls>	sch	
asatpriya	7-314-c	{#asatpriya#}¦ <lex>Adj.</lex> {%dem es an Freunden gebricht%} <ls>R. ed. Bomb. 4,43,53</ls>.	sch	
asatsaMparka	6-297-a	{#asatsaMparka#}¦ <lex>m.</lex> {%eine Berührung mit Unwürdigen, — mit Schlechten%} <ls>Spr. 7463</ls>.	sch	
asatvaram	2-293-a	{#asatvaram#}¦ <lex>Adv.</lex> {%langsam, gründlich%} <ls>BHĀG. P. 4,9,5</ls>.	sch	
asatyavacana	5-248-a	{#asatyavacana#}¦ <lex>Adj.</lex> (<lex>f.</lex> {#A#}) {%unwahr redend, lügnerisch%} <ls>MBH. 1,74,73</ls>.	sch	
asfjant	4-295-c	{#asfjant#}¦ <lex>Adj.</lex> {%nicht schaffend%} <ls>SARVAD. 121,5</ls>.	sch	
asiDAra	7-315-b	{#*asiDAra#}¦ <lex>m.</lex> {%eine <ab>best.</ab> Hölle%} <ls>MAHĀVY. 215</ls>.	sch	
asikta	6-297-b	{#asikta#}¦ <lex>Adj.</lex> {%unbegossen%} <ls>ŚĀK. 84</ls>, <ab>v. l.</ab>	sch	Y
asitAlakARqA	7-315-b	{#asitAlakARqA#}¦ (?) <ls>KAUŚ. 35,28</ls>.	sch	
askanDa	3-255-a	{#askanDa#}¦ <lex>m.</lex> {%keine Ansammlung%} <ls>VAJRACCH. 24,16</ls>.	sch	
askandamAna	6-297-b	{#askandamAna#}¦ <lex>Adj.</lex> {%nicht herausspritzend%} (<ab>intrans.</ab>) <ls>SUŚR. 1,47,9</ls>.	sch	
asmaddAtra	5-248-b	{#asma/ddAtra#}¦ <lex>Adj.</lex> {%von uns gegeben%} <ls>TS. 1,4,43,2</ls>.	sch	
asmaryamARa	6-297-c	{#asmaryamARa#}¦ <lex>Adj.</lex> {%dessen man sich nicht erinnert, vergessen%} <ls>SARVAD. 127,17</ls>. <ls n="SARVAD. 127,">19</ls>.	sch	
asoQar	5-248-b	{#asoQar#}¦ <ab>Nom. ag.</ab> {%nicht ertragend%} <ls>ŚĀŚVATA 32</ls>.	sch	
asrasta	6-297-c	{#asrasta#}¦ <lex>Adj.</lex> <ls>MBH. 4,22,80</ls> fehlerhaft für {#Asrasta#}, wie die anderen Ausgaben lesen.	sch	
astamitAvavAda	7-315-c	{#*astamitAvavAda#}¦ <lex>m.</lex> {%das Predigen nach Sonnenuntergang%} <ls>MAHĀVY. 261</ls>.	sch	
astavya	6-297-b	{#astavya#}¦ <lex>Adj.</lex> {%nicht zu loben, — verherrlichen%} <ls>MBH. 2,44,25</ls>.	sch	
asteyatA	1-296-b	{#asteyatA#}¦ <lex>f.</lex> = {#asteya#} <ls>HEMĀDRI 2,a,7,21</ls>.	sch	
astfRant	2-293-a	{#astfRant#}¦ <lex>Adj.</lex> {%nicht streuend%} <ls>ĀPAST. ŚR. 8,14,4</ls>.	sch	
astoma	1-296-b	{#astoma#}¦ <lex>m.</lex> {%kein rechter%} <is>Stoma</is> <ls>TĀṆḌYA-BR. 3,9,3</ls>.	sch	
astomaBAj	7-315-c	{#a/stomaBAj#}¦ <lex>Adj.</lex> {%am%} <is>Stoma</is> {%nicht theilhabend%} <ls>MAITR. S. 4,7,1</ls> (<ls n="MAITR. S. 4,">94,10</ls>).	sch	
astotriya	7-315-c	{#astotriya#}¦ <lex>m.</lex> {%kein%} <is>Stotriya</is> <ls>ŚĀṄKH. ŚR. 7,26,1</ls> (<ab>vgl.</ab> <ls>Nachtr.</ls>).	sch	
astraKadira	5-248-b	{#*astraKadira#}¦, <ab>vgl.</ab> {#*asraKadira#}, welches nach <ls>LEUMANN</ls> wohl richtiger ist.	sch	
astrakzatimant	6-297-b	{#astrakzatimant#}¦ <lex>Adj.</lex> {%durch Geschosse verwundet%} <ls>ŚIŚ. 19,78</ls>.	sch	
asuKada	6-297-b	{#asuKada#}¦ <lex>Adj.</lex> {%Leid bereitend, wehe thuend%} <ls>SARASVATĪK. 2,7</ls>.	sch	
asuboDa	5-248-a	{#asuboDa#}¦ <lex>Adj.</lex> {%nicht leicht zu erlernen%} <ls>ŚIŚ. 15,19</ls>.	sch	
asudarSana	1-296-b	{#asudarSana#}¦ <lex>Adj.</lex> {%nicht leicht zu erblicken%}. <ab>Nom. abstr.</ab> {#˚tA#} <lex>f.</lex> <ls>HEMĀDRI 1,333,15</ls>.	sch	
asurasaMcodana	2-293-a	{#asurasaMcodana#}¦ <lex>m.</lex> {%ein <ab>best.</ab>%} <is>Samādhi</is> <ls>KĀRAṆḌ. 52,7</ls>.	sch	
asvarga	6-297-c	{#asvarga#}¦ <lex>m.</lex> {%Verlust des Himmels, das nicht in den Himmel Gelangen%} <ls>VASIṢṬHA 1,27</ls>.	sch	
asvedin	6-297-c	{#asvedin#}¦ <lex>Adj.</lex> {%nicht schwitzend%} <ls>MBH. 8,79,56</ls>.	sch	
atAcCIlya	1-284-b	{#atAcCIlya#}¦ <lex>n.</lex> {%das Nichtgewohntsein an Etwas%} <ls>P. 3,2,79</ls>, <ab>Sch.</ab>	sch	
atAntava	2-287-a	{#atAntava#}¦ <lex>Adj.</lex> {%nicht gewebt%}.	sch	
atApaBft	1-284-b	{#atApaBft#}¦ <lex>Adj.</lex> {%keine Glut in sich bergend%} <ls>NAIṢ. 4,78</ls>.	sch	
atArya	2-287-a	{#atArya#}¦ <lex>Adj.</lex> {%nicht zu überwinden, mit dem man nicht fertig werden kann%}.	sch	
atAtparyavid	2-287-a	{#atAtparyavid#}¦ <lex>Adj.</lex> {%die beabsichtigte, wahre Bedeutung einer Rede nicht kennend%} <ls>KATHĀS. 62,212</ls>.	sch	
atAttvika	2-287-a	{#atAttvika#}¦ <lex>Adj.</lex> {%nicht wirklich, — real%}. <ab>Nom. abstr.</ab> {#˚tva#} <lex>n.</lex>	sch	
atUpara	4-291-c	{#atUpara#}¦ <lex>Adj.</lex> {%gehörnt%} <ls>ĀPAST. ŚR. 10,29,5</ls>.	sch	
ataTAkaraRa	4-291-b	{#ataTAkaraRa#}¦ <lex>n.</lex> {%das nicht so Verfahren%} <ls><ab>Comm.</ab> zu ĀPAST. ŚR. 11,21,8</ls>.	sch	
atacCabda	1-284-b	{#atacCabda#}¦ <lex>m.</lex> {%kein vedischer Beleg dafür%} <ls>BĀDAR. 1,3,3</ls>.	sch	
atacCruti	1-284-b	{#atacCruti#}¦ <lex>f.</lex> <ab>dass.</ab> <ls>BĀDAR. 2,3,21</ls>.	sch	
atadAtman	2-287-a	{#atadAtman#}¦ <lex>Adj.</lex> {%nicht identisch dem Wesen nach%} <ls>SARVAD. 155,9</ls>.	sch	
atadBAva	1-284-b	{#atadBAva#}¦ <lex>m.</lex> {%das Nichtdassein, Anderswerden%} <ls>BĀDAR. 3,4,40</ls>.	sch	
atadarhamARa	7-292-d	{#atadarhamARa#}¦ <lex>Adj.</lex> (<lex>f.</lex> {#A#}) {%dieses nicht verdienend%} <ls>MBH. 2,67,54</ls>.	sch	
atadrUpa	1-284-b	{#atadrUpa#}¦ <lex>Adj.</lex> {%nicht wie es sein sollte, verkehrt%} <ls>BĀDAR. 3,4,40</ls>.	sch	
atadvIryavidvaMs	5-241-a	{#atadvIryavidvaMs#}¦ <lex>Adj.</lex> {%dessen Mannheit nicht kennend%} <ls>BHĀG. P. 6,17,10</ls>.	sch	
atadvid	1-284-b	{#atadvid#}¦ <lex>Adj.</lex> {%dieses nicht verstehend%} <ls>BHĀG. P. 4,9,4</ls>.	sch	
atajjAtIya	2-287-a	{#atajjAtIya#} und {#˚ka#}¦ <lex>Adj.</lex> {%nicht von derselben Art%}.	sch	
atantrita	1-284-b	{#atantrita#}¦ <lex>Adj.</lex> 1〉 {%durch Nichts gebunden, sich vollkommen frei fühlend%} <ab>Cit.</ab> im <ls><ab>Comm.</ab> zu GOBH. 1,5,26 (S. 214)</ls>. — 2〉 häufig fehlerhäft für {#atandrita#}.	sch	
atantumant	2-287-a	{#atantumant#}¦ <lex>Adj.</lex> {%nicht fadenziehend%} (Milch).	sch	
atanubala	1-284-b	{#atanubala#}¦ <lex>Adj.</lex> (<lex>f.</lex> {#A#}) {%stark%} <ls>MUDRĀR. 157,1 (231,5)</ls>.	sch	
atarapaRya	7-292-d	{#atarapaRya#}¦ {%kein Lohn für eine Fracht zu Wasser%} <ls>DIVYĀVAD. 4,12</ls>. <ls n="DIVYĀVAD.">501,24</ls>.	sch	
atarkAvacara	1-284-b	{#atarkAvacara#}¦ <lex>Adj.</lex> {%sich nicht in spitzfindigen Erwägungen bewegend%} <ls>Lot. de la b. l. 353</ls>.	sch	
atarkaRIya	7-292-d	{#atarkaRIya#}¦ <lex>Adj.</lex> {%auf den man es nicht abgesehen haben kann%} oder {%darf,%} so <ab>v. a.</ab> {%sicher vor%} (<ab>Gen.</ab>) <ls>JĀTAKAM. 9,1</ls>.	sch	
ataruRa	1-284-b	{#ataruRa#}¦ <lex>Adj.</lex> {%nicht jung%} <ls>P. 1,2,73</ls>.	sch	
atarucCAya	2-287-a	{#atarucCAya#}¦ <lex>Adj.</lex> (<lex>f.</lex> {#A#}) {%ohne Baumschatten%} <ls>KATHĀS. 63,9</ls>.	sch	
atarzula	2-287-a	{#atarzula#}¦ <lex>Adj.</lex> {%nicht gierig%}. {#˚m#} <lex>Adv.</lex>	sch	
atattvArTavant	7-385-a	{#atattvArTavant#}¦ <lex>Adj.</lex> {%der Wahrheit nicht entsprechend%} <ls>BHAG. 18,22</ls>.	sch	
atfptikft	2-287-c	{#*atfptikft#}¦ <lex>Adj.</lex> = {#asecana#} <ls>HĀR. 220</ls>.	sch	
atfzyamARa	7-294-d	{#atfzyamARa#}¦ <lex>Adj.</lex> {%nicht gierig%} <ls>JĀTAKAM. 7</ls>.	sch	
atiBAravant	1-284-c	{#atiBAravant#}¦ <lex>Adj.</lex> {%schwer belastet%} <ls>NAIṢ. 5,88</ls>.	sch	
atiBIta	1-284-c	{#atiBIta#}¦ <lex>Adj.</lex> {%sehr furchtsam%} <ls>KĀLAC. 3,142</ls>.	sch	
atiBakti	1-284-c	{#atiBakti#}¦ <lex>f.</lex> {%grosse aus Glauben entspringende Liebe%} <ls>HEMĀDRI 1,578,9</ls>. <ls n="HEMĀDRI 1,">613,13</ls>.	sch	
atiBara	3-248-a	{#atiBara#}¦ <lex>m.</lex> {%eine schwere Last%} <ls>ŚIŚ. 2,103</ls>.	sch	
atiBarita	3-248-a	{#˚atiBarita#}¦ <lex>Adj.</lex> {%voll von%}.	sch	
atiBavAnIvallaBam	6-293-b	{#atiBavAnIvallaBam#}¦ <lex>Adv.</lex> {%über%} <is>Śiva</is> {%hinaus%} <ls>BĀLAR. 81,16</ls>.	sch	
atiBayAnaka	1-284-c	{#atiBayAnaka#}¦ <lex>Adj.</lex> {%gar fürchterlich%} <ls>BHĀG. P. 5,9,19</ls>.	sch	
atiBaya	5-241-b	{#atiBaya#}¦ auch {%grosse Furcht%} <ls>GĪT. 3,3</ls>.	sch	
atiBayaMkaram	4-291-b	{#atiBayaMkaram#}¦ <lex>Adv.</lex> {%über die Maassen fürchterlich%} <ls>MBH. 1,19,7</ls>.	sch	
atiBft	3-248-a	{#atiBft#}¦ <lex>Adj.</lex> {%schwer tragend%} <ls>KIR. 5,20</ls>.	sch	
atiBogin	3-248-a	{#atiBogin#}¦ <lex>Adj.</lex> in {#nAtiBogin#}.	sch	
atiBukta	7-385-a	{#atiBukta#}¦ <lex>n.</lex> <ab>impers.</ab> {%zu viel gegessen%} <ls>MBH. 17,2,25</ls>.	sch	
atiDUma	1-284-c	{#atiDUma#}¦ <lex>Adj.</lex> {%starken Rauch gebend%} <ls>VARĀH. YOGAY. 8,9</ls>.	sch	
atiDanin	3-248-a	{#atiDanin#}¦ <lex>Adj.</lex> {%sehr reich%} <ls>MBH. 3,99,12</ls>.	sch	
atiGana	7-293-a	{#atiGana#}¦ I. Auch {%sehr dick%} <ls>DAŚAK. 2,11</ls>.	sch	
atiGasmara	2-287-b	{#atiGasmara#}¦ <lex>Adj.</lex> {%sehr gefrässig%} <ls>BĀLAR. 222,15</ls>.	sch	
atiKAdin	3-247-c	{#atiKAdin#}¦ <lex>Adj.</lex> {%viel essend%} <ls>MBH. 12,87,19</ls>.	sch	
atiSAdvala	6-293-b	{#atiSAdvala#}¦ <lex>n.</lex> {%ein schöner Grasplatz%} <ls>BHĀG. P. 10,18,5</ls>.	sch	
atiSIGra	1-285-b	{#atiSIGra#}¦, {#˚m#} <lex>Adv.</lex> <ls>SAṂHITOPAN. 9,1</ls>.	pwg	
atiSaNkitavya	6-293-b	{#atiSaNkitavya#}¦ <lex>Adj.</lex> {%in falschem Verdacht zu haben wegen%} (<ab>Loc.</ab>) <ls>R. 2,22,30</ls>.	sch	
atiSaWa	6-293-b	{#atiSaWa#}¦ <lex>Adj.</lex> {%überaus falsch, — hinterlistig, — boshaft%} <ls>MBH. 13,33,11</ls>. <ls>Spr. 4258</ls>.	sch	
atiSastrakopa	6-293-b	{#atiSastrakopa#}¦ <lex>m.</lex> {%heftiges Wüthen des Schwertes, — des Krieges%} <ls>VARĀH. BṚH. S. 5,26</ls>.	sch	
atiSayavant	1-285-a	{#atiSayavant#}¦ <lex>Adj.</lex> {%übermässig%} <ls>DAŚAK. 85,17</ls>.	sch	
atiSayitatva	6-293-b	{#atiSayitatva#}¦ <lex>n.</lex> {%Ungewöhnlichkeit, Ausserordentlichkeit%} <ls>Spr. 1685, N.</ls>	sch	
atiSfta	1-285-b	{#a/tiSfta#}¦ <lex>Adj.</lex> {%zu stark gekocht%} <ls>MAITR. S. 1,8,2</ls>.	sch	
atiSlAGya	3-248-b	{#atiSlAGya#}¦ <lex>Adj.</lex> {%überaus rühmlich%} <ls>VṚṢABH. 76</ls>.	sch	
atiSlizwa	6-293-b	{#atiSlizwa#}¦ <lex>Adj.</lex> {%fest verbunden, — haftend, — anhaftend%} <ls>ŚĀK. (CH.) 62,1</ls>. <ls>DAŚAK. 73,6</ls>.	sch	
atiSoBAkara	6-293-b	{#atiSoBAkara#}¦ <lex>Adj.</lex> {%grossen Schmuck verleihend%} <ls>MBH. 8,34,46</ls>.	sch	
atiSozin	6-293-b	{#atiSozin#}¦ <lex>Adj.</lex> {%stark austrocknend, — ausdörrend%} <ls>SUŚR. 2,551,20</ls>.	sch	
atiSrAnta	3-248-b	{#atiSrAnta#}¦ <lex>Adj.</lex> {%sehr ermüdet%} <ls>VP. 4,2,6</ls>.	sch	
atiSri	7-294-b	{#atiSri#}¦ <lex>Adj.</lex> {%die%} <is>Śrī</is> {%übertreffend%} <ls>Festgr. 19</ls>.	sch	
atiSuBra	1-285-b	{#atiSuBra#}¦ <lex>Adj.</lex> {%überaus weiss%} <ls>HEMĀDRI 1,725,19</ls>.	sch	
atiSvAsa	1-285-b	{#atiSvAsa#}¦ <lex>m.</lex> {%Kurzathmigkeit%} <ls>AGNI-P. 31,20</ls>.	sch	
atiTI	1-284-c	{#atiTI#}¦ <lex>Adv.</lex> 1〉 mit {#kar#} a〉 {%Etwas%} (<ab>Acc.</ab>) {%einem Gaste gewähren%} <ls>NAIṢ. 5,23</ls>. — b〉 {%Etwas%} (<ab>Acc.</ab>) {%gelangen lassen in%} (<ab>Loc.</ab>) <ls>NAIṢ. 1,134</ls>. {#Sruterati	sch	
atiTivratin	6-293-a	{#atiTivratin#}¦ <lex>Adj.</lex> {%Gastfreundschaft übend%} <ls>MBH. 3,260,4</ls>.	sch	
atibIBatsita	4-291-b	{#atibIBatsita#}¦ <lex>Adj.</lex> {%sehr widerlich, — eklig%} <ls>BHĀG. P. ed. Bomb. 5,26,22</ls>.	sch	
atibalAtkfta	4-291-b	{#atibalAtkfta#}¦ <lex>Adj.</lex> {%stark mitgenommen%} <ls>MBH. 13,268</ls>. <ab>v. l.</ab> {#˚lAtkzataH#}.	sch	
atibalIyaMs	4-291-b	{#atibalIyaMs#}¦ <lex>Adj.</lex> {%viel mächtiger%} <ls>KATHĀS. 15,11</ls>.	sch	
atibalavant	7-385-a	{#atibalavant#}¦ <lex>Adj.</lex> {%überaus mächtig%} <ls>MBH. 1,74,79</ls>.	sch	
atibanDura	4-291-b	{#atibanDura#}¦ <lex>Adj.</lex> dem Sinne nach etwa {%stark betäubend%} <ls>MBH. 7,10,17</ls>.	sch	
aticCedya	2-287-b	{#aticCedya#}¦ <lex>Adj.</lex> {%zu stark zu verwunden%} <ls>MBH. 12,96,15</ls>.	sch	
aticaRqikA	1-284-b	{#aticaRqikA#}¦ <lex>f.</lex> = {#aticaRqA#} <ls>HEMĀDRI 2,a,85,5</ls>.	sch	
aticapala	2-287-b	{#aticapala#}¦ <lex>Adj.</lex> {%sehr —, zu beweglich%}.	sch	
aticatura	3-247-c	{#aticatura#}¦ (<lex>f.</lex> {#A#}) auch {%überaus geschickt%} oder {%gescheidt%} <ls>CAURAP. (A.) 4</ls>.	sch	
aticikkaRa	2-287-b	{#aticikkaRa#}¦ <lex>Adj.</lex> (<lex>f.</lex> {#A#}) {%sehr schlüpfrig%} <ls><ab>Comm.</ab> zu KĀTY. ŚR. 26,1,4</ls>.	sch	
aticitram	2-287-b	{#aticitram#}¦ <lex>Adv.</lex> {%auf sehr mannichfache Weise%} <ls>DAŚAK. (1925) 2,104,15</ls>.	sch	
atidIpti	7-293-b	{#atidIpti#}¦, so zu lesen <ab>st.</ab> {#ayidIpti#}.	sch	
atidUravartin	3-247-c	{#atidUravartin#}¦ <lex>Adj.</lex> {%weit hinausgehend über%} (<ab>Gen.</ab>) <ls>ŚĀK. CH. 146,8</ls>.	sch	
atidUzita	1-284-c	{#atidUzita#}¦ <lex>Adj.</lex> {%sehr gemissbilligt%} <ls>BṚHASP.</ls> im <ls><ab>Comm.</ab> zu ĀPAST. 2,27,3</ls>.	sch	
atidaSaraTam	6-293-a	{#atidaSaraTam#}¦ <lex>Adv.</lex> {%über%} <is>Daśaratha</is> {%hinaus%} <ls>BĀLAR. 79,9</ls>.	sch	
atidahanAtmaka	3-247-c	{#atidahanAtmaka#}¦ <lex>Adj.</lex> {%von zu brennender Natur%} <ls>PAÑCAT. 190,3</ls>.	sch	
atidarpita	2-287-b	{#atidarpita#}¦ <lex>Adj.</lex> {%worauf man sehr stolz ist, — stark pocht%} <ls>MṚCCH. 77,2</ls>.	sch	
atidilIpam	6-293-a	{#atidilIpam#}¦ <lex>Adv.</lex> {%über%} <is>Dilīpa</is> {%hinaus%} <ls>BĀLAR. 79,9</ls>.	sch	
atidozala	3-248-a	{#atidozala#}¦ <lex>Adj.</lex> in {#nAtidozala#}.	sch	
atidrutam	3-248-a	{#atidrutam#}¦ <lex>Adv.</lex> in {#nAtidrutam#} <ls>VIṢṆUS. 11,6</ls>.	sch	
atiduHKa	3-247-c	{#atiduHKa#}¦ <lex>n.</lex> {%ein grosses Leid%} <ls>VP. 4,2,24</ls>.	sch	
atidurbala	1-284-c	{#atidurbala#}¦, <lex>f.</lex> {#A#} <ls>HEMĀDRI 2,a,100,6</ls>.	sch	
atidurbalatA	3-247-c	{#atidurbalatA#}¦ <lex>f.</lex> {%überaus grosse Schwäche%} <ls>PAÑCAT. 224,2</ls>.	sch	
atidurgama	3-247-c	{#atidurgama#}¦ <lex>Adj.</lex> {%überaus schwer zu wandeln%} <ls>ŚIŚ. 1,32</ls>.	sch	
atidurjana	2-287-b	{#atidurjana#}¦ <lex>m.</lex> {%ein grosser Bösewicht%} <ls>UTTARAR. 3,1</ls>.	sch	
atidurlalita	3-247-c	{#atidurlalita#}¦ <lex>n.</lex> {%grosse Unart%}. <ab>Pl.</ab> {%sehr dumme Streiche%} <ls>HARIV. 8539</ls>.	sch	
atidurmanas	3-247-c	{#atidurmanas#}¦ <lex>Adj.</lex> {%sehr betrübt%} <ls>KATHĀS. 71,227</ls>.	sch	
atidurnaya	1-284-c	{#atidurnaya#}¦ <lex>m.</lex> {%eine grosse Gemeinheit%} <ls>NAIṢ. 4,91</ls>.	sch	
atidurnyasta	7-293-b	{#atidurnyasta#}¦ <lex>Adj.</lex> {%sehr schwankend in seinen Ueberzeugungen%} <ls>JĀTAKAM. 10</ls>.	sch	
atidurvizaha	2-287-b	{#atidurvizaha#}¦ <lex>Adj.</lex> {%sehr schwer zu ertragen%} <ls>BHĀG. P. 5,9,18</ls>.	sch	
atidurvizahya	3-247-c	{#atidurvizahya#}¦ <lex>Adj.</lex> {%überaus schwer zu ertragen%} <ls>VṚṢABH. 37</ls>.	sch	
atiduzwa	3-247-c	{#atiduzwa#}¦ <lex>Adj.</lex> {%sehr böse, — schlimm%} <ls>RĀJAT. 4,121</ls>.	sch	
atigArDya	2-287-b	{#atigArDya#}¦ <lex>n.</lex> <ab>dass.</ab>	sch	
atigarDa	2-287-b	{#atigarDa#}¦ <lex>m.</lex> {%grosse Gier, — Habgier%} <ls>KATHĀS. 104,117</ls>.	sch	
atigarIyaMs	1-284-b	{#atigarIyaMs#}¦ <lex>Adj.</lex> {%zu theuer%}. {#˚yasA krI#} — {%kaufen%} <ls>DAŚAK. 59,7</ls>.	sch	
atigfdDa	2-287-b	{#atigfdDa#}¦ <lex>Adj.</lex> {%sehr habgierig%}.	sch	
atigrAhyapAtra	4-291-b	{#atigrAhyapAtra#}¦ <lex>n.</lex> {%ein zum%} <is>Atigrāhya</is> {%dienendes Gefäss%} <ls>ĀPAST. ŚR. 12,1,15</ls>.	sch	
atihArda	6-294-a	{#atihArda#}¦ <lex>n.</lex> {%grosse Zuneigung, — Liebe, — zu%} (<ab>Loc.</ab>) <ls>MĀRK. P. 72,18</ls>. <ls n="MĀRK. P.">100,24</ls>.	sch	
atihArin	6-294-a	{#atihArin#}¦ <lex>Adj.</lex> {%sehr reizend%} <ls>Spr. 4961</ls>.	sch	
atihAsya	6-294-a	{#atihAsya#}¦ <lex>n.</lex> {%heftiges Lachen%} <ls>SUŚR. 1,244,6</ls>.	sch	
atiharza	1-285-b	{#atiharza#}¦ <lex>m.</lex> {%grosse Freude%} <ls>NAIṢ. 6,53</ls>.	sch	
atiharzula	6-294-a	{#atiharzula#}¦ <lex>Adj.</lex> {%hoch erfreut%} <ls>KATHĀS. 67,31</ls>.	sch	
atihelana	6-294-a	{#atihelana#}¦ <lex>n.</lex> {%grosse Verhöhnung, — Verspottung, — an den Tag gelegte Geringschätzung%} <ls>BHĀG. P. 3,14,37</ls>.	sch	
atihfzwa	1-285-b	{#atihfzwa#}¦ <lex>Adj.</lex> {%sehr erfreut%} <ls>DAŚAK. 72,5</ls>.	sch	
atijaWara	2-287-b	{#atijaWara#}¦ <lex>Adj.</lex> (<lex>f.</lex> {#A#}) {%sehr hart%} und — {%alt%} <ls>ŚIŚ. 4,29</ls>.	sch	
atijaqa	2-287-b	{#atijaqa#}¦ <lex>Adj.</lex> {%überaus dumm%} <ls>HEM. PAR. 12,188</ls>.	sch	
atijaraWa	2-287-b	{#atijaraWa#}¦ <lex>Adj.</lex> {%sehr alt%}.	sch	
atijarant	2-287-b	{#atijarant#}¦ <lex>Adj.</lex> (<lex>f.</lex> {#˚tI#}) <ab>dass.</ab>	sch	
atijavana	2-287-b	{#atijavana#}¦ <lex>Adj.</lex> (<lex>f.</lex> {#A#}) {%überaus schnell%} <ls>DAŚAK. (1925) 2,107,11</ls>.	sch	
atijawADara	1-284-b	{#atijawADara#}¦ <lex>Adj.</lex> {%starke Flechten tragend%} <ls>HEMĀDRI 2,a,121,12</ls>.	sch	
atijitakASin	1-284-b	{#atijitakASin#}¦ <lex>Adj.</lex> {%sich zu sehr als Sieger gebarend%} [Page1-284-c] <ls>MUDRĀR. 82,18 (137,9)</ls>.	sch	
atijvalana	2-287-b	{#atijvalana#}¦ <lex>n.</lex> {%heftiges Aufwallen im Zorn%} <ls>NĪLAK.</ls> zu <ls>MBH. 3,274,13</ls>.	sch	
atikAnti	1-284-b	{#atikAnti#}¦ <lex>f.</lex> {%grosse Anmuth%}. <ab>Personif.</ab> <ls>AGNI-P. 33,39</ls>. <ls n="AGNI-P. 33,">44</ls>.	sch	
atikArSya	2-287-a	{#atikArSya#}¦ <lex>n.</lex> {%grosse Magerkeit%}.	sch	
atikAryakara	2-287-a	{#atikAryakara#}¦ <lex>Adj.</lex> {%sehr wirksam%}.	sch	
atikAtara	1-284-b	{#atikAtara#}¦ <lex>Adj.</lex> {%gar ängstlich%} <ls>MĀLATĪM. 62,10</ls>.	sch	
atikIwaka	2-287-a	{#atikIwaka#}¦ <lex>Adj.</lex> {%viele Läuse habend%} <ls>VP. 3,12,6</ls>.	sch	
atikaWina	1-284-b	{#atikaWina#}¦ <lex>Adj.</lex> {%überaus hart%}.	sch	
atikala	3-247-c	{#atikala#}¦ <lex>Adj.</lex> {%überaus lieblich tönend%} <ls>MAHĀVĪRAC. 85,20</ls>.	sch	
atikapila	3-247-c	{#atikapila#}¦ <lex>Adj.</lex> (<lex>f.</lex> {#A#}) {%sehr braun%} <ls>VIṢṆUS. 24,15</ls>.	sch	
atikaruRa	6-293-a	{#atikaruRa#}¦ <lex>Adj.</lex> {%überaus kläglich%} <ls>{{MBH. 1,3,317->MBH. 1,2,317||20250608|Jim Funderburk, Andhrabharati|Ref: https://github.com/sanskrit-lexicon/PWK/issues/84|}}</ls>.	sch	
atikazwa	7-293-a	{#atikazwa#}¦ I. Auch {%überaus schlimm, sehr arg%} <ls>JĀTAKAM. 24</ls>.	sch	
atikrUramfdu	3-247-c	{#atikrUramfdu#}¦ <lex>Adj.</lex> in {#nAti˚#}.	sch	
atikrame	2-287-a	{#atikra/me#}¦ <ab>Dat.</ab> <ab>Inf.</ab> von {#kram#} mit {#ati#} <ls>ṚV.</ls>	sch	
atikuRapa	2-287-a	{#atikuRapa#}¦ <lex>Adj.</lex> {%stark in Verwesung übergegangen%}.	sch	
atikuYcita	7-293-a	{#atikuYcita#}¦ <lex>Adj.</lex> {%sehr kraus%} <ls>PAÑCĀŚIKĀ (ed. SOLF) 44</ls>.	sch	
atikutUhala	2-287-a	{#atikutUhala#}¦ <lex>n.</lex> {%grosse Neugier%} <ls>KATHĀS. 4,80</ls>.	sch	
atikuwila	2-287-a	{#atikuwila#}¦ <lex>Adj.</lex> {%überaus gewunden%} <ls>Ind. St. 8,420</ls>.	sch	
atikzipra	3-247-c	{#a/tikzipra#}¦ <lex>Adj.</lex> (<lex>f.</lex> {#A#}) {%überaus schnell%} <ls>TS. 2,1,1,1</ls>.	sch	
atikzutparIta	3-247-c	{#atikzutparIta#}¦ <lex>Adj.</lex> {%heftig vom Hunger geplagt%} <ls>VP. 4,2,6</ls>.	sch	
atilAlavant	5-241-b	{#atilAlavant#}¦ <lex>Adj.</lex> {%stark den Speichel triefen lassend%} <ls>SUŚR. 2,281,14</ls>.	sch	
atilOlyavant	5-241-b	{#atilOlyavant#}¦ <lex>Adj.</lex> {%zu —, sehr gierig%} <ls>KATHĀS. 22,200</ls>.	sch	
atila	1-285-a	{#atila#}¦ auch {%keinen Sesam habend%} <ls>HEMĀDRI 1,594,17</ls>.	sch	
atilavaRasAtmya	6-293-b	{#atilavaRasAtmya#}¦ <lex>Adj.</lex> {%zu sehr an Salzgenuss gewöhnt%} <ls>CARAKA 3,1</ls>.	sch	
atiloBanIya	7-293-d	{#atiloBanIya#}¦ <lex>Adj.</lex> {%wonach man grosses Verlangen hat, überaus reizend%}. <ab>Nom. abstr.</ab> {#˚tA#} <lex>f.</lex> <ls>JĀTAKAM. 26</ls>.	sch	
atilolupa	5-241-b	{#atilolupa#}¦ <lex>Adj.</lex> {%heftige Begierden habend%} <ls>BHĀG. P. 3,20,23</ls>.	sch	
atimAnuzastava	2-287-c	{#atimAnuzastava#}¦ <lex>m.</lex> Titel eines Werkes <ls>OPP. Cat. 1</ls>.	sch	
atimUrKa	1-285-a	{#atimUrKa#}¦ <lex>Adj.</lex> {%sehr thöricht%} <ls>KĀLAC. 3,143</ls>.	sch	
atimaYjula	1-285-a	{#atimaYjula#}¦ <lex>Adj.</lex> {%überaus lieblich%} <ls>DAŚAK. 86,12</ls>.	sch	
atimada	1-285-a	{#atimada#}¦ <lex>m.</lex> {%heftige Aufgeregtheit%} <ls>ŚIŚ. 10,32</ls>.	sch	
atimahArOdra	4-291-b	{#atimahArOdra#}¦ <lex>Adj.</lex> (<lex>f.</lex> {#A#}) {%überaus furchtbar%} <ls>MĀRK. P. 12,5</ls>.	sch	
atimahAsattva	4-291-b	{#atimahAsattva#}¦ <lex>Adj.</lex> {%überaus edel%} (Person).	sch	
atimahant	1-285-a	{#atimahant#}¦ <lex>Adj.</lex> {%überaus gross%} (Baum) <ls>DAŚAK. 46,16</ls>. {%allzulang%} (Erzählung) <ls n="DAŚAK.">79,3</ls>.	sch	
atimahiman	1-285-a	{#*atimahiman#}¦ <lex>Adj.</lex> {%überaus gross%} <ls>P. 4,1,11</ls>, <ab>Sch.</ab>	sch	
atimanoraTa	7-293-c	{#atimanoraTa#}¦ <lex>Adj.</lex> {%alle Wünsche übersteigend%} <ls>JĀTAKAM. 22,83</ls>.	sch	
atimanyu	7-293-c	{#atimanyu#}¦ <lex>Adj.</lex> {%sehr wüthend%} <ls>MBH. 8,22,10</ls>.	sch	
atimatimant	1-285-a	{#atimatimant#}¦ <lex>Adj.</lex> {%überaus klug%} <ls>MUDRĀR. 86,15 (141,9)</ls>.	sch	
atimecakita	2-287-c	{#atimecakita#}¦ <lex>Adj.</lex> {%sehr verdunkelt%} <ls>ŚOBH. 76</ls>.	sch	
atimfdula	4-291-b	{#atimfdula#}¦ <lex>Adj.</lex> {%sehr zart, schwächlich%}. <ab>Nom. abstr.</ab> {#˚tA#} <lex>f.</lex> <ls>PRAB. 37,6</ls>.	sch	
atimlAni	1-285-a	{#atimlAni#}¦ <lex>f.</lex> {%tiefe Schwärze%} <ls>NAIṢ. 5,62</ls>.	sch	
atinIla	1-284-c	{#atinIla#}¦ <lex>Adj.</lex> {%dunkelblau%} <ls>HEMĀDRI 2,a,118,9</ls>.	sch	
atinadIzRa	3-248-a	{#atinadIzRa#}¦ <lex>Adj.</lex> {%sehr erfahren in%} (<ab>Loc.</ab>).	sch	
atinanAmin	3-248-a	{#atinanAmin#}¦, lies {#˚namAmi#} <lex>Adj.</lex> {%über dem%} <is>namāmi</is> {%(ich verneige mich) stehend%}.	sch	
atinarman	3-248-a	{#atinarman#}¦ <lex>m.</lex> {%ein grosser Spass, — Scherz%} <ls>MBH. 2,63,5</ls>.	sch	
atinayana	5-241-a	{#atinayana#}¦ in {#dakziRAtinayana#} weiter unten.	sch	
atineda	1-284-c	{#atineda#}¦ in {#anatineda#}.	sch	
atiniBftam	1-284-c	{#atiniBftam#}¦ <lex>Adv.</lex> {%ganz im Geheimen%} <ls>MUDRĀR. 55,19 (88,12)</ls>.	sch	
atinirGfRa	2-287-b	{#atinirGfRa#}¦ <lex>Adj.</lex> (<lex>f.</lex> {#A#}) {%überaus grausam%} <ls>DAŚAK. (1925) 2,80,22</ls>.	sch	
atinirlipta	5-241-a	{#atinirlipta#}¦ <lex>Adj.</lex> {%ganz unbefleckt%} <ls>PAÑCAR. 1,1,4</ls>.	sch	
atinirmaTana	3-248-a	{#atinirmaTana#}¦ <lex>n.</lex> {%heftiges Quirlen%} <ls>MBH. 1,18,41</ls>.	sch	
atinirmala	1-284-c	{#atinirmala#}¦ <lex>Adj.</lex> {%überaus rein%} <ls>HEMĀDRI 1,164,6</ls>. <ls n="HEMĀDRI 1,">183,12</ls>.	sch	
atiniroDa	1-284-c	{#atiniroDa#}¦ <lex>m.</lex> {%vollkommene Unterdrückung, — Vernichtung%} <ls>HEMĀDRI 1,735,2</ls>; <ab>vgl.</ab> <ls n="HEMĀDRI 1,">733,21</ls>. <ls n="HEMĀDRI 1,">734,1</ls>.	sch	
atinirvartin	3-248-a	{#atinirvartin#}¦ <lex>Adj.</lex> {%sich sehr ungebührlich betragend%} <ls>KATHĀS. 26,58</ls>.	sch	
atinirvfta	1-284-c	{#atinirvfta#}¦ <lex>Adj.</lex> {%überaus erfreut%} <ls>BHĀG. P. 1,6,18</ls>.	sch	
atinirviRRa	2-287-b	{#atinirviRRa#}¦ <lex>Adj.</lex> {%an Allem verzagend%}.	sch	
atinizevitar	2-287-b	{#atinizevitar#}¦ <ab>Nom. ag.</ab> {%zu sehr hingegeben,%} mit <ab>Acc.</ab> <ls>SUŚR. 1,69,21</ls>.	sch	
atipARqukambala	3-248-a	{#atipARqukambala#}¦ <lex>Adj.</lex> (<lex>f.</lex> {#A#}) {%schöner als der Stein%} {#pARqukambala#} <ls>ŚATR. 8,34</ls>.	sch	
atipAna	3-248-a	{#atipAna#}¦ <lex>n.</lex> {%zu vieles Trinken geistiger Getränke%}.	sch	
atipApin	3-248-a	{#atipApin#}¦ <lex>Adj.</lex> {%stark frevelnd%} <ls>MĀRK. P. 58,61</ls>.	sch	
atipAvana	1-284-c	{#atipAvana#}¦ <lex>Adj.</lex> {%in hohem Grade entsündigend%} <ls>HEMĀDRI 1,83,8</ls>.	sch	
atipIqita	3-248-a	{#atipIqita#}¦ auch {%zu stark gedrückt%}. <ab>Nom. abstr.</ab> {#˚tA#} <lex>f.</lex> <ls>SUŚR. 2,200,2</ls>.	sch	
atipOruza	1-284-c	{#atipOruza#}¦ <lex>Adj.</lex> {%überaus mannhaft%} <ls>MUDRĀR. 154,12 (227,9)</ls>.	sch	
atipUra	3-248-a	{#atipUra#}¦ <lex>m.</lex> {%ein heftiger Strom, — Erguss%} <ls>UTTARAR. 53,8 (68,12)</ls>.	sch	
atipadmin	3-248-a	{#atipadmin#}¦ <lex>Adj.</lex> {%stark gefleckt%} (Elephant) <ls>MBH. 12,29,33</ls>.	sch	
atipavitra	3-248-a	{#atipavitra#}¦ <lex>Adj.</lex> {%überaus reinigend, grossen Segen bringend%} (Ort) <ls>PRAB. 21,14</ls>.	sch	
atipelava	4-291-b	{#atipelava#}¦ <lex>Adj.</lex> {%überaus fein, — zart%}.	sch	
atipiNga	2-287-b	{#atipiNga#}¦ <lex>Adj.</lex> {%dunkelbraun%}.	sch	
atipiSuna	4-291-b	{#atipiSuna#}¦ <lex>Adj.</lex> {%sehr niederträchtig, — bösartig%} <ls>KĀD. 197,14</ls>.	sch	
atiprEza	5-241-b	{#atiprEza#}¦ <lex>m.</lex> = {#atiprezaRa#} <ls><ab>Comm.</ab> zu ĀPAST. ŚR. 12,27,6</ls>. <ls n="ĀPAST. ŚR. 12,27,">7</ls>.	sch	
atiprIta	2-287-c	{#atiprIta#}¦ <lex>Adj.</lex> {%überaus befriedigt, — erfreut%}.	sch	
atipraBAvatI	1-284-c	{#atipraBAvatI#}¦ <lex>f.</lex> <ab>N. pr.</ab> einer <is>Surāṅganā</is> <ls>Ind. St. 15</ls>.	sch	
atipraSAnta	6-293-a	{#atipraSAnta#}¦ <lex>Adj.</lex> {%sich vollkommen gelegt habend, ganz gewichen%} <ls>MĀLATĪM. 79,11</ls>.	sch	
atipraTita	1-284-c	{#atipraTita#}¦ <lex>Adj.</lex> {%weitberühmt%} <ls>NAIṢ. 4,79</ls>.	sch	
atipraloBita	5-241-a	{#atipraloBita#}¦ <lex>Adj.</lex> {%in hohem Grade angelockt —, [Page5-241-b] hingezogen zu%} (<ab>Loc.</ab>) <ls>BHĀG. P. 4,29,54</ls>.	sch	
atipramATin	4-291-b	{#atipramATin#}¦ <lex>Adj.</lex> {%viel zu schaffen machend, stark zusetzend%} <ls>HARIV. 8158</ls>.	sch	
atipramAda	1-284-c	{#atipramAda#}¦ <lex>Adj.</lex> {%sehr fahrlässig, — unachtsam%} <ls>MBH. 5,37,37</ls>.	sch	
atiprapaYca	4-291-b	{#atiprapaYca#}¦ <lex>m.</lex> {%zu grosse Ausführlichkeit%} <ls>SARVAD. 71,9</ls>.	sch	
atipratiloma	1-284-c	{#atipratiloma#}¦ <lex>Adj.</lex> (<lex>f.</lex> {#A#}) {%überaus widrig, — unangenehm%} <ls>NAIṢ. 6,95</ls>.	sch	
atipratyAsaNga	3-248-a	{#atipratyAsaNga#}¦ <lex>m.</lex> {%allzugrosse Nähe%} <ls>MAHĀVĪRAC. 74,4</ls>.	sch	
atipraveSa	4-291-b	{#atipraveSa#}¦ <lex>m.</lex> {%heftiges Dringen in Jmd, das Sichaufdrängen, Sichmischen in fremde Angelegenheiten%} <ls>KATHĀS. 60,35</ls>.	sch	
atipravftta	5-241-b	{#atipravftta#}¦ <lex>Adj.</lex> (<lex>f.</lex> {#A#}) {%sehr mit Etwas beschäftigt%} 〔119,15〕.	sch	
atipravilambita	5-241-b	{#atipravilambita#}¦ <lex>Adj.</lex> {%zu sehr vorhängend%} <ls>SUŚR. 2,239,5</ls>.	sch	
atipravizwa	2-287-c	{#atipravizwa#}¦ <lex>Adj.</lex> {%tief eingedrungen in%} (<ab>Loc.</ab>) <ls>MBH. 3,186,21</ls>.	sch	
atiprezaRa	5-241-b	{#atiprezaRa#}¦ <lex>n.</lex> {%das darüber hinaus Auffordern%} <ls><ab>Comm.</ab> zu ĀPAST. ŚR. 12,27,7</ls>.	sch	
atiprezitar	5-241-b	{#atiprezitar#}¦ <ab>Nom. ag.</ab> {%der darüber hinaus auffordert%} <ls><ab>Comm.</ab> zu ĀPAST. ŚR. 12,27,6</ls>.	sch	
atipriya	1-284-c	{#atipriya#}¦ <lex>Adj.</lex> {%überaus lieb%} <ls>P. 8,1,13</ls>, <ab>Sch.</ab>	sch	
atirAga	1-285-a	{#atirAga#}¦ <lex>m.</lex> {%dunkles Roth%} und {%starke Zuneigung%} <ls>NAIṢ. 7,39</ls>.	sch	
atirUQa	2-287-c	{#atirUQa#}¦ <lex>Adj.</lex> {%stark zusammengeklebt, nicht mehr auseinanderzubringen%}. <ab>Nom. abstr.</ab> {#˚tva#} <lex>n.</lex> <ls>RĀJAT. 6,272</ls>.	sch	
atirajasvala	5-241-b	{#atirajasvala#}¦ <lex>Adj.</lex> {%ganz von Leidenschaft erfüllt%} <ls>BHĀG. P. 5,14,9</ls>.	sch	
atiramaRIya	1-285-a	{#atiramaRIya#}¦, <ab>Nom. abstr.</ab> {#˚tA#} <lex>f.</lex> <ls>MUDRĀR. 59,15 (96,7)</ls>.	sch	
atirasa	5-241-b	<hom>1.</hom> {#atirasa#}¦ auch {%heftiges Verlangen%}. {#˚tas#} <ls>KATHĀS. 47,120</ls>.	sch	
atirasika	3-248-a	{#atirasika#}¦ <lex>Adj.</lex> {%sehr geschmackvoll, fein gebildet%} <ls>KAUTUKAR.</ls>	sch	
atiraskftasaMBAza	3-248-a	{#atiraskftasaMBAza#}¦ <lex>Adj.</lex> (<lex>f.</lex> {#A#}) {%ohne Schelten sich unterhaltend%} <ls>MBH. 3,233,27</ls>.	sch	
atirati	7-293-d	{#atirati#}¦ <lex>f.</lex> {%grosse Freude an%} (<ab>Loc.</ab>) <ls>KATHĀS. 27,25</ls>.	sch	
atirawita	5-241-b	{#atirawita#}¦ <lex>n.</lex> {%heftiges Kreischen%}. <ab>Pl.</ab> <ls>Spr. 379</ls>.	sch	
atiraya	1-285-a	{#atiraya#}¦ <lex>Adj.</lex> {%überaus schnell laufend%} <ls>DAŚAK. 21,4</ls>.	sch	
atireca	1-285-a	{#atireca#}¦ in {#anatireca#}.	sch	
atiriraMsA	5-241-b	{#atiriraMsA#}¦ <lex>f.</lex> {%grosse Geilheit%} <ls>BHĀG. P. 3,23,11</ls>.	sch	
atirocamAna	5-241-b	{#atirocamAna#}¦ <lex>m.</lex> {%mit noch schöneren Haarwirbeln am Halse versehen%} (Pferd) <ls>ŚIŚ. 5,4</ls>.	sch	
atirodana	5-241-b	{#atirodana#}¦ <lex>n.</lex> {%übermässiges Weinen%} <ls>HEM. PAR. 1,224</ls>.	sch	
atiroha	1-285-a	{#atiroha#}¦ <lex>Adj.</lex> als <ab>Beiw.</ab> von <is>Rudra-Śiva</is> <ls>HEMĀDRI 1,210,9</ls>.	sch	
atiroza	3-248-a	{#atiroza#}¦ <lex>m.</lex> {%heftiger Zorn%} <ls>MBH. 3,233,29</ls>.	sch	
atirozaRa	2-287-c	{#atirozaRa#}¦ <lex>Adj.</lex> {%sehr zum Zorn geneigt%}.	sch	
atiruzwa	5-241-b	{#atiruzwa#}¦ <lex>Adj.</lex> {%sehr erzürnt%} <ls>BHĀG. P. 4,19,34</ls>.	sch	
atisAhasika	6-293-c	{#atisAhasika#}¦ <lex>Adj.</lex> {%sehr unbesonnen zu Werke gehend%} <ls>PAÑCAT. 241,3</ls>.	sch	
atisAndra	6-293-c	{#atisAndra#}¦ <lex>Adj.</lex> {%sehr dicht%} <ls>VĀSAV. 179,3</ls>. <ab>Vgl.</ab> {#nAtisAndra#} <ls>Nachtr. 4</ls>.	sch	
atisArTaka	6-293-c	{#atisArTaka#}¦ <lex>Adj.</lex> {%grossen Gewinn bringend%} <ls>PAÑCAR. 1,7,6</ls>.	sch	
atisOjanya	3-248-b	{#atisOjanya#}¦ <lex>n.</lex> {%allzugrosser Edelmuth%} <ls>MAHĀVĪRAC. 10,1,6</ls>?.	sch	
atisPuwa	5-241-c	{#atisPuwa#}¦ <lex>Adj.</lex> (<lex>f.</lex> {#A#}) {%ganz deutlich vor Augen liegend%} <ls>ŚIŚ. 14,26</ls>.	sch	
atisTOlya	2-287-c	{#atisTOlya#}¦ <lex>n.</lex> {%zu grosse Dickleibigkeit%}.	sch	
atisTagita	6-293-c	{#atisTagita#}¦ <lex>Adj.</lex> {%sehr verhüllt, — verborgen%} <ls>Verz. d. Oxf. H. 214,b, No. 511</ls>.	sch	
atisaMBoga	6-293-c	{#atisaMBoga#}¦ <lex>m.</lex> {%ein grosser Genuss%} <ls>RĀJAT. 4,398</ls>.	sch	
atisaMBrama	6-293-c	{#atisaMBrama#}¦, lies <ls>10,81,25</ls>.	sch	
atisaMDAraRa	3-248-b	{#atisaMDAraRa#}¦ <lex>n.</lex> {%das Verweigern%} <ls>CARAKA 4,4</ls>.	sch	
atisaMSabda	6-293-c	{#atisaMSabda#}¦ <lex>m.</lex> {%ein lauter herausfordernder Ruf%} <ls>R. 4,15,4</ls>.	sch	
atisaMSlizwa	6-293-c	{#atisaMSlizwa#}¦ <lex>Adj.</lex> {%zu fest anliegend%} <ls><ab>Comm.</ab> zu TS. PRĀT. 2,12</ls>.	sch	
atisaMgopanIya	6-293-c	{#atisaMgopanIya#}¦ <lex>Adj.</lex> {%sehr geheim zu halten%} <ls>PAÑCAR. 1,15,23</ls>.	sch	
atisaMharza	2-287-c	{#atisaMharza#}¦ <lex>m.</lex> {%grosse Freude%} <ls>HARIV. 2439</ls>.	sch	
atisaMhfzwa	1-285-b	{#atisaMhfzwa#}¦ <lex>Adj.</lex> {%überaus erfreut%} <ls>HEMĀDRI 1,473,7</ls>.	sch	
atisaMkalpa	6-293-c	{#˚atisaMkalpa#}¦ <lex>m.</lex> {%ein dringendes Verlangen zu%} <ls>MBH. 4,396</ls>. <ab>v. l.</ab> {#aBisaMkalpa#}.	sch	
atisaMkawa	6-293-c	{#atisaMkawa#}¦ 1〉 <lex>Adj.</lex> {%überaus schwierig, — gefährlich%} <ls>MĀRK. P. 45,5</ls>. — 2〉 <lex>n.</lex> a〉 {%ausserordentliche Dichtigkeit%} <ls>RĀJAT. 6,249</ls>. — b〉 {%grosse Noth, — Gefahr%} <ls>Spr. 3170</	sch	
atisaMkula	6-293-c	{#atisaMkula#}¦ <lex>Adj.</lex> (<lex>f.</lex> {#A#}) {%auf grosse Hindernisse stossend%} <ls>VARĀH. BṚH. S. 38,3</ls>.	sch	
atisaMkzoBaRa	6-293-c	{#atisaMkzoBaRa#}¦ <lex>n.</lex> {%eine zu grosse Erschütterung%} <ls>SUŚR. 2,133,5</ls>.	sch	
atisaMprIti	1-285-b	{#atisaMprIti#}¦ <lex>f.</lex> {%grosse Freude, — Befriedigung%} <ls>HEMĀDRI 1,15,1</ls>.	sch	
atisaMrAga	6-293-c	{#atisaMrAga#}¦ <lex>m.</lex> {%starkes Hängen an%} (<ab>Loc.</ab>) <ls>PRĀYAŚCITTAT.</ls> im <ls>ŚKDR.</ls> <ab n="unter">u.</ab> {#nErmalya#}.	sch	
atisaMramBa	6-293-c	{#atisaMramBa#}¦ <lex>m.</lex> {%heftiger Zorn%} <ls>RĀJAT. 1,67</ls>. <ls>BHĀG. P. 5,9,19</ls>.	sch	
atisaMsidDi	1-285-b	{#atisaMsidDi#}¦ <lex>f.</lex> {%ein überaus vollkommener Zustand%} <ls>SAṂHITOPAN. 36,1</ls>.	sch	
atisaMtata	2-287-c	{#atisaMtata#}¦ <lex>Adj.</lex> {%ununterbrochen%} <ls>RAGH. 8,85</ls>.	sch	
atisadaya	4-291-c	{#atisadaya#}¦ <lex>Adj.</lex> {%sehr barmherzig%} <ls>GĪT. 5,15</ls>.	sch	
atisamutkruzwa	2-287-c	{#atisamutkruzwa#}¦ <lex>Adj.</lex> {%laut erhoben%} (Geschrei) <ls>R. 6,111,29</ls>.	sch	
atisarUpa	1-285-b	{#atisarUpa#}¦ <lex>Adj.</lex> {%überaus ähnlich%} <ls>NAIṢ. 8,46</ls>.	sch	
atisaspfha	5-241-c	{#atisaspfha#}¦ <lex>Adj.</lex> (<lex>f.</lex> {#A#}) {%grosses Wohlgefallen findend an%} (<ab>Loc.</ab>) <ls>HEM. PAR. 2,32</ls>.	sch	
atisatkfta	6-293-c	{#atisatkfta#}¦ <lex>Adj.</lex> (<lex>f.</lex> {#A#}) {%hoch geehrt%} <ls>R. 2,39,33</ls>.	sch	
atisatvaram	1-285-b	{#atisatvaram#}¦ <lex>Adv.</lex> {%überaus eilig%} <ls>DAŚAK. 42,13</ls>.	sch	
atisaviSaNkam	6-293-c	{#atisaviSaNkam#}¦ <lex>Adv.</lex> {%mit grosser Besorgniss%} <ls>ŚIŚ. 11,32</ls>.	sch	
atisfzwapratibadDa	1-285-b	{#atisfzwapratibadDa#}¦ <lex>Adj.</lex> {%zu lose oder zu fest%} <ls>CARAKA 3,6</ls>.	sch	
atisneha	7-294-c	{#atisneha#}¦ <lex>m.</lex> {%allzugrosse Liebe%} und zugleich {%eine hinreichende Menge Oel%} <ls>R. ed. Bomb. 4,1,116</ls>.	sch	
atisparDin	6-293-c	{#atisparDin#}¦ <lex>Adj.</lex> {%stark um den Vorrang streitend, — wetteifernd%} <ls>MBH. 14,5,5</ls>.	sch	
atisravaRa	4-291-c	{#atisravaRa#}¦ <lex>n.</lex> {%starkes Fliessen%}. {#udarasya#} als Erklärung von {#atIsAra#} {%Durchfall%} <ls><ab>Comm.</ab> zu ĀPAST. ŚR. 9,20,1</ls>.	sch	
atisuBaga	6-293-c	{#atisuBaga#}¦ <lex>Adj.</lex> (<lex>f.</lex> {#A#}) {%überaus hübsch%} <ls>KATHĀS. 28,13</ls>. <ls n="KATHĀS.">44,138</ls>.	sch	
atisugama	6-293-c	{#atisugama#}¦ <lex>Adj.</lex> {%sehr gut gangbar%} <ls>KATHĀS. 19,64</ls>.	sch	
atisuvftta	6-293-c	{#atisuvftta#}¦ <lex>Adj.</lex> 1〉 {%sehr hübsch rund%} <ls>Spr. 4961</ls>. — 2〉 {%von sehr gutem Betragen%} <ls>KATHĀS. 29,72</ls>.	sch	
atisvan	1-285-b	{#*atisvan#}¦ <ab>v. l.</ab> für {#atiSvan#} <is>gaṇa</is> {#pakzAdi#} in der <ls>KĀŚ.</ls>	sch	
atitApa	6-293-a	{#atitApa#}¦ <lex>m.</lex> {%grosse —, zu grosse Hitze%} <ls>MĀRK. P. 99,3</ls>. <ls n="MĀRK. P. 99,">9</ls>.	sch	
atitUrRam	3-247-c	{#atitUrRam#}¦ <lex>Adv.</lex> {%sehr —, allzu rasch%} <ls>VIṢṆUS. 63,11</ls>.	sch	
atitarpaRa	5-241-a	{#atitarpaRa#}¦ <lex>n.</lex> {%Uebersättigung%} <ls>BHĀVAPR. (<ab>Hdschr.</ab>) 36,b</ls> nach <ls>AUFRECHT</ls>.	sch	
atitarza	2-287-b	{#atitarza#}¦ <lex>m.</lex> {%heftiges Verlangen%}.	sch	
atitfpta	1-284-c	{#atitfpta#}¦ <lex>Adj.</lex> {%vollkommen befriedigt%}. <ab>Nom. abstr.</ab> {#˚tA#} <lex>f.</lex> <ls>NAIṢ. 2,49</ls>.	sch	
atitfwparIta	3-247-c	{#atitfwparIta#}¦ <lex>Adj.</lex> {%heftig vom Durst geplagt%} <ls>VP. 4,2,14</ls>.	sch	
atitigma	2-287-b	{#atitigma#}¦ <lex>Adj.</lex> {%überaus scharf%}.	sch	
atitikzA	2-287-b	{#atitikzA#}¦ <lex>f.</lex> {%Ungeduld%} <ls>MBH. 14,36,20</ls>.	sch	
atituNga	3-247-c	{#atituNga#}¦ <lex>Adj.</lex> {%überaus hoch%} <ls>VṚṢABH. 259,a,18</ls>.	sch	
atitud	5-241-a	{#atitud#}¦ <lex>Adj.</lex> {%heftig stossend, — geisselnd%} <ls>ŚIŚ. 19,3</ls>.	sch	
atitundila	3-247-c	{#atitundila#}¦ <lex>Adj.</lex> {%sehr dickbäuchig%} <ls>BĀLAR. 285,13</ls>.	sch	
ativAma	1-285-a	{#ativAma#}¦ <lex>Adj.</lex> {%überaus hart, — grausam gegen%} (<ab>Loc.</ab>) und zugleich {%um Weiber sich nicht kümmernd%} <ls>NAIṢ. 9,93</ls>.	sch	
ativAtsalya	3-248-a	{#ativAtsalya#}¦ <lex>n.</lex> {%übergrosse Zärtlichkeit%} <ls>MAHĀVĪRAC. 18,4</ls> ({#˚vatsalya#} <ab>gedr.</ab>).	sch	
ativEzRava	1-285-a	{#ativEzRava#}¦ <lex>Adj.</lex> {%dem%} <is>Viṣṇu</is> {%sehr ergeben%} <ls>AGNI-P. 19,7</ls>.	sch	
ativEzamya	6-293-b	{#ativEzamya#}¦ <lex>n.</lex> {%grosse Ungleichheit des Bodens%} <ls>Spr. 6239</ls>.	sch	
ativIra	3-248-b	{#ativIra#}¦ <lex>m.</lex> {%ein grosser Held%} <ls>MAHĀVĪRAC. 10,20</ls>.	sch	
ativIrya	1-285-a	{#ativIrya#}¦ <lex>Adj.</lex> {%überaus mächtig%} <ls>HARIV. 1558</ls>.	sch	
ativIryavant	3-248-b	{#ativIryavant#}¦ <lex>Adj.</lex> {%überaus wirksam%} (Heilmittel) <ls>KIR. 2,4</ls>.	sch	
ativallaBa	5-241-b	{#ativallaBa#}¦ auch {%viel lieber als%} (<ab>Abl.</ab>) <ls>HEM. PAR. 1,431</ls>. <ls>BHĀG. P. 9,9,43</ls>. <ab>Nom. abstr.</ab> {#˚tA#} <lex>f.</lex> <ls>PAÑCAT. 221,4</ls>. <ls n="PAÑCAT. 221,">5</ls>.	sch	
ativarIyaMs	5-241-b	{#ativarIyaMs#}¦ <lex>Adj.</lex> {%ganz vorzüglich%} <ls>HEM. PAR. 2,91</ls>.	sch	
ativatsala	3-248-a	{#ativatsala#}¦ <lex>Adj.</lex> (<lex>f.</lex> {#A#}) 1〉 {%überaus zärtlich am Kalbe hängend%} (Kuh) <ls>MBH. 13,70,15</ls>. — 2〉 {%überaus zärtlich%} <ls>KATHĀS. 18,260</ls>.	sch	
ativedanA	6-293-b	{#ativedanA#}¦ <lex>f.</lex> {%heftiger Schmerz%} <ls>KATHĀS. 29,167</ls>.	sch	
ativegavant	6-293-b	{#ativegavant#}¦ <lex>Adj.</lex> {%überaus schnell fliegend%} (Pfeil) <ls>MBH. 3,268,17</ls>.	sch	
ativepaTumant	6-293-b	{#ativepaTumant#}¦ <lex>Adj.</lex> {%heftig zitternd%} <ls>ŚIŚ. 9,77</ls>.	sch	
ativfzya	6-293-b	{#ativfzya#}¦ <lex>Adj.</lex> (<lex>f.</lex> {#A#}) {%stark auf die Potenz wirkend%} <ls>VARĀH. BṚH. S. 76,9</ls>.	sch	
ativiBIzaRa	3-248-b	{#ativiBIzaRa#}¦ <lex>Adj.</lex> {%überaus grausig%} <ls>VP. 4,2,8</ls>.	sch	
ativiBinna	4-291-c	{#ativiBinna#}¦ <lex>Adj.</lex> {%stark durchschossen%} <ls>R. 6,18,44</ls>.	sch	
ativiDe	6-293-b	{#ativi/De#}¦ <ab>Dat.</ab> <ab>Infin.</ab> zu {#vyaD#} mit {#ati#} <ls>ṚV. 5,62,9</ls>.	sch	
ativiGawwita	2-287-c	{#ativiGawwita#}¦ <lex>Adj.</lex> {%stark angestossen, — berührt%}.	sch	
ativiSAla	7-294-a	{#ativiSAla#}¦ <lex>Adj.</lex> {%überaus umfangreich%} <ls>PAÑCĀŚIKĀ (ed. SOLF) 14</ls>.	sch	
ativiSramBa	1-285-a	{#ativiSramBa#}¦ <lex>m.</lex> {%grosses Vertrauen%} <ls>NAIṢ. 2,7</ls>.	sch	
atividvaMs	1-285-a	{#˚atividvaMs#}¦ <lex>Adj.</lex> {%überaus erfahren in%} <ls>HEMĀDRI 1,319,11</ls>.	sch	
ativigarhya	5-241-b	{#ativigarhya#}¦ <lex>Adj.</lex> {%sehr tadelnswerth%}.	sch	
ativigrahin	5-241-b	{#ativigrahin#}¦ <lex>Adj.</lex> {%zu viel Krieg führend%} <ls>KĀM. NĪTIS. 9,74</ls> ({#vidvAnati˚#} zu lesen).	sch	
ativihvala	2-287-c	{#ativihvala#}¦ <lex>Adj.</lex> (<lex>f.</lex> {#A#}) {%sehr ergriffen, überaus bestürzt%} <ls>DAŚAK. (1925) 2,79,22</ls>.	sch	
ativijYa	5-241-b	{#ativijYa#}¦ <lex>Adj.</lex> {%sehr kundig, — gelehrt%} <ls>Verz. d. Oxf. H. 141,a,20</ls>.	sch	
ativiklava	5-241-b	{#ativiklava#}¦ <lex>Adj.</lex> (<lex>f.</lex> {#A#}) {%sehr niedergedrückt, — betrübt%} <ls>HARIV. 7101</ls>. <ls>PRAB. 91,5</ls>.	sch	
ativikrama	2-287-c	{#ativikrama#}¦ <lex>Adj.</lex> {%sehr heldenmüthig%} <ls>MBH. 3,271,56</ls>.	sch	
ativilamba	5-241-b	{#ativilamba#}¦ <lex>m.</lex> {%langes Zögern%}.	sch	
ativilambitam	3-248-b	{#ativilambitam#}¦ <lex>Adv.</lex> in {#nAti˚#}.	sch	
ativimala	1-285-a	{#ativimala#}¦ <lex>Adj.</lex> {%überaus rein%} <ls>NAIṢ. 2,103</ls>.	sch	
ativimanas	5-241-b	{#ativimanas#}¦ <lex>Adj.</lex> {%sehr entmuthigt, ganz verzagt%}.	sch	
ativiparyaya	2-287-c	{#ativiparyaya#}¦ <lex>m.</lex> {%grosse Verkehrtheit%} <ls>KATHĀS. 52,355</ls>.	sch	
ativipraDarza	7-294-a	{#ativipraDarza#}¦ <lex>m.</lex> {%das Anthun eines grossen Leides%} <ls>R. ed. Bomb. 4,24,6</ls>.	sch	
ativiprakarza	3-248-a	{#ativiprakarza#}¦ <lex>m.</lex> {%übergrosse Entfernung%} <ls>MAHĀVĪRAC. 127,10</ls>.	sch	
ativirAjin	5-241-b	{#ativirAjin#}¦ <lex>Adj.</lex> {%überaus prächtig%}.	sch	
ativirUpa	5-241-b	{#ativirUpa#}¦ <lex>Adj.</lex> (<lex>f.</lex> {#A#}) {%sehr missgestaltet, — unförmlich, — hässlich%}.	sch	
ativisaMzWula	5-241-b	{#ativisaMzWula#}¦ <lex>Adj.</lex> {%überaus schwankend%}.	sch	
ativismaya	5-241-c	{#ativismaya#}¦ <lex>Adj.</lex> {%überaus staunenswerth%} <ls>BHĀG. P. 3,13,42</ls>.	sch	
ativismita	6-293-b	{#ativismita#}¦ <lex>Adj.</lex> {%sehr erstaunt%} <ls>MAITRYUP. 4,1</ls>.	sch	
ativisratva	5-241-c	{#ativisratva#}¦ <lex>n.</lex> {%starker muffiger Geruch%}.	sch	
ativistara	5-241-c	<hom>2.</hom> {#ativistara#}¦ <lex>Adj.</lex> (<lex>f.</lex> {#A#}) {%sehr ausführlich%} <ls>Verz. d. Oxf. H. 63,a, No. 111</ls>.	sch	
ativitIrRa	1-285-a	{#ativitIrRa#}¦ <lex>Adj.</lex> {%in hohem Grade gewährt%} <ls>NAIṢ. 5,11</ls>.	sch	
ativitaTa	2-287-c	{#ativitaTa#}¦ <lex>Adj.</lex> {%ganz unnütz%} <ls>GĪT. 7,5</ls>.	sch	
ativitaTavAc	1-285-a	{#ativitaTavAc#}¦ <lex>Adj.</lex> {%stark lügend%} <ls>MUDRĀR. 63,10 (103,3)</ls>.	sch	
ativyAhfta	3-248-b	{#ativyAhfta#}¦ <lex>n.</lex> {%langes Gerede%} <ls>VṚṢABH. 256,a,22</ls>.	sch	
ativyAkula	3-248-b	{#ativyAkula#}¦ <lex>Adj.</lex> {%überaus verwirrt%}. <ab>Nom. abstr.</ab> {#˚tA#} <lex>f.</lex> <ls>VṚṢABH. 10,b,26</ls>.	sch	
ativyaTita	6-293-b	{#ativyaTita#}¦ <lex>Adj.</lex> {%heftig schmerzend%} <ls>BHĀG. P. 5,14,11</ls>.	sch	
ativyapahAra	1-285-a	{#ativyapahAra#}¦ <lex>m.</lex> <ls>ĀPAST.</ls> schlechte Lesart für {#ativyavahAra#}.	sch	
ativyasana	6-293-b	{#ativyasana#}¦ <lex>n.</lex> {%ein grosses Unglück, ein grosser Unfall%} <ls>RĀJAT. 8,791</ls>. <ls>VĀSAV. 276,3</ls>.	sch	
ativyasanin	6-293-b	{#ativyasanin#}¦ <lex>Adj.</lex> {%von einer bösen Neigung stark beherrscht%} <ls>KATHĀS. 43,25</ls>.	sch	
ativyavAya	4-291-c	{#ativyavAya#}¦ <lex>m.</lex> {%übertriebener Geschlechtsgenuss%} <ls>SUŚR. 2,147,7</ls>.	sch	
ativyavAyin	6-293-b	{#ativyavAyin#}¦ <lex>Adj.</lex> {%zu oft den Beischlaf vollziehend%} <ls>CARAKA 6,19</ls>. <ls>SUŚR. 2,445,17</ls>.	sch	
ativyavahAra	1-285-a	{#ativyavahAra#}¦ <lex>m.</lex> {%zu vieler Verkehr%} <ls>ĀPAST. 1,28,4</ls>.	sch	
ativyutpanna	3-248-b	{#ativyutpanna#}¦ <lex>Adj.</lex> {%sehr unterrichtet —, sehr erfahren in%} (<ab>Loc.</ab>).	sch	
atiyAcita	4-291-c	{#atiyAcita#}¦ <lex>Adj.</lex> {%mit Bitten bestürmt%} <ls>Spr. 4384</ls>.	sch	
atodya	2-287-c	{#atodya#}¦ <lex>n.</lex> {%die indische Laute%} <ls>BHĀG. P. ed. Bomb. 4,12,40</ls>. {#A˚#} <ab>v. l.</ab>	sch	
atoya	1-285-b	{#atoya#}¦ <lex>Adj.</lex> (<lex>f.</lex> {#A#}) {%wasserlos%} <ls>HEMĀDRI 1,500,11</ls>.	sch	
atrAsuka	1-285-c	{#a/trAsuka#}¦ <lex>Adj.</lex> {%sich nicht fürchtend%} <ls>MAITR. S. 4,2,3</ls>.	sch	
atrigotrA	3-248-b	{#atrigotrA#}¦ <lex>Adj.</lex> <lex>f.</lex> = <hom>1.</hom> {#Atreya#} 2〉b〉 <ls>VIṢṆUS. 36,1</ls>.	sch	
atrija	1-285-c	{#atrija#}¦ <lex>m.</lex> = <hom>1.</hom> {#Atreya#} 1〉a〉 <ls>CARAKA 1,3</ls>.	sch	
atrinetraprajAta	1-285-c	{#atrinetraprajAta#}¦ <lex>m.</lex> {%der Mond%} <ls>HEMĀDRI 1,432,11</ls>.	sch	
atrivarza	2-288-a	{#atrivarza#}¦ <lex>Adj.</lex> {%noch nicht drei Jahre alt%}.	sch	
attvAya	7-294-d	{#attvA/ya#}¦ <ab>Absol.</ab> von <hom>1.</hom> {#ad#} <ls>MAITR. S. 1,8,5 (121,20)</ls>. Man könnte {#sadattvA/ya#} statt {#ya/dattvA/ya#} vermuthen.	sch	
atucCa	2-287-c	{#atucCa#}¦ <lex>Adj.</lex> {%nicht nichtig%} <ls>SARVAD. 149,20</ls>.	sch	
atulasundara	3-248-b	{#atulasundara#}¦ <lex>Adj.</lex> (<lex>f.</lex> {#I#}) {%unvergleichlich schön%} <ls>KAUTUKAS.</ls>	sch	
atundila	5-241-c	{#atundila#}¦ <lex>Adj.</lex> {%nicht dickbauchig%} <ls>HARṢAC. (1936) 481,11</ls>.	sch	
aturmuhya	4-291-c	{#aturmuhya/#}¦ <lex>n.</lex> <ls>MAITR. S. 2,1,9 (10,18. 19)</ls>. <ls>ROTH</ls> vermuthet {#antarmuhya/#} {%innere Verwirrung%}.	sch	
atuzwikara	7-385-a	{#atuzwikara#}¦ <lex>Adj.</lex> {%Missvergnügen verursachend%} <ls>M. 4,217</ls>.	sch	
atvarita	3-248-b	{#atvarita#}¦ <lex>Adj.</lex> {%nicht eilend%} <ls>GOBH. ŚRĀDDHAK. 5,2</ls>.	sch	
atyAgraha	5-241-c	{#atyAgraha#}¦ <lex>m.</lex> {%heftiges Bestehen auf%} (<ab>Loc.</ab>) <ls>HEM. PAR. 2,118</ls>.	sch	
atyAkulita	1-285-b	{#atyAkulita#}¦ <lex>Adj.</lex> {%sehr verworren%} <ls>LA. 37,17</ls>.	sch	
atyApanna	3-248-b	{#atyApanna#}¦ <lex>Adj.</lex> {%überaus unglücklich%} <ls>MAHĀVĪRAC. 68,8</ls>?.	sch	
atyArti	1-285-b	{#atyArti#}¦ <lex>f.</lex> {%heftiger Schmerz%} <ls>KATHĀS. 52,226</ls>.	sch	
atyAsAdayitavya	7-294-d	{#atyAsAdayitavya#}¦ <lex>Adj.</lex> {%zu durchschreiten, [Page7-295-a] zu betreten%} <ls>R. ed. Bomb. 4,42,22</ls>.	sch	
atyAsaNga	2-287-c	{#atyAsaNga#}¦ <lex>m.</lex> {%heftige Neigung zu%} (<ab>Loc.</ab> oder im [Page2-288-a] <ab>Comp.</ab> vorangehend) <ls>DAŚAK. (1925) 2,83,15. 101,14</ls>.	sch	
atyAsannatA	1-285-b	{#atyAsannatA#}¦ <lex>f.</lex> {%ausserordentliche Nähe%} <ls>SŪRYAS. 12,46</ls>.	sch	
atyAvega	1-285-b	{#atyAvega#}¦ <lex>m.</lex> {%heftige Aufregung%} <ls>PRAB. 92,8</ls>.	sch	
atyOtsukya	1-285-c	{#atyOtsukya#}¦ <lex>n.</lex> {%grosse Ungeduld%} <ls>KATHĀS. 89,55</ls>.	sch	
atyUrjasvala	3-248-b	{#atyUrjasvala#}¦ <lex>Adj.</lex> {%überaus heldenmüthig%} (That) <ls>MAHĀVĪRAC. 103,13</ls>.	sch	
atyaDika	3-248-b	{#atyaDika#}¦ <lex>Adj.</lex> <ls>MBH. 3,1339</ls> fehlerhaft für {#aByaDika#}; <ab>vgl.</ab> <ls n="MBH.">3,33,76</ls>.	sch	
atyabja	1-285-b	{#atyabja#}¦ <lex>Adj.</lex> {%schöner als eine Lotusblüthe%} <ls>NAIṢ. 3,34</ls>.	sch	
atyagnizwomaka	1-285-b	{#atyagnizwomaka#}¦ <lex>m.</lex> = {#atyagnizwoma#} <ls>AGNI-P. 30,5</ls>.	sch	
atyalpabudDi	1-285-b	{#atyalpabudDi#}¦ <lex>Adj.</lex> {%von sehr geringem Verstande%} <ls>MṚCCH. 136,12</ls>.	sch	
atyanUrjita	7-294-d	{#atyanUrjita#}¦ <lex>Adj.</lex> {%ganz und gar entmuthigend%} (die Armuth) <ls>JĀTAKAM. 12,4</ls>.	sch	
atyantABeda	7-294-d	{#atyantABeda#}¦ <lex>m.</lex> {%absolute Identität%} <ls>ANIRUDDHA</ls> zu <ls>SĀṂKHYAS. 1,118</ls>.	sch	
atyasadfSa	1-285-b	{#atyasadfSa#}¦ <lex>Adj.</lex> {%überaus unangemessen%} <ls>NAIṢ. 5,115</ls>.	sch	
atyasahya	7-294-d	{#atyasahya#}¦ <lex>Adj.</lex> {%dem man nicht zu widerstehen vermag, unlenkbar%} <ls>R. ed. Bomb. 2,15,46</ls>.	sch	
atyasita	2-287-c	{#atyasita#}¦ <lex>Adj.</lex> {%überaus schwarz%} <ls>DAŚAK. (1925) 2,112,4</ls>.	sch	
atyatimAtram	2-287-c	{#atyatimAtram#}¦ <lex>Adv.</lex> {%in sehr hohem Grade%} <ls>MBH. 3,12737</ls>. {#hyatimAtram#} besser <ls>ed. Bomb.</ls>	sch	
atyayIBAva	7-294-d	{#atyayIBAva#}¦ <lex>m.</lex> {%das mit Tode Abgehen%} <ls>MBH. 8,35,26</ls>.	sch	
atyayadeSanA	7-294-d	{#atyayadeSanA#}¦ <lex>f.</lex> {%Schuldbekenntniss%} <ls>JĀTAKAM. 21</ls>.	sch	
atyucca	1-285-b	{#atyucca#}¦ <lex>Adj.</lex> {%überaus hoch%} <ls>KATHĀS. 17,135</ls>. <ls>Ind. St. 15,296</ls>.	sch	
atyunmAda	6-294-a	{#atyunmAda#}¦ <lex>Adj.</lex> {%überaus toll, — verrückt%} <ls>MBH. 4,14,27</ls>.	sch	
atyupasaMhfta	6-294-a	{#atyupasaMhfta#}¦ <lex>Adj.</lex> {%zu stark genähert%} <ls>TS. PRĀT. 2,12</ls>.	sch	
atyupasevanA	7-295-a	{#atyupasevanA#}¦ <lex>f.</lex> {%übertriebene Ehrerbietung%} <ls>JĀTAKAM. 23,16</ls>.	sch	
atyutka	1-285-c	{#atyutka#}¦ <lex>Adj.</lex> (<lex>f.</lex> {#A#}) {%ein heftiges Verlangen empfindend%} <ls>KATHĀS. 52,401</ls>. <ls n="KATHĀS.">65,228</ls>.	sch	
atyuzRatA	1-285-c	{#atyuzRatA#}¦ <lex>f.</lex> {%allzugrosse Hitze%} <ls>DAŚAK. 18,14</ls>.	sch	
avAcInabila	1-295-a	{#avAcInabila#}¦ <lex>Adj.</lex> (<lex>f.</lex> {#A#}) {%mit der Oeffnung nach unten%} <ls>TĀṆḌYA-BR. 2,13,1</ls>. <ls n="TĀṆḌYA-BR. 2,13,">2</ls>. <ab>Nom. abstr.</ab> {#˚tva#} <lex>n.</lex> <ab>Comm.</ab>	sch	
avAcyavacanayudDa	1-295-a	{#avAcyavacanayudDa#}¦ <lex>n.</lex> {%ein Wettstreit im Sagen von Unanständigkeiten%} <ls>HARṢAC. 98,23</ls>.	sch	
avAleya	4-295-b	{#avAleya#}¦ (<ls>Nachtr. 1</ls>), wohl richtiger {#avAleya#}.	sch	
avAmana	1-295-a	{#avAmana#}¦ <lex>m.</lex> {%kein Zwerg%} <ls>AGNI-P. 4,10</ls>.	sch	
avAntaraprakfti	4-295-b	{#avAntaraprakfti#}¦ <lex>f.</lex> {%relative%} oder {%partielle Norm%}.	sch	
avAraka	1-295-a	{#avAraka#}¦ (?) <ls>MĀRK. P. 49,17</ls>.	sch	
avAryamARa	7-311-c	{#avAryamARa#}¦ <lex>Adj.</lex> {%nicht zurückgehalten, ungehindert%} <ls>R. ed. Bomb. 4,33,18</ls>.	sch	
avAtsalya	3-254-b	{#avAtsalya#}¦ <lex>n.</lex> {%Mangel an Mutterliebe%} <ls>SUŚR. 1,372,10</ls>.	sch	
avEdeSI	6-296-b	{#avEdeSI#}¦ <lex>f.</lex> {%eine nicht-locale Getrenntheit%} (?) <ls>ŚĀṄKH. ŚR. 13,24,14</ls>.	sch	
avEkfta	6-296-b	{#avEkfta#}¦ <lex>Adj.</lex> (<lex>f.</lex> {#A#}) {%nicht entstellt%} <ls>KATHĀS. 123,24</ls>.	sch	
avErin	6-296-b	{#avErin#}¦ <lex>Adj.</lex> {%nicht feindlich gesinnt%} <ls>BHĀG. P. 6,5,39</ls>.	sch	
avEvartacakra	7-312-c	{#*avEvartacakra#}¦ <lex>n.</lex> Titel eines Werkes <ls>MAHĀVY. 651</ls>.	sch	
avIrahatya	3-254-b	{#avIrahatya#}¦ <lex>n.</lex> {%kein Männermord%} <ls>ĀPAST. ŚR. 5,27,1</ls>.	sch	
avIrasTa	6-296-a	{#avIrasTa#}¦ <lex>Adj.</lex> {%keinem Helden stehend, feig%} <ls>KĀṬH. 12,8</ls>.	sch	
avIryavant	1-295-a	{#a/vIryavant#}¦ <lex>Adj.</lex> {%schwach, machtlos%} <ls>MAITR. S. 3,8,1</ls>.	sch	
avaDAnavant	1-294-b	{#avaDAnavant#}¦ <lex>Adj.</lex> {%aufmerksam%}. <ab>Nom. abstr.</ab> {#˚vattA#} <lex>f.</lex> <ls><ab>Comm.</ab> zu NAIṢ. 8,9</ls>.	sch	
avaSarDayitar	3-254-b	{#avaSarDayitar#}¦ <ab>Nom. ag.</ab> {%auf Jmd farzend%} <ls>VIṢṆUS. 5,22</ls>.	sch	
avaYcaka	5-246-a	{#avaYcaka#}¦ <lex>Adj.</lex> {%nicht betrügend, ehrlich%}.	sch	
avaYcita	5-246-a	{#avaYcita#}¦ <lex>Adj.</lex> {%nicht angeführt, — getäuscht, — hintergangen, — betrogen, — um%} (<ab>Loc.</ab>).	sch	
avacCedakatattvanirukti	2-292-a	{#avacCedakatattvanirukti#} <lex>f.</lex>, {#˚CedakatAnirukti#} <lex>f.</lex>, {#˚CedakatAmAlA#} <lex>f.</lex>, {#˚CedakatAleSa#} <lex>m.</lex>, {#˚CedakatAvAda#} <lex>m.</lex> und {#˚CedakatAsAra#}¦ Titel von Werken <ls	sch	
avacitapUrva	3-254-a	{#avacitapUrva#}¦ <lex>Adj.</lex> <ls>ŚĀK. (PISCH.) 116</ls> falsche Lesart für {#racitapUrva#}.	sch	
avadravya	5-246-a	{#*avadravya#}¦ <lex>n.</lex> <ab>v. l.</ab> für {#apadravya#} <ls>ZACH. Beitr.</ls>	sch	Y
avagaRanA	5-246-a	{#*avagaRanA#}¦ <lex>f.</lex> {%Geringschätzung, Verachtung%} <ls>DEŚĪN. 1,17</ls>.	sch	
avagataraSmivant	2-292-a	{#avagataraSmivant#}¦ <ls>Ind. St. 10,318</ls> fehlerhaft für {#apagata˚#}.	sch	
avahant	5-246-b	{#avahant#}¦ <lex>Adj.</lex> {%nicht fliessend, stehend%} (Wasser) <ls>ĀŚV. GṚHY. 4,4,10</ls>.	sch	
avahasita	6-295-c	{#avahasita#}¦ 1〉 <lex>Adj.</lex> <ab>s. u.</ab> <hom>2.</hom> {#has#} mit {#ava#}. — 2〉 <lex>n.</lex> [Page6-296-a] {%ein Lachen, bei dem Kopf und Schultern in Bewegung gerathen,%} <ls>SĀH. D. 86,11</ls>.	sch	
avahitatva	1-295-a	{#avahitatva#}¦ <lex>n.</lex> {%Aufmerksamkeit%} <ls>NAIṢ. 5,19</ls>.	sch	
avakarRana	7-386-b	{#avakarRana#}¦ <lex>n.</lex> {%das in den Wind Schlagen%} <ls>KĀD. (1883) 108,3. 4</ls>.	sch	
avakarRaprAvfta	5-246-a	{#avakarRaprAvfta#}¦ <lex>Adj.</lex> {%verhüllt mit Ausschluss der Ohren%} <ls>ĀPAST. ŚR. 13,15,5</ls>. <ab>Vgl.</ab> {#sakarRaprAvfta#}.	sch	
avakowaka	5-246-a	{#avakowaka#}¦ <lex>m.</lex> {%<bot>Ardea nivea</bot>%} <ls>VĀSAV. 99,1</ls>.	sch	
avakracetas	5-246-a	{#avakracetas#}¦ <lex>Adj.</lex> {%geraden Sinnes%} <ls>KAṬHOP. 5,1</ls>.	sch	
avakraga	5-246-a	{#avakraga#}¦ <lex>Adj.</lex> {%gerades Weges gehend%} (<ab>eig.</ab> und <ab>übertr.</ab>) <ls>KATHĀS. 27,156</ls>.	sch	
avalagana	2-292-a	{#avalagana#}¦ <lex>n.</lex> {%das Gewinnen Jmds%} <ls>HEM. PAR. 8,12</ls>.	sch	
avalambanaka	1-294-c	{#avalambanaka#}¦ <lex>n.</lex> {%Halt, Stütze%} <ls><ab>ebend.</ab> 1,191,22</ls>.	sch	
avalambya	1-294-c	{#avalambya#}¦ <lex>Adj.</lex> {%anzuhängen%} <ls><ab>ebend.</ab> 1,173,11. 16. 177,13</ls>.	sch	
avalepavant	5-246-b	{#avalepavant#}¦ <lex>Adj.</lex> {%hochmüthig%} <ls>DAŚAK. 90,19</ls>.	sch	
avalgu	5-246-b	{#avalgu#}¦ <lex>Adj.</lex> {%nicht schön, unangenehm;%} <lex>n.</lex> {%Schlimmes%} <ls>BHAṬṬ. 12,66</ls>.	sch	
avamfdya	5-246-b	{#avamfdya#}¦ in {#anavamfdya#} oben.	sch	
avamya	6-295-c	{#avamya#}¦ <lex>Adj.</lex> {%den man nicht vomiren lassen darf%} <ls>CARAKA 6,4</ls>.	sch	
avanDyaprasAda	4-295-b	{#avanDyaprasAda#}¦ <lex>Adj.</lex> {%dessen Gunst nicht ohne gute Folgen ist%}. <ab>Nom. abstr.</ab> {#˚tva#} <lex>n.</lex> <ls>RĀJAT. 1,78</ls>.	sch	
avanIBuj	1-294-c	{#avanIBuj#}¦ <lex>m.</lex> {%Fürst, König%} <ls>NAIṢ. 1,107</ls>.	sch	
avanaha	7-310-d	{#*avanaha#}¦ <lex>m.</lex> {%Ausstopfung%} <ls>MAHĀVY. 261,90</ls>.	sch	
avanatI	3-254-a	{#avanatI#}¦ <lex>Adv.</lex> mit {#BU#} {%sich verneigen%} <ls>R. 7,23,1,60</ls>.	sch	
avanektar	3-254-a	{#avanektar#}¦ <ab>Nom. ag.</ab> {%Wäscher%} in {#pAdAvanektar#}.	sch	
avanipAtam	1-294-c	{#avanipAtam#}¦ <ab>Absol.</ab> mit {#pat#} {%zu Boden fallen%} <ls>DAŚAK. 48,13</ls>.	sch	
avantIkumAra	1-294-c	{#avantIkumAra#}¦ <lex>m.</lex> <ab>N. pr.</ab> des Gründers von <is>Avantī</is> <ls>Ind. St. 15,269</ls>.	sch	
avantIpurI	1-294-c	{#avantIpurI#}¦ <lex>f.</lex> = {#avantI#} 1〉 <ls>Ind. St. 15,313</ls>.	sch	
avantIsukumAla	1-294-c	{#avantIsukumAla#}¦ <lex>m.</lex> <ab>N. pr.</ab> eines Mannes <ls>Ind. St. 15,290. fg.</ls>	sch	
avantisenA	5-246-a	{#avantisenA#}¦ <lex>f.</lex> ein Frauenname <ls>VĀSAV. 225,3</ls>.	sch	
avantisukumAla	2-292-a	{#avantisukumAla#}¦ <lex>m.</lex> <ab>N. pr.</ab> eines Mannes <ls>HEM. PAR. 11,134</ls>. <ab>Vgl.</ab> {#avantI˚#}. (<ls>Nachtr.</ls>).	sch	
avapAkin	6-295-c	{#avapAkin#}¦ <lex>Adj.</lex> <ls>CARAKA 1,27</ls> fehlerhaft für {#avipAkin#}.	sch	
avapadas	1-294-c	{#avapa/das#}¦ <ab>Abl.</ab> <ab>Inf.</ab> mit {#trA#} {%vor dem Herabfallen schützen%} <ls>ṚV. 2,29,6</ls>.	sch	
avapfzWI	7-386-b	{#avapfzWI#}¦ <lex>Adv.</lex> mit {#BU#} <ls>DIVYĀVAD. 326,1</ls>. <ab>Vgl.</ab> {#pfzWI#}.	sch	
avarRI	2-292-a	{#avarRI#} und {#˚SikzA#}¦ <lex>f.</lex> Titel von Werken <ls>OPP. Cat. 1</ls>.	sch	
avaracAmara	7-311-a	{#*avaracAmara#}¦ <lex>m.</lex> <ab>N. pr.</ab> eines <is>Dvīpa</is> <ls>MAHĀVY. 154</ls>.	sch	
avaroDarakzA	7-311-a	{#avaroDarakzA#}¦ <lex>f.</lex> {%Haremswärterin%} <ls>DHARMAŚARMĀBHY. 17,57</ls>.	sch	
avaruRagfhIta	1-294-c	{#a/varuRagfhIta#}¦ <lex>Adj.</lex> {%nicht von%} <is>Varuṇa</is> {%ergriffen%} <ls>MAITR. S. 1,10,12</ls>. <ls n="MAITR. S.">2,5,6</ls>.	sch	
avaruRagrAha	5-246-b	{#a/varuRagrAha#}¦ <lex>m.</lex> {%das Nichtergriffenwerden von%} <is>Varuṇa</is>.	sch	
avarudDatva	5-246-b	{#avarudDatva#}¦ <lex>n.</lex> {%das Eingesperrtsein%}. {#tAmavarudDatvamanEzIt#} so <ab>v. a.</ab> {%sperrte sie in seinem Harem ein%} <ls>RĀJAT. 4,677</ls>.	sch	
avarzatarkya	7-311-a	{#avarzatarkya#}¦, <ab>Loc.</ab> {%wenn kein Regen zu erwarten ist,%} so <ab>v. a.</ab> {%bei heiterem Himmel%} <ls>ĀPAST. GṚHY. 23,8</ls>. <ab>v. l.</ab> {#˚tarke#} wohl besser.	sch	
avarzizyant	2-292-a	{#avarzizyant#}¦ <lex>Adj.</lex> (<lex>f.</lex> {#˚ntI#}) {%nicht nach Regen aussehend%} (Himmel) <ls>KĀṬH. 25,10</ls>.	sch	
avasAnapati	5-246-b	{#avasAnapati#}¦ <lex>m.</lex> {%Herr des Ruheortes%} <ls>ĀPAST. ŚR. 9,16,7</ls>.	sch	
avasTiticApala	4-295-b	{#avasTiticApala#}¦ zu streichen; <ab>vgl.</ab> {#badDAvasTiti#}.	sch	
avaskAra	7-311-b	{#avaskAra#}¦ <lex>m.</lex> = {#avaskara#} 3〉 <ls>SĀY.</ls> zu <ls>AIT. BR. 3,26,3</ls>. Vielleicht nur fehlerhaft.	sch	
avasnAna	5-246-b	{#*avasnAna#}¦ <lex>n.</lex> {%Mehl von Linsen%} <ab>u. s. w.</ab> <ls>DEŚĪN. 2,110</ls>.	sch	
avastrI	5-246-b	{#avastrI#}¦ <lex>Adv.</lex> mit {#kar#} {%der Kleider berauben%} <ls>VĀSAV. 196,1</ls>. Vom <ab>Comm.</ab> auch auf verschiedene andere Weisen künstlich erklärt.	sch	
avastrada	5-246-b	{#avastrada#}¦ <lex>Adj.</lex> {%keine Gewänder schenkend%} <ls>MBH. 3,200,51</ls>.	sch	
avastupatita	3-254-b	{#avastupatita#}¦ <lex>Adj.</lex> {%nicht körperlich geworden%} <ls>VAJRACCH. 32,18</ls>. <ls n="VAJRACCH. 32,">19</ls>.	sch	
avasvadvant	1-294-c	{#a/vasvadvant#}¦ <lex>Adj.</lex> {%mit Strebenden vereint%} <ls>MAITR. S. 2,6,3</ls>.	sch	
avasyuvAta	5-246-b	{#avasyu/vAta#}¦ <lex>Adj.</lex> (<lex>f.</lex> {#A#}) <ls>TS. 4,4,12,3</ls> nach dem <ab>Comm.</ab> = {#rakzayitAro vAyavo yasya#}.	sch	
avatAraRikA	5-246-a	{#avatAraRikA#}¦ <lex>f.</lex> {%Einleitung%} <ls>CAṆḌĪDĀSA</ls> zu <ls>KĀVYAPR. 1,1</ls> (nach <ls>AUFRECHT</ls>).	sch	
avataMsay	1-294-b	{#avataMsay#}¦ {%als Kranz verwenden%}. {#SUlAvataMsita#} so <ab>v. a.</ab> {%gepfählt%} <ls>DAŚAK. 41,16</ls>.	sch	
avayE	1-294-c	{#avayE/#}¦ <ab>Dat.</ab> <ab>Inf.</ab> {%fortzugehen%} <ls>ṚV. 8,47,12</ls>.	sch	
avazwabDatva	6-295-c	{#avazwabDatva#}¦ <lex>n.</lex> {%Steifheit, Starrheit%} <ls>ŚAṂK.</ls> zu <ls>BṚH. ĀR. UP. S. 282</ls>.	sch	
avazwamBanatA	7-311-b	{#*avazwamBanatA#}¦ <lex>f.</lex> {%das Sichstützen auf%} (<ab>Loc.</ab>) <ls>MAHĀVY. 192</ls> ({#daRqe 'va˚#} zu lesen).	sch	
avedanIya	1-295-b	{#avedanIya#}¦ <lex>Adj.</lex> {%unerkennbar%} <ls>HEMĀDRI 1,209,16</ls>.	sch	
avedita	5-247-c	{#avedita#}¦ <lex>Adj.</lex> <ls>KATHĀS. 123,158</ls> fehlerhaft für {#avidita#}.	sch	
aviBinnakAlam	1-295-a	{#aviBinnakAlam#}¦ <lex>Adv.</lex> {%zu derselben Zeit%} <ls>MUDRĀR. 63,15 (103,8)</ls>.	sch	
aviDfta	3-254-b	{#aviDfta#}¦ <lex>Adj.</lex> {%unaufgehalten, unaufhaltsam%} <ls>MBH. 1,1,250</ls>.	sch	
aviDijYa	1-295-a	{#aviDijYa#}¦ <lex>Adj.</lex> {%die Vorchrift nicht kennend%} <ls>HEMĀDRI 1,471,13</ls>.	sch	
aviSAla	5-247-b	{#aviSAla#}¦ <lex>Adj.</lex> (<lex>f.</lex> {#A#}) {%nicht gross%} (Verstand).	sch	
aviSArada	5-247-b	{#aviSArada#}¦ <lex>Adj.</lex> {%nicht vertraut mit%} (<ab>Gen.</ab>) <ls>MBH. 7,135,6</ls>.	sch	
aviSaNkin	5-247-b	{#˚aviSaNkin#}¦ <lex>Adj.</lex> {%nicht vermuthend, — voraussetzend%} <ls>KATHĀS. 40,72</ls>.	sch	
aviSoDana	3-254-b	{#aviSoDana#}¦ <lex>n.</lex> {%das Unentschiedenbleiben%} <ls>VIṢṆUS. 11,9</ls>.	sch	
aviSrARita	6-296-a	{#aviSrARita#}¦ <lex>Adj.</lex> {%nicht verschenkt%} <ls>R. 2,32,35</ls>.	sch	
aviSramant	6-296-a	{#aviSramant#}¦ <lex>Adj.</lex> {%nicht ausruhend, ununterbrochen bei Etwas verweilend%} <ls>MĀRK. P. 133,17</ls>.	sch	
aviSvAsya	5-247-b	{#aviSvAsya#}¦ <lex>Adj.</lex> {%kein Vertrauen verdienend, — einflössend%}.	sch	
avibruvant	4-295-b	{#avibruvant#}¦ <lex>Adj.</lex> 1〉 {%Etwas%} (<ab>Acc.</ab>) {%nicht aussagend%} <ls>MBH. 15,8,24</ls>. {%nicht Etwas%} (<ab>Acc.</ab>) {%zu Jmd%} (<ab>Acc.</ab>) {%sagend%} <ls n="MBH.">1,83,26</ls>. — 2〉 {%seine Meinun	sch	
avicalant	1-295-a	{#avicalant#}¦ <lex>Adj.</lex> {%sich nicht bewegend%} <ls>NAIṢ. 4,93</ls>.	sch	
avicezwant	2-292-b	{#avicezwant#}¦ <lex>Adj.</lex> {%sich nicht rührend, unbeweglich%} <ls>MBH. 13,40,58</ls>.	sch	
avicintayant	7-386-c	{#avicintayant#}¦ <lex>Adj.</lex> {%nicht bedenkend%} <ls>MBH. 13,1,21</ls>.	sch	
avid	5-247-a	{#avid#}¦ <lex>Adj.</lex> {%unwissend%} <ls>BHĀG. P. 3,10,19</ls>.	sch	
avidDakarRa	6-296-a	{#avidDakarRa#}¦ <lex>Adj.</lex> {%dessen Ohren nicht getroffen werden von%} (<ab>Instr.</ab>), so <ab>v. a.</ab> {%taub für%} <ls>KṢEM. 1,25</ls>.	sch	
avidyaka	6-296-a	{#avidyaka#}¦ <lex>Adj.</lex> {%aus Unwissenheit bestehend%} <ls><ab>Comm.</ab> zu KAP. 6,46</ls>.	sch	
avigaRita	7-311-d	{#avigaRita#}¦ <lex>Adj.</lex> {%nicht in Betracht gezogen, nicht richtig erwogen%} <ls>JĀTAKAM. 27,25</ls>. <ls n="JĀTAKAM. 27,">23</ls>.	sch	
avihiMsant	5-247-c	{#avihiMsant#}¦ <lex>Adj.</lex> {%der Niemand ein Leid zufügt%} <ls>MBH. 12,265,13</ls>.	sch	
avijYAtaprAyaScitta	6-296-a	{#avijYAtaprAyaScitta#}¦ <lex>Adj.</lex> (ein Opfer) {%bei dem die Sühne für im Verlauf desselben begangene Fehler nicht angegeben ist%} <ls>ĀPAST. ŚR. 14,17,1</ls>.	sch	
avijYapti	7-311-d	{#*avijYapti#}¦ <lex>f.</lex> {%das Nichtzuerkennengeben, Nichtäusserung%} (einer Regung) <ls>MAHĀVY. 101</ls>.	sch	
avikANkzA	5-246-c	{#avikANkzA#}¦ <lex>f.</lex> {%kein Bedenken%}. <ab>Instr.</ab> {%ohne <ab n="Bedenken">B.</ab>%}	sch	
avikAravant	4-295-b	{#avikAravant#}¦ <lex>Adj.</lex> {%keine Wandelungen zeigend, stets sich gleich bleibend%}.	sch	
avikAsaBAva	5-246-c	{#avikAsaBAva#}¦ <lex>m.</lex> {%das Unaufgeblühtsein%} <ls>KUMĀRAS. 3,29</ls> ({#avikASa˚#} <ab>gedr.</ab>).	sch	
avikampita	1-295-a	{#avikampita#}¦ <lex>Adj.</lex> {%nicht zitternd, unerschüttert%} <ls>KATHĀS. 60,183</ls>.	sch	
avikatTin	5-246-c	{#avikatTin#}¦ <lex>Adj.</lex> {%nicht prahlend%} <ls>Spr. 6233</ls>.	sch	
avilIna	5-247-b	{#avilIna#}¦ <lex>Adj.</lex> {%nicht zu Nichte geworden%}. Mit {#BU#} so <ab>v. a.</ab> {%leben bleiben, leben%} <ls>UTTARAR. 124,12 (168,7)</ls>.	sch	
avilepanin	5-247-b	{#avilepanin#}¦ <lex>Adj.</lex> {%ungesalbt%}.	sch	
avilepin	5-247-b	{#avilepin#}¦ <lex>Adj.</lex> {%nicht klebrig%}.	sch	
avilolupa	5-247-b	{#avilolupa#}¦ <lex>Adj.</lex> (<lex>f.</lex> {#A#}) <ab>s.</ab> {#vilolupa#}.	sch	
avimAnanA	5-247-a	{#avimAnanA#}¦ <lex>f.</lex> {%keine geringschätzige Behandlung%}.	sch	
avimalapraBa	5-247-a	{#avimalapraBa#}¦ <lex>m.</lex> <ab>N. pr.</ab> eines <is>Devaputra</is> <ls>LALIT. 334,2</ls>. <ab>v. l.</ab> {#vimala˚#}.	sch	
avimfzwaviDeyAMSa	5-247-a	{#avimfzwaviDeyAMSa#} <lex>n.</lex> (<ls>PRATĀPAR. 61,a,8</ls>. <ls n="PRATĀPAR. 61,">b,4</ls>) und {#˚BAva#} <lex>m.</lex> (<ls>SĀH. D. 574</ls>)¦ {%unmotivirte Bezeichnung einer kleineren Zahl durch Theilung einer grös	sch	
avindant	5-247-a	{#avindant#}¦ <lex>Adj.</lex> {%nicht findend, — ausfindig machend%} <ls>M. 8,109</ls>.	sch	
aviniryant	1-295-a	{#aviniryant#}¦ <lex>Adj.</lex> (<lex>f.</lex> {#˚tI#}) {%nicht hinausgehend%} <ls>NAIṢ. 4,24</ls>.	sch	
aviniyoga	5-247-a	{#aviniyoga#}¦ <lex>m.</lex> {%Nichtanwendung%}.	sch	
avipAkin	6-296-a	{#avipAkin#}¦ <lex>Adj.</lex> {%nicht schwer zu verdauen%} <ls>CARAKA 1,27</ls> ({#avapAkin#} <ab>gedr.</ab>).	sch	
avipAwana	6-296-a	{#avipAwana#}¦ <lex>n.</lex> {%kein Reissen, kein reissender Schmerz%} <ls>CARAKA 3,2</ls>.	sch	
avipadyant	3-254-b	{#avipadyant#}¦ <lex>Adj.</lex> {%nicht zu Nichte werdend, — sterbend%} <ls>BHĀG. P. 6,1,8</ls>.	sch	
avipariRAmavartin	7-312-a	{#*avipariRAmavartin#}¦ <lex>Adj.</lex> {%nicht der Veränderung%} oder {%Umwandlung unterworfen%} <ls>MAHĀVY. 245,881</ls>.	sch	
aviparyAsa	5-247-a	{#aviparyAsa#}¦ <lex>m.</lex> {%keine Vertauschung, — Verkehrung%} <ls>SĀY.</ls> zu <ls>ṚV. 10,18,5</ls>.	sch	
avipramoha	5-247-a	{#avipramoha#}¦ <lex>m.</lex> {%das Nichtbegehen eines Fehlers, das kein Versehen Machen%}.	sch	
avirAgin	5-247-b	{#avirAgin#}¦ <lex>Adj.</lex> {%nicht gleichgültig, für Alles Interesse habend%} <ls>R. 5,33,30</ls>.	sch	
avirAj	7-312-b	{#avirAj#}¦ <lex>f.</lex> {%ein anderes Metrum als%} <is>Virāj</is> <ls>AIT. BR. 3,22,10</ls>.	sch	
avirAwsaMpanna	6-296-a	{#avirAwsaMpanna#}¦ <lex>Adj.</lex> {%nicht mit einer Zehnzahl verbunden%} <ls>LĀṬY. 10,3,9</ls>.	sch	
aviroDana	5-247-b	{#aviroDana#}¦ <lex>n.</lex> {%das Nichthadern, friedliches Verhältniss%}.	sch	
aviroDavant	5-247-b	{#aviroDavant#}¦ <lex>Adj.</lex> {%Nichts beeinträchtigend%}.	sch	
aviskanttar	6-296-a	{#aviskanttar#}¦ <ab>Nom. ag.</ab> {%nicht hinundher hüpfend%} <ls>BHAṬṬ. 9,64</ls>.	sch	
avismaya	7-312-c	{#avismaya#}¦ <lex>m.</lex> {%Abwesenheit alles Stolzes, Demuth%} <ls>JĀTAKAM. 7,6</ls>.	sch	
avisrasta	6-296-a	{#avisrasta#}¦ <lex>Adj.</lex> {%nicht auseinandergefallen, — aufgelöst%} <ls>AIT. BR. 6,23,13</ls>.	sch	
avitaTavAc	6-296-a	{#avitaTavAc#}¦ <lex>Adj.</lex> {%nicht unwahr redend%} <ls>MUDRĀR. 63,10</ls> (<ls n="MUDRĀR.">103,3</ls>).	sch	
avitarkayant	1-295-a	{#avitarkayant#}¦ <lex>Adj.</lex> {%sich nicht lange bedenkend%} <ls>HEMĀDRI 1,685,2</ls>.	sch	
avitfptaka	5-247-a	{#avitfptaka#}¦ <lex>Adj.</lex> {%der sich noch nicht gesättigt hat an%} (<ab>Gen.</ab>) <ls>Spr. 6692</ls>.	sch	
avitfz	5-247-a	{#avitfz#}¦ <lex>Adj.</lex> {%dessen Durst —, Verlangen nicht gestillt werden kann%} <ls>BHĀG. P. 4,29,40</ls>.	sch	
avitfza	5-247-a	{#avitfza#}¦ <lex>Adj.</lex> <ab>dass.</ab> <ls>BHĀG. P. 10,51,59</ls>.	sch	
avitrasta	2-292-b	{#avitrasta#}¦ <lex>Adj.</lex> {%unerschrocken%}.	sch	
avizAditA	7-312-c	{#avizAditA#}¦ <lex>f.</lex> = {#avizAditva#} <ls>JĀTAKAM. 5</ls>.	sch	
avizamaya	5-247-b	{#avizamaya#}¦ <lex>Adj.</lex> {%nicht gifthaltig, — giftig%} <ls>BHĀG. P. 3,15,29</ls>.	sch	
avizuvatka	6-296-a	{#avizuvatka#}¦ <lex>Adj.</lex> {%ohne Mitteltag%} <ls>LĀṬY. 10,14,9</ls>.	sch	
avizyandayant	6-296-a	{#avizyandayant#}¦ <lex>Adj.</lex> {%nicht überfliessen lassend%} <ls>ĀPAST. ŚR. 1,13,10</ls>.	sch	
avyADija	1-295-b	{#avyADija#}¦ <lex>Adj.</lex> {%Nichts mit einer Krankheit zu thun habend%} <ls>MBH. 2,64,18</ls>.	sch	
avyAharant	6-296-b	{#avyAharant#}¦ <lex>Adj.</lex> {%keinen Laut von sich gebend%} <ls>KĀTY. ŚR. 5,6,39</ls>.	sch	
avyApakavizayatASUnyatvapattra	2-292-b	{#avyApakavizayatASUnyatvapattra#}¦ <lex>n.</lex> Titel eines Werkes <ls>OPP. Cat. 1</ls>.	sch	
avyAtta	1-295-b	{#avyAtta#}¦ <lex>Adj.</lex> {%nicht geöffnet%}. Mund <ls>AGNI-P. 44,19</ls>.	sch	
avyAyuka	1-295-b	{#a/vyAyuka#}¦ <lex>Adj.</lex> {%nicht entlaufend%} <ls>MAITR. S. 4,1,5</ls>.	sch	
avyaktamaya	6-296-b	{#avyaktamaya#}¦ <lex>Adj.</lex> (<lex>f.</lex> {#I#}) {%das Uebersinnliche betreffend%} ({#vidyA#}) <ls>MBH. 12,237</ls>. <ls n="MBH. 12,">28</ls>.	sch	
avyantIkfta	7-312-d	{#*avyantIkfta#}¦ <lex>Adj.</lex> {%nicht entfernt, — entlassen%} <ls>MAHĀVY. 245,637</ls>.	sch	
avyatihAra	6-296-b	{#avyatihAra#}¦ <lex>m.</lex> {%Nichtvertauschung%} <ls>KĀṬH. 27,1</ls>.	sch	
avyatiharant	6-296-b	{#avyatiharant#}¦ <lex>Adj.</lex> {%nicht gegenseitig versetzend%} <ls>GOBH. 4,7,40</ls>.	sch	
avyatirikta	5-247-c	{#˚avyatirikta#}¦ 1〉 {%nicht getrennt von%} <ls>KATHĀS. 33,70</ls>. — 2〉 {%nicht verschieden von%}. <ab>Nom. abstr.</ab> {#˚tva#} <lex>n.</lex> <ls>SARVAD. 113,1</ls>.	sch	
avyavaDAyaka	5-247-c	{#avyavaDAyaka#}¦ <lex>Adj.</lex> {%nicht dazwischentretend%}. <ab>Nom. abstr.</ab> {#˚tva#} <lex>n.</lex> <ls>SĀY.</ls> zu <ls>ṚV. 1,13,1</ls>.	sch	
avyavahitatA	3-254-b	{#avyavahitatA#}¦ <lex>f.</lex> {%Ununterbrochenheit%}. <ab>Instr.</ab> {%ununterbrochen%} <ls>VṚṢABH. 79</ls>.	sch	
avyavasTAna	6-296-b	{#avyavasTAna#}¦ <lex>n.</lex> {%Nichtstandhaftigkeit%} <ls>MBH. 9,31,24</ls>.	sch	
avyavasTitacitta	1-295-b	{#avyavasTitacitta#}¦ <lex>Adj.</lex> {%unbeständigen Sinnes%} <ls>Spr. 1988</ls>.	sch	
avyayavftti	1-295-b	{#avyayavftti#}¦ <lex>f.</lex> Titel eines Werkes <ls>BÜHLER, Rep. No. 272</ls>.	sch	
avyutkrAnta	1-295-b	{#avyutkrAnta#}¦ <lex>Adj.</lex> {%keiner Uebertretung schuldig,%} mit <ab>Loc.</ab> <ls>HEMĀDRI 1,32,5</ls>.	sch	
avyutpattimant	6-296-b	{#avyutpattimant#}¦ <lex>Adj.</lex> {%ohne Ableitung, — Etymologie%} <ls>SARASVATĪK. 5,3</ls>.	sch	
avyutsfjant	5-247-c	{#avyutsfjant#}¦ <lex>Adj.</lex> {%nicht aus der Hand gebend%} <ls>ĀPAST. ŚR. 12,25</ls>. <ls n="ĀPAST. ŚR. 12,">2</ls>.	sch	
awwapAla	3-247-c	{#awwapAla#}¦ <lex>m.</lex> etwa {%Marktaufseher%} <ls>VET. (U.) S. 121</ls> zu 〔17,2〕.	sch	
ayAcitar	2-291-b	{#ayAcitar#}¦ <ab>Nom. ag.</ab> {%nicht bittend, — werbend%} <ls>KUMĀRAS. 1,53</ls>.	sch	
ayAcya	1-293-b	{#ayAcya#}¦ <lex>Adj.</lex> {%nicht mit einer Bitte anzugehen von%} (<ab>Gen.</ab>) <ls>Ind. St. 15,329</ls>.	sch	
ayAdava	4-295-a	{#ayAdava#}¦ <lex>Adj.</lex> (<lex>f.</lex> {#I#}) {%von den%} <is>Yādava</is> {%befreit%}.	sch	
ayaHSalmalIvana	7-308-a	{#*ayaHSalmalIvana#}¦ <lex>n.</lex> {%eine <ab>best.</ab> Hölle%} <ls>MAHĀVY. 215</ls>.	sch	
ayaHkIlaka	5-244-c	{#ayaHkIlaka#}¦ <lex>m.</lex> {%ein eiserner Bolzen%} <ls><ab>Comm.</ab> zu KĀTY. ŚR. 4,8,26</ls>. <ab>Vgl.</ab> {#ayaskIla#} <ls>Nachtr. 1</ls>.	sch	
ayaSoDvaja	7-308-a	{#ayaSoDvaja#}¦ <lex>m.</lex> {%Zeichen der Schande%} <ls>JĀTAKAM. 26,31</ls>.	sch	
ayajYavAhin	4-294-c	{#ayajYavAhin#}¦ <lex>Adj.</lex> {%keine Opfer zu den Göttern führend%} <ls>MBH. 13,18,22</ls>.	sch	
ayajYopavItin	3-253-b	{#ayajYopavItin#}¦ <lex>Adj.</lex> {%ohne Opferschnur%} <ls>MĀN. ŚR. 11,1</ls>.	sch	
ayajurvedaDArin	7-307-d	{#ayajurvedaDArin#}¦ <lex>Adj.</lex> {%den%} <is>Yajurveda</is> {%nicht im Gedächtniss habend%} <ls>R. ed. Bomb. 4,3,28</ls>.	sch	
ayamadevatya	1-293-b	{#a/yamadevatya#}¦ <lex>Adj.</lex> {%nicht%} <is>Yama</is> {%zur Gottheit habend%} <ls>MAITR. S. 3,2,3</ls>.	sch	
ayamasU	4-295-a	{#ayamasU#}¦ <lex>Adj.</lex> {%keine Zwillinge gebärend%} <ls>KAUŚ. 109</ls>.	sch	
ayanacayanAdigaRita	2-291-b	{#ayanacayanAdigaRita#}¦ <lex>n.</lex> Titel eines Werkes <ls>OPP. Cat. 1</ls>.	sch	
ayanaka	3-253-b	{#ayanaka#}¦ <lex>n.</lex> {%Sitz, Stätte%} <ls>CARAKA 8,3</ls>.	sch	
ayaspAtrI	5-244-c	{#ayaspAtrI#}¦ <lex>f.</lex> {%eine eiserne Pfanne%} <ls>HEM. PAR. 2,365</ls>.	sch	
ayastapta	7-308-a	{#ayastapta#}¦ <lex>Adj.</lex> {%am Spiesse gebraten%} <ls>R. ed. Bomb. 3,73,15</ls>.	sch	
ayatta	1-293-b	{#a/yatta#}¦ <lex>Adj.</lex> {%nicht angereiht, — angeschlossen%} <ls>MAITR. S. 1,8,6</ls>.	sch	
ayavana	5-244-c	{#*ayavana#}¦ <lex>n.</lex> {%das Nichtvermischen%} <ls>SĀY.</ls> zu <ls>ŚAT. BR. 1,7,2,26</ls> in einer Etymologie.	sch	
ayoDyAmAhAtmya	2-291-b	{#ayoDyAmAhAtmya#}¦ <lex>n.</lex> Titel eines Werkes <ls>OPP. Cat. 1</ls>.	sch	
ayogfha	7-308-b	{#ayogfha#}¦ <lex>n.</lex> Titel eines <is>Jātaka</is> <ls>JĀTAKAM. 32</ls> in der <ab>Unterschr.</ab>	sch	
ayogyarUpa	7-308-b	{#ayogyarUpa#}¦ <lex>Adj.</lex> {%ziemlich ungeeignet, — ungeschickt%} <ls>JĀTAKAM. 12</ls>.	sch	
ayonisaMBava	5-244-c	{#ayonisaMBava#}¦ <lex>Adj.</lex> {%keinem Mutterleibe entsprossen%} <ls>Verz. d. Oxf. H. 25,b,14</ls>.	sch	
ayonitva	6-295-c	{#*ayonitva#}¦ <lex>n.</lex> <ab>Nom. abstr.</ab> <ls>PAT.</ls> zu <ls>P. 5,1,119. Vārtt. 9</ls>.	sch	
ayorajomaya	1-293-c	{#ayorajomaya#}¦ <lex>Adj.</lex> {%aus Eisenrost, — Eisenfeilicht%} <ls>CARAKA 6,19</ls>.	sch	
ayuDyant	3-253-b	{#ayuDyant#}¦ <lex>Adj.</lex> {%nicht kämpfend%} <ls>HARIV. 9834</ls>.	sch	
ayudDamanas	1-293-b	{#ayudDamanas#}¦ <lex>Adj.</lex> {%nicht kampflustig%} <ls>R. 7,8,3</ls>.	sch	
ayudDamati	3-253-b	{#ayudDamati#}¦ <lex>Adj.</lex> {%nicht kampflustig%} <ls>MĀRK. P. 134,59</ls>.	sch	
ayugalaparRa	5-244-c	{#*ayugalaparRa#}¦ <lex>m.</lex> <ab>dass.</ab> <ls><ab>ebend.</ab> S. 23, Z. 6</ls>.	sch	
ayukparRa	5-244-c	{#*ayukparRa#}¦ <lex>m.</lex> {%<bot>Alstonia scholaris</bot>%} <ls>DEŚĪN. S. 9, Z. 8</ls>.	sch	
azwANgahfdayadIpikA	7-313-d	{#azwANgahfdayadIpikA#}, {#˚hfdayasaMhitA#} und {#˚hfdayasaMgraha#}¦ 2.	sch	
azwANganiGaRwu	7-313-d	{#azwANganiGaRwu#}¦ 2.	sch	
azwASItisahasra	3-254-c	{#azwASItisahasra#}¦ <lex>Adj.</lex> <ab>Pl.</ab> {%88000%} <ls>YĀJÑ. 3,186</ls>.	sch	
azwAdaSapurARasAra	2-292-c	{#azwAdaSapurARasAra#}¦ Titel eines Werkes <ls>OPP. Cat. 1</ls>.	sch	
azwAdaSatA	1-296-a	{#azwAdaSatA#}¦ <lex>f.</lex> <ab>Nom. abstr.</ab> von {#azwAdaSan#} <ls>NAIṢ. 1,5</ls>.	sch	
azwAdaSavAda	2-292-c	{#azwAdaSavAda#} <lex>m.</lex>, {#˚daSasmfti#} <lex>f.</lex>, {#˚smftisAra#} und {#˚daSArTavAda#} <lex>m.</lex>¦ Titel von Werken <ls>OPP. Cat. 1</ls>.	sch	
azwAmfqa	1-296-a	{#azwAmfqa#}¦ <lex>Adj.</lex> zu {#hiraRya#} <ls>KĀṬH. 13,10</ls>.	sch	
azwAniDana	1-296-a	{#azwAniDana#}¦ <lex>n.</lex> Name zweier <is>Sāman</is> <ls>ĀRṢ. BR.</ls>	sch	
azwAprUz	1-296-a	{#azwA/prUz#}¦ <lex>Adj.</lex> (<ab>Nom.</ab> {#˚prUw#}) {%achttropfig%}. Gold <ls>TS. 3,4,1,4</ls>.	sch	
azwAvaDAnin	7-313-d	{#azwAvaDAnin#}¦ <lex>Adj.</lex> {%der seine Aufmerksamkeit auf acht Dinge zugleich richten kann%} <ls>SIDDHĀNTACANDRODAYA</ls> [Page7-314-a] in <ls>TARKAK. Notes S. 34</ls>.	sch	
azwAvara	5-248-a	{#azwAvara#}¦ <lex>Adj.</lex> als Beiwort von {#iDma#} <ls>J. A. O. S. Procc. 1883, Oct. VIII.</ls>	sch	
azwAviMSin	6-296-c	{#azwAviMSin#}¦ <lex>m.</lex> <ab>Du.</ab> <ab>Bez.</ab> {%des dem%} <is>Viṣuvant</is>{%Tage vorausgehenden und nachfolgenden rituellen Monates in einer Jahresfeier%} <ls>ŚĀṄKH. ŚR. 13,25,5</ls>.	sch	
azwaSlokI	2-292-c	{#azwaSlokI#} <lex>f.</lex>, {#azwasTAnaparIkzA#} <lex>f.</lex>, {#azwANganiGaRwu#} <lex>m.</lex>, {#azwANgahfdayadIpikA#} <lex>f.</lex>, {#˚hfdayasaMhitA#} <lex>f.</lex> und {#˚hfdayasaMgraha#} <lex>m.</lex>¦ Titel von 	sch	
azwamaNgalya	7-313-d	{#azwamaNgalya#} und {#azwamahAmantra#}¦ 2.	sch	
azwamahAsidDimaya	1-295-c	{#azwamahAsidDimaya#}¦ <lex>Adj.</lex> {%den acht grossen Vollkommenheiten gleichkommend%} <ls>Ind. St. 15,390</ls>.	sch	
azwamakaBUmi	7-313-d	{#*azwamakaBUmi#}¦ <lex>f.</lex> {%eine der zum heiligen Wandel führenden Stufen%} <ls>MAHĀVY. 150</ls>.	sch	
azwapadamUlikA	2-292-c	{#azwapadamUlikA#} <lex>f.</lex>, {#azwabrahmaviveka#} <lex>m.</lex>, {#azwaBujAzwaka#} <lex>n.</lex>, {#azwamaNgalya#} <lex>n.</lex> und {#azwamahAmantra#}¦ Titel von Werken <ls>OPP. Cat. 1</ls>.	sch	
azwasTAnaparIkzA	7-313-d	{#azwasTAnaparIkzA#}¦ 2.	sch	
azwasahasraka	6-296-c	{#azwasahasraka#}¦ <lex>Adj.</lex> {%aus achttausend bestehend%} <ls>Verz. d.Oxf. H. 105, b, 27</ls>.	sch	
azwavaMSavant	2-292-c	{#azwavaMSavant#}¦ <lex>Adj.</lex> {%acht%} (schöngeformte) {%Röhrknochen%} (<ab>d. i.</ab> {%lange Körpertheile%}) {%habend%} <ls>R. 5,32,14</ls>.	sch	
azwottaraSatadivyadeSanirUpaRa	2-292-c	{#azwottaraSatadivyadeSanirUpaRa#} <lex>n.</lex>, {#˚deSasTalamAhAtmya#} <lex>n.</lex>, {#˚sTalaSloka#} <lex>m.</lex> und {#˚Satopanizad#} <lex>f.</lex>¦ Titel von Werken <ls>OPP. Cat. 1</ls>.	sch	
bADayitar	5-261-c	{#bADayitar#}¦ <ab>Nom. ag.</ab> {%Bedrücker%}. <lex>f.</lex> {#˚trI#} <ls>SĀY.</ls> zu <ls>ṚV. 10,18,10</ls>.	sch	
bARAparRI	6-304-b	{#bARAparRI#}¦ <lex>f.</lex> {%eine <ab>best.</ab> Pflanze%} <ls>Ind. St. 17,265</ls>.	sch	
bARAsanI	7-389-b	{#bARAsanI#}¦ <lex>Adv.</lex> mit {#kar#} {%zum Bogen machen%} <ls>HARAVIJAYA 4,28</ls>.	sch	
bAhlISvara	5-261-c	{#bAhlISvara#}¦ <lex>m.</lex> <ab>Pl.</ab> <ab>N. pr.</ab> einer Dynastie <ls>VP.² 4,157</ls>.	sch	
bAlavatsA	5-261-c	{#bAlavatsA#}¦ <lex>Adj.</lex> <lex>f.</lex> {%deren Kind noch ein Knabe ist%}.	sch	
babbUla	6-304-b	{#babbUla#}¦ <lex>m.</lex> {%<bot>Acacia arabica</bot>%} <ls>ŚĀRṄG. PADDH. 59,56</ls>. <ls n="ŚĀRṄG. PADDH.">88,8</ls>. <ls n="ŚĀRṄG. PADDH. 88,">18</ls>. <ab>Vgl.</ab> {#varvUra#}.	sch	Y
bahumaryA	7-363-d	{#bahu/maryA#}¦ <ls>MAITR. S. 3,9,3 (134,2). 4,8. 2 (109,4)</ls>. Richtig die <ab>Hdschrr.</ab> {#bahurmaryAH#} <ab>vgl.</ab> {#maryAs#} weiter unten.	sch	
bahuniHsfta	6-304-b	{#bahuniHsfta#}¦ <lex>n.</lex> <ls>HARIV. 15977</ls> fehlerhaft für {#bAhu˚#}.	sch	
bahuvarzasahasraka	6-304-b	{#bahuvarzasahasraka#}¦ <lex>Adj.</lex> {%viele tausend Jahre während%} <ls>MBH. 3,83,87</ls>.	sch	
baliSi	5-261-b	{#*baliSi#} und {#*baliSI#}¦ <lex>f.</lex> {%Angel%}. {#va˚#} geschrieben.	sch	
balidvezin	5-261-b	{#balidvezin#}¦ <lex>m.</lex> <ab>Bein.</ab> <is>Viṣṇu</is>ʼs <ls>ALAṂKĀRAV. 179,a.</ls>	sch	
balih	5-261-b	{#balih#}¦ <ab>s. u.</ab> {#valh#} mit {#upa#}.	sch	
bawucaritranAwaka	5-261-b	{#bawucaritranAwaka#}¦ <lex>n.</lex> Titel eines {%Schauspiels%} <ls>OPP. Cat. 1,5638</ls>.	sch	
bibibABavant	7-364-a	{#bibibABa/vant#}¦ <ab>Partic.</ab> {%knisternd%} <ls>MAITR. S. 1,6,5 (95,6)</ls>.	sch	
bilvavfkzamAhAtmya	5-261-c	{#bilvavfkzamAhAtmya#} <lex>n.</lex>, {#bilvAraRyamAhAtmya#} <lex>n.</lex> und {#bilvAzwaka#} <lex>n.</lex>¦ Titel von Werken <ls>BURNELL, T.</ls>	sch	
bruqana	7-389-b	{#bruqana#}¦ <lex>n.</lex> {%das Murmeln%} (eines Baches) <ls>HARAVIJAYA 5,123</ls>.	sch	
budDakzetrasamADi	5-262-a	{#budDakzetrasamADi#}¦, lies <ab>st.</ab> dessen {#budDakzetravaralocana#}.	sch	
budDila	5-262-a	{#budDila#}¦ <lex>m.</lex> <ab>N. pr.</ab> eines <is>Daśapūrvin</is> <ls>VARDHAMĀNAC. 1,46</ls>.	sch	
busaplanI	7-364-a	{#busaplanI#}¦ <lex>f.</lex> {%beetle%} (?) <ls>DIVYĀVAD. 12,25</ls>. <ls n="DIVYĀVAD.">13,17</ls>.	sch	
cAkzuzIyanItiSAstra	7-341-a	{#cAkzuzIyanItiSAstra#}, {#cAwuSloka#}, {#cARakyasUtra#} und {#cARUramardana#}¦ 2.	sch	
cAmarajju	5-254-b	{#*cAmarajju#}¦ <lex>f.</lex> <is>gaṇa</is> {#devapaTAdi#} in der <ls>KĀŚ.</ls> {#vAmarajju#} <ab>v. l.</ab>	sch	
cArucarya	2-300-c	{#cArucarya#}¦ <lex>n.</lex> Titel eines Werkes <ls>OPP. Cat. 1</ls>.	sch	
cArumanta	7-341-b	{#*cArumanta#}¦ <lex>m.</lex> wohl = {#cArumant#} 1〉 <ls>MAHĀVY. 180,10</ls>.	sch	
cAturmAsyaviDAna	2-300-c	{#cAturmAsyaviDAna#} <lex>n.</lex>, {#˚rmAsyavrataviDi#} <lex>m.</lex> und {#˚rmAsyahOtra#} <lex>n.</lex>¦ Titel von Werken <ls>OPP. Cat. 1</ls>.	sch	
cEkkasa	7-342-a	{#cEkkasa#}¦ <lex>Adj.</lex> von {#cikkasa#} <ls>KAUŚ. 48,41</ls> vermuthet.	sch	
cIvaravant	3-262-a	{#cIvaravant#}¦ <lex>Adj.</lex> {%ein Bettlergewand tragend%} <ls>PR. P. 85</ls>.	sch	
cUcu	7-341-d	{#cUcu#}¦ <ab>s.</ab> oben <ab n="unter">u.</ab> {#cuYcu#}.	sch	
cUlakarman	7-341-d	{#cUlakarman#}¦ <lex>n.</lex> = {#cUqAkarman#} <ls>VIKRAMĀṄKAC. 3,9</ls>.	sch	
cUlha	4-299-a	{#cUlha#}¦ oder {#cUlhI#} <lex>f.</lex> = {#cullI#} {%Kochofen%} <ls>ŚĪLĀṄKA 2,221</ls>.	sch	
cUqAcandravijaya	2-301-a	{#cUqAcandravijaya#} <lex>m.</lex>, {#cUqAmaRinAwaka#} <lex>n.</lex>, {#˚maRimImAMsA#} <lex>f.</lex>, {#corapaYcASat#} <lex>f.</lex>, {#colacarita#} <lex>n.</lex> und {#colapparAjIya#} <lex>n.</lex>¦ Titel von Werken <ls	sch	
caRqAlasamavfttimant	4-298-c	{#caRqAlasamavfttimant#}¦ <lex>Adj.</lex> {%mit dem%} <is>Caṇḍāla</is> {%gleichen Lebensunterhalt habend%} <ls>MBH. 13,48,27</ls>.	sch	
caRqaBAskara	2-300-b	{#caRqaBAskara#}, {#caRqikAkilaka#} <lex>m.</lex>, {#caRqikArgala#}, {#caRqikAsaptati#} <lex>f.</lex>, {#caturdaSatattvArTasArasaMgraha#} <lex>m.</lex>, {#˚rdaSalakzaRI#} <lex>f.</lex>, {#˚kroqa#} <lex>m.</lex>, {#˚jagad	sch	
cakArasamarTana	2-300-b	{#cakArasamarTana#} <lex>n.</lex> und {#cakranyAsa#} <lex>m.</lex>¦ Titel zweier Werke <ls>OPP. Cat. 1</ls>.	sch	
cakoranayanA	7-340-a	{#cakoranayanA#}¦ <lex>f.</lex> = {#cakoradfS#} <ls>RUDRAṬA, ŚṚṄGĀRAT. 2,69</ls>.	sch	
cakranyAsa	7-340-a	{#cakranyAsa#}¦ 2.	sch	
calAkzara	7-341-a	{#calAkzara#}, {#˚sUtra#} und {#calitarAma#}¦ 2.	sch	
calitendriya	3-261-c	{#calitendriya#}¦ <lex>Adj.</lex> {%mit aufgeregten Sinnen%} <ls>R. 5,23,6</ls>.	sch	
camUha	3-261-c	{#camUha#}¦ <ls>CAURAP. (A.) 40</ls> fehlerhaft für {#camUru#}.	sch	
camakaBAzya	7-340-d	{#camakaBAzya#} und {#camarAkfti#}¦ 2.	sch	
candrAdigupti	5-254-a	{#candrAdigupti#}¦ <lex>m.</lex> = {#candragupti#} <ls>BHADRAB. 3,89</ls>.	sch	
candracUqIya	2-300-c	{#candracUqIya#}¦ <lex>n.</lex> <is>Candracūḍa</is>ʼs {%Werk%} <ls>OPP. Cat. 1</ls>.	sch	
candranAqi	2-300-c	{#candranAqi#} <lex>f.</lex>, {#candranArAyaRaBawwIya#} <lex>n.</lex>, {#candranArAyaRIya#} <lex>n.</lex>, {#candrikAKaRqana#} <lex>n.</lex> und {#candrikAjanamejaya#}¦ Titel von Werken <ls>OPP. Cat. 1</ls>.	sch	
candrikAKaRqana	7-340-d	{#candrikAKaRqana#}, {#candrikAjanamejaya#} und {#candrikAtulya#}¦ 2.	sch	
candrita	7-387-d	{#candrita#}¦ <lex>Adj.</lex> {%mit Monden versehen%} <ls><ab>ebend.</ab> 212</ls>.	sch	
cannuBawwIya	2-300-c	{#cannuBawwIya#} <lex>n.</lex>, {#˚niruktivivaraRa#} <lex>n.</lex> und {#camakaBAzya#} <lex>n.</lex>¦ Titel von Werken <ls>OPP. Cat. 1</ls>.	sch	
carakasaMdeSa	2-300-c	{#carakasaMdeSa#} <lex>m.</lex>, {#caramaSlokacandrikA#} <lex>f.</lex>, {#˚SlokawippaRI#} <lex>f.</lex> und {#caravikramacarita#} <lex>n.</lex>¦ Titel von Werken <ls>OPP. Cat. 1</ls>.	sch	
caritaguRa	7-341-a	{#caritaguRa#}¦ <lex>Adj.</lex> = {#caritArTa#}. <ab>Nom. abstr.</ab> {#˚tva#} <lex>n.</lex> <ls>KIR. 7,2</ls>.	sch	
carkfze	7-387-d	{#ca/rkfze#}¦ 1ste und 3te <ab>Sg.</ab> <ab>Med.</ab> <ab>Vgl.</ab> <ls>GELDNER, Vedische Studien 128. fgg.</ls>	sch	
caryApAda	2-300-c	{#caryApAda#} <lex>m.</lex>, {#calAkzara#}, {#˚sUtra#} <lex>n.</lex>, {#calitarAma#}, {#cAkzuzIyanItiSAstra#} <lex>n.</lex>, {#cAwuSloka#} <lex>m.</lex> und {#cARakyasUtra#} <lex>n.</lex>¦ Titel von Werken <ls>OPP. Cat. 	sch	
catuHSlokI	2-300-b	{#catuHSlokI#}¦ <lex>f.</lex> Titel eines Werkes <ls>OPP. Cat. 1</ls>.	sch	
catuHsUtrIBAzyaprakASa	2-300-b	{#catuHsUtrIBAzyaprakASa#}¦ <lex>m.</lex> Titel eines Werkes <ls>OPP. Cat. 1</ls>.	sch	
caturBUyaMs	4-299-a	{#caturBUyaMs#}¦ <lex>Adj.</lex> {%um vier%} (Silben) {%länger%} (Metrum) <ls>ṚV. PRĀT. 16,2</ls>.	sch	
caturOdumbara	7-387-c	{#caturOdumbara/#}¦ <lex>m.</lex> <ab>Sg.</ab> (!) {%vier aus%} <is>Udumbara</is>-{%Holz bestehende Dinge%} <ls>ŚAT. BR. 14,9,3,21</ls>.	sch	
caturdaSIstotra	7-340-b	{#caturdaSIstotra#} und {#˚rdaSopanizad#}¦ 2.	sch	
caturdaSatattvArTasArasaMgraha	7-340-b	{#caturdaSatattvArTasArasaMgraha#}, {#˚rdaSalakzaRI#}, {#˚kroqa#} und {#˚jagadISIya#}¦ 2.	sch	
caturdant	7-340-b	{#*caturdant#}¦ <lex>Adj.</lex> {%vier Zähne habend%} <ls>KĀŚ.</ls> zu <ls>P. 5,4,141</ls>.	sch	
caturmatatAtparyasaMgraha	2-300-b	{#caturmatatAtparyasaMgraha#}¦ <lex>m.</lex> Titel eines Werkes <ls>OPP. Cat. 1</ls>.	sch	
caturvargasaMgraha	6-301-a	{#caturvargasaMgraha#}¦ <lex>m.</lex> Titel eines Werkes <ls>Sitzungsberr. d. phil.-hist. Kl. der Wiener Ak. 106,480</ls>.	sch	
caturvedatattvArTasArasaMgraha	2-300-b	{#caturvedatattvArTasArasaMgraha#} <lex>m.</lex>, {#˚rvedatAtparya#} <lex>n.</lex>, {#˚saMgraha#} <lex>m.</lex> und {#˚sArasaMgraha#} <lex>m.</lex>¦ Titel von Werken <ls>OPP. Cat. 1</ls>.	sch	
caturyoginIsaMpuwa	6-301-a	{#*caturyoginIsaMpuwa#}¦ Titel eines Werkes <ls>TĀRAN. 331</ls>.	sch	
catustridviBAgI	7-340-c	{#catustridviBAgI#}¦ <lex>Adv.</lex> mit {#kar#} {%in vier, drei und zwei Theile theilen%} <ls>VIṢṆUS. 18,7</ls>.	sch	
cawitasPuwitaka	7-340-b	{#cawitasPuwitaka#}¦ <lex>n.</lex> {%eine zerbrochene und geborstene Stelle%} <ls>DIVYĀVAD. 23,6</ls>.	sch	
cayanAnandapille	7-340-d	{#cayanAnandapille#}¦ 2.	sch	
cayanamUla	7-340-d	{#cayanamUla#}¦ <lex>Adj.</lex> {%dessen Wurzel mit Lehm belegt ist%} <ls>SUD.</ls> zu <ls>ĀPAST. GṚHY. 9,3</ls>; <ab>vgl.</ab> <ls>BÜHLER</ls> in <ls>Z. d. d. m. G. 37,102</ls>.	sch	
cazakAy	7-387-d	{#cazakAy#}¦ {%zum Becher werden%} <ls>DAMAYANTĪK. 99</ls>.	sch	
ceNgi	6-301-b	{#ceNgi#}¦ <ls>VIKRAMĀṄKAC. 14,4</ls> fehlerhaft für {#veNgi#}.	sch	
cetaHparyAyajYAna	7-342-a	{#*cetaHparyAyajYAna#}¦ <lex>n.</lex> {%Kenntniss dessen, was im Geiste Anderer vorgeht,%} <ls>MAHĀVY. 14</ls>.	sch	
cezwi	7-342-a	{#cezwi#}¦ (?) = {#cezwA#} <ls>ŚĀṄKH. BR. 17,9</ls>.	sch	
cidDarman	7-341-c	{#cidDarman#}¦ <lex>Adj.</lex> {%den Geist als Attribut habend%} <ls>SĀṂKHYAS. 1,146</ls>.	sch	
cidavasAna	7-341-c	{#cidavasAna#}¦ <lex>Adj.</lex> {%mit dem Geiste%} (<ab>d. i.</ab> {%mit der Erkenntniss des Geistes%}) {%endend%} <ls>SĀṂKHYAS. 1,104</ls>.	sch	
cidekarasa	7-341-c	{#cidekarasa#}¦ <lex>Adj.</lex> {%nur am Geiste Gefallen findend%} <ls>SĀṂKHYAPR. 97,15</ls>.	sch	
cikitsAtantra	2-300-c	{#cikitsAtantra#} <lex>n.</lex>, {#˚tsAdIpikA#} <lex>f.</lex> und {#˚tsAsArasaMgraha#} <lex>m.</lex>¦ Titel von Werken <ls>OPP. Cat. 1</ls>.	sch	
citrapadDati	2-300-c	{#citrapadDati#} <lex>f.</lex>, {#citraraktapawa#}, {#citraratnAkara#} <lex>m.</lex>, {#cidambaranawana#} <lex>n.</lex>, {#cidambaramAhAtmya#} <lex>n.</lex>, {#cintAmaRipratyakza#}, {#˚maRivyAptivAda#} <lex>m.</lex>, {#˚	sch	
citraraktapawa	7-341-c	{#citraraktapawa#} und {#citraratnAkara#}¦ 2.	sch	
cittAnuparivartin	7-387-d	{#*cittAnuparivartin#}¦ <lex>Adj.</lex> {%den Gedanken folgend%} <ls>MAHĀVY. 109,85</ls>.	sch	
colacarita	7-342-a	{#colacarita#}¦ 2.	sch	
colapparAjIya	7-342-a	{#colapparAjIya#}¦ 2.	sch	
corapaYcASat	7-342-a	{#corapaYcASat#}¦ 2.	sch	
cubukapratizWita	4-299-a	{#cubukapratizWita#}¦ <lex>Adj.</lex> von einem Wagen <ls>ĀPAST. ŚR. 10,24,4</ls>.	sch	
cyutisaMkrama	7-342-a	{#*cyutisaMkrama#}¦ <lex>m.</lex> {%der Uebergang in eine andere Geburt%} <ls>MAHĀVY. 148,13</ls>.	sch	
cyutyupapatti	7-342-a	{#*cyutyupapatti˚#}¦ {%das Verschwinden aus einer Welt und das Geborenwerden in einer andern%} <ls>MAHĀVY. 7</ls>.	sch	
dAnavaSI	5-256-a	{#dAnavaSI#}¦ <lex>Adv.</lex> mit {#kar#} {%durch Geschenke Jmd bestechen%} 〔114,21〕.	sch	
dArSI	7-348-a	{#dArSI#}¦ <lex>f.</lex> <ab>Pl.</ab> <ls>KAUŚ. 24,18</ls> vielleicht <ab>Bez.</ab> {%der Verse%} <ls>AV. 7,81,1</ls> — 6.	sch	
dArasaMbanDa	6-302-a	{#dArasaMbanDa#}¦ <lex>m.</lex> {%die Verbindung mit einer Frau, Heirath%} <ls>MBH. 1,195,21</ls>.	sch	
dArvIca	6-302-a	{#dArvIca#}¦ <lex>m.</lex> <ab>Pl.</ab> <ab>N. pr.</ab> eines Volkes <ls>MBH. 6,9,54</ls>.	sch	
dAsIka	5-256-a	{#dAsIka#}¦ am Ende eines <ab>adj. Comp.</ab> von {#dAsI#} [Page5-256-b] {%Sclavin%} <ls>MBH. 2,49,18</ls>.	sch	
dAvadahanajvAlAkalApAy	4-300-a	{#dAvadahanajvAlAkalApAy#}¦, so zu lesen.	sch	
dAyI	7-388-b	{#dAyI#}¦ <lex>Adv.</lex> mit {#kar#} {%beschenken%} <ls>MĀLATĪM. (ed. Bomb.) 281,1</ls>.	sch	
dIkzitadaRqa	7-348-b	{#dIkzitadaRqa/#}¦ <lex>m.</lex> {%der Stab eines Geweihten%} <ls>TS. 6,1,4,1</ls>.	sch	
dIkzitayAjYika	4-300-a	{#dIkzitayAjYika#}¦ <lex>m.</lex> <ab>N. pr.</ab> eines Autors <ls>Verz. d. B. H. No. 246</ls>.	sch	
dIkzya	5-256-b	{#*dIkzya#}¦ <lex>Adj.</lex> = {#dIkzaRIya, Sizya#} <ls>ZACH. Beitr.</ls>	sch	
dOzWulya	7-349-c	{#*dO[H]zWulya#}¦ <lex>n.</lex> {%schlechtes Betragen%} <ls>MAHĀVY. 109,20</ls>.	bhs	
dUrAdDi	3-264-a	{#*dUrAdDi#}¦ <ab>s. u.</ab> {#dO/rArdDi#}.	sch	
dUtavant	3-264-a	{#dUtavant#}¦ <lex>Adj.</lex> {%einen Boten habend%} <ls>KAUṢ. UP. 2,1</ls>.	sch	
dUzay	3-264-a	{#dUzay#}¦ mit {#ud#} {%Jmd anschwärzen%}. {#uddUzya#} <ls>ŚIŚ. 2,113</ls>.	sch	
daMzwrAkarAlavant	7-347-a	{#daMzwrAkarAlavant#}¦ <lex>Adj.</lex> {%hervorstehende Zähne habend%} <ls>R. ed. Bomb. 4,22,29</ls>.	sch	
daSAvant	5-256-a	{#daSAvant#}¦ <lex>Adj.</lex> {%mit Fransen versehen%} <ls>ĀPAST. ŚR. 12,14,11</ls>.	sch	
dahyA	6-302-a	{#dahyA#}¦ <lex>f.</lex> in {#SavadahyA/#}.	sch	
dakzaka	4-300-a	{#dakzaka#}¦ in {#mArgadakzaka#}.	sch	
dakziRadeSana	7-347-b	{#dakziRadeSana#}¦ <lex>n.</lex> {%Danksagung%} <ls>DIVYĀVAD. 239,2</ls>. {#˚nA#} <lex>f.</lex> <ab>dass.</ab> <ls n="DIVYĀVAD.">179,20</ls>.	sch	
dakziRajAnvakta	7-347-a	{#dakziRajAnvakta#}¦, wohl {#˚jAnvakna#} zu lesen; <ab>vgl.</ab> {#jAnvakna#}.	sch	
darBaRa	4-300-a	{#darBaRa#}¦ <lex>n.</lex> {%Geflecht%} <ls>BAUDH.</ls> im <ls><ab>Comm.</ab> zu ĀPAST. ŚR. 11,8,5</ls>.	sch	
darImant	7-347-c	{#darImant#}¦ <lex>Adj.</lex> {%höhlenreich%} <ls>R. ed. Bomb. 4,10,35</ls>.	sch	
dattArka	7-347-b	{#dattArka#}¦ <lex>m.</lex> Titel eines Werkes <ls>Festgr. 43</ls>.	sch	
dehaMBaravArttika	5-256-c	{#dehaMBaravArttika#}¦ <lex>Adj.</lex> {%nur darauf bedacht den Leib zu ernähren%} <ls>BHĀG. P. 5,5,3</ls>.	sch	
devejyA	5-256-c	{#devejyA#}¦ <lex>f.</lex> {%Götteropfer%} <ls>NIR. 12,5</ls>.	sch	
devikAhavis	7-349-b	{#devikAhavis#}¦ <ab>s.</ab> oben <ab n="unter">u.</ab> {#dEvaka#}.	sch	
dfQikA	7-349-a	{#dfQikA#}¦ <lex>f.</lex> {%eine Art Schmuck%} <ls>SAHṚDAYALĪLĀ 2,5</ls>.	sch	
dfSvarI	4-300-b	{#˚dfSvarI#}¦ <lex>Adj.</lex> <lex>f.</lex> {%ansehend, betrachtend%} <ls>BHĀM. V. 2,178</ls>.	sch	
diNnAda	5-256-b	{#diNnAda#}¦ <lex>m.</lex> <ls>VASIṢṬHA 13,35</ls> wohl nur fehlerhaft für {#digdAha#}.	sch	
diRqika	5-256-b	{#diRqika#}¦ 1〉 <lex>m.</lex> {%ein nackt einhergehender Lehrer%} <ls>ALAṂKĀRAV. 28,b.</ls> — 2〉 <lex>f.</lex> {#A#} {%Hure%} <ls><ab>ebend.</ab></ls>	sch	
digIS	7-388-b	{#digIS#}¦ <lex>m.</lex> = {#digISa#} <ls>CAṆḌĪŚ. 100</ls>.	sch	
divyavarzasahasraka	6-302-a	{#divyavarzasahasraka#}¦ <lex>Adj.</lex> {%tausend Jahre der Götter während%} <ls>R. 1,31,10</ls>.	sch	
dravyamAtrA	4-300-b	{#dravyamAtrA#}¦ <lex>f.</lex> {%Gold%} <ls>PAÑCAT. 226,14</ls>. {#˚mAtra#} <lex>n.</lex> <ls>ed. Bomb. 4,33,23</ls>.	sch	
duHKaSokavant	6-302-a	{#duHKaSokavant#}¦ <lex>Adj.</lex> {%Leid und Kummer empfindend%} <ls>R. 4,19,11</ls>.	sch	
duHSlizwa	3-264-a	{#duHSlizwa#}¦ <lex>Adj.</lex> <ab>Bez.</ab> {%des in%} {#qa#} {%übergehenden%} {#la#} oder {%des aus%} {#la#} {%entstandenen%} {#qa#} <ls>TS. PRĀT.</ls> <ab>Comm.</ab>	sch	
duHzamAprABfta	7-348-d	{#duHzamAprABfta#}¦ <lex>n.</lex> Titel eines Werkes <ls>Festgr. 55. 58</ls>.	sch	
durgAsAvitri	6-302-a	{#durgAsAvitri#}¦ (metrisch) <lex>f.</lex> = {#˚trI#} <ls>VASIṢṬHA 28,11</ls>.	sch	
dustawI	7-388-b	{#dustawI#}¦ <lex>f.</lex> {%ein gefährlicher Abhang%} <ls>DAMAYANTĪK. 267</ls>.	sch	
duzWulArocana	7-348-d	{#*duzWulArocana#}¦ <lex>n.</lex> {%das Verrathen eines argen Vergehens an eine nicht geweihte Person%} <ls>MAHĀVY. 261,6</ls>.	sch	
duzWulapraticCAdana	7-348-d	{#*duzWulapraticCAdana#}¦ <lex>n.</lex> {%das Verheimlichen eines argen Vergehens%} <ls>MAHĀVY. 261,54</ls> ({#duzWulA˚#} <ab>gedr.</ab>).	sch	
dvAdaSavarzika	3-264-b	{#dvAdaSavarzika#}¦ <lex>Adj.</lex> {%zwölf Jahre dauernd%}.	sch	
dvAsAha	7-350-a	{#dvAsA/ha#}¦ <lex>n.</lex> ? <ls>MAITR. S. 3,3,4 (36,21. 37,1)</ls>.	sch	
dvaMdvasaMprahAra	6-302-b	{#dvaMdvasaMprahAra#}¦ <lex>m.</lex> {%Zweikampf mit%} ({#saha#}) <ls>UTTARAR. 93,14</ls>. <ls n="UTTARAR. 93,">15</ls> (<ls n="UTTARAR.">121,8</ls>. <ls n="UTTARAR. 121,">9</ls>).	sch	
dvinizWa	3-264-b	{#dvinizWa#}¦ <lex>Adj.</lex> {%beiderseitig%}. <ab>Nom. abstr.</ab> {#˚tva#} <lex>n.</lex> <ls>ŚAṂK.</ls> zu <ls>BṚH. ĀR. UP. S. 41</ls>.	sch	
dvipala	3-264-b	{#dvipala#}¦ <lex>Adj.</lex> (<lex>f.</lex> {#A#}) {%zwei%} <is>Pala</is> {%an Gewicht habend%} <ls>HEMĀDRI 1,477,21</ls>.	sch	
dvipitar	7-350-a	{#dvipitar#}¦ <lex>Adj.</lex> {%zwei Ahnen habend%} <ls>ĀPAST. ŚR. 1,9,7</ls>.	sch	
dyumaryAdavant	7-349-c	{#dyumaryAdavant#}¦ <lex>Adj.</lex> <ab>dass.</ab> <ab>Nom. abstr.</ab> {#˚vattva#} <lex>n.</lex> <ls>ŚAṂKARA</ls> zum <ls>VEDĀNTA 143,6</ls>.	sch	
eRavilocanA	4-297-b	{#eRavilocanA#}¦ <lex>f.</lex> {%eine Gazellenäugige%} <ls>BHĀM. V. 2,156</ls>.	sch	
ekABiBAva	2-296-c	{#ekABiBAva#}¦ <ab>s.</ab> {#ekotiBAva#}.	sch	
ekASIticakrodDAra	1-299-c	{#ekASIticakrodDAra#}¦ <lex>m.</lex> Titel eines Werkes.	sch	
ekAdaSANgavedin	5-251-a	{#ekAdaSANgavedin#} und {#ekAdaSANgin#}¦ <lex>m.</lex> {%ein Kenner der 11%} <is>Aṅga</is> {%der%} <is>Jaina</is> <ls>VARDHAMĀNAC. 1,48</ls>.	sch	
ekAdaSAtmaka	7-327-c	{#ekAdaSAtmaka#}¦ <lex>Adj.</lex> {%auf elferlei Weisen sich manifestirend%} <ls>R. ed. Bomb. 4,43,56</ls>.	sch	
ekAdaSImAhAtmya	2-296-c	{#ekAdaSImAhAtmya#} <lex>n.</lex> und {#˚daSIvratakalpa#} <lex>m.</lex>¦ Titel von Werken <ls>OPP. Cat. 1</ls>.	sch	
ekAdaSaprayoga	2-296-b	{#ekAdaSaprayoga#} <lex>m.</lex> und {#˚daSaBAzAvyAKyA#} <lex>f.</lex>¦ Titel [Page2-296-c] zweier Werke <ls>OPP. Cat. 1</ls>.	sch	
ekAdaSini	7-327-c	{#ekAdaSini˚#}¦ = {#˚nI#} <ls>KĀTY. ŚR. 19,4,6</ls>.	sch	
ekAkfti	3-258-b	{#ekAkfti#}¦ <lex>Adj.</lex> <ab>Pl.</ab> {%von gleichem Aussehen%} <ls>PR. P. 104</ls>.	sch	
ekArkamaRi	7-327-d	{#ekArkamaRi#}¦ <lex>m.</lex> {%ein <ab>best.</ab> Amulet,%} = {#Arka#} (<ab>s.</ab> oben) <ls>DĀRILA</ls> zu <ls>KAUŚ.</ls>	sch	
ekAtmavAdin	7-327-c	{#ekAtmavAdin#}¦ <lex>m.</lex> {%ein Bekenner des%} <is>Vedānta</is> <ls>ANIRUDDHA</ls> zu <ls>SĀṂKHYAS. 1,29</ls>.	sch	
ekAzwakAdIkzin	3-258-b	{#ekAzwakAdIkzin#}¦ <lex>Adj.</lex> {%zur%} <is>Ekāṣṭaka</is> {%die Weihe nehmend%} <ls>LĀṬY. 4,8,21</ls>.	sch	
ekEkavant	2-296-c	{#ekEkavant#}¦ <lex>Adj.</lex> {%nur eines von mehreren Dingen besitzend%} <ls><ab>Comm.</ab> zu ĀPAST. ŚR. 1,14,9</ls>.	sch	
ekaBUmISvara	4-297-b	{#ekaBUmISvara#}¦ <lex>m.</lex> {%Alleinherrscher auf Erden%} (<is>Nāgārjuna</is>) <ls>RĀJAT. 1,173</ls>.	sch	
ekaBUyaMs	5-251-a	{#ekaBUyaMs#}¦ <lex>Adj.</lex> {%um Eins überschüssig,%} so <ab>v. a.</ab> {%unpaar%} <ls>GOBH. 4,5,21</ls>.	sch	
ekaSAstravAda	2-296-b	{#ekaSAstravAda#}¦ <lex>m.</lex> Titel eines Werkes <ls>OPP. Cat. 1</ls>.	sch	
ekaSIlasamAcAra	6-299-b	{#ekaSIlasamAcAra#}¦ <lex>Adj.</lex> {%von demselben Charakter und Benehmen%} <ls>MBH. 1,209,6</ls>.	sch	
ekaSaNKa	3-258-a	{#ekaSaNKa#}¦ <lex>Adj.</lex> (<lex>f.</lex> {#a#}) {%nur eine Muschel als Schmuck tragend%} <ls>HARIV. 11164</ls>.	sch	
ekaSayyAsanASana	3-258-a	{#ekaSayyAsanASana#}¦ <lex>Adj.</lex> <ab>Du.</ab> {%dasselbe Bett, denseloen Sitz und dieselbe Speise habend%} <ls>HARIV. 3438</ls>.	sch	
ekaSayyAsana	7-327-b	{#ekaSayyAsana#}¦ <lex>n.</lex> {%das Zusammensitzen auf einem Bette%} <ls>BṚHASPATI</ls> in <ls>VIVĀDAR. 380</ls>.	sch	
ekaSila	3-258-b	{#ekaSila#}¦ <lex>Adj.</lex> {%aus einem einzigen Felsen bestehend%} <ls>R. 2,94,22</ls>.	sch	
ekaSlokIvyAKyA	2-296-b	{#ekaSlokIvyAKyA#}¦ <lex>f.</lex> Titel eines Werkes <ls>OPP. Cat. 1</ls>.	sch	
ekaberapratizWAviDi	2-296-b	{#ekaberapratizWAviDi#} <lex>m.</lex> und {#ekamAlA#} <lex>f.</lex>¦ Titel zweier Werke <ls>OPP. Cat. 1</ls>.	sch	
ekadIkzin	3-258-a	{#ekadIkzin#}¦ <lex>Adj.</lex> {%als einzelner die Weihen nehmend%} <ls>KĀTY. ŚR. 7,5,12</ls>.	sch	
ekadamana	2-296-b	{#ekadamana#}¦ <lex>Adj.</lex> {%einen Wagenlenker habend%}.	sch	
ekadohana	3-258-a	{#ekadohana#}¦ <lex>Adj.</lex> in der dunklen Stelle <ls>MBH. 1,3,60</ls>.	sch	
ekadvfca	2-296-b	{#ekadvfca/#}¦ (!) {%ein aus einem oder zwei Versen bestehendes Lied%} <ls>AV. 19,23,22</ls>.	sch	
ekadvyantaratryantarASin	3-258-a	{#ekadvyantaratryantarASin#}¦ <lex>Adj.</lex> {%essend nach einem Zwischenraum von einem, von zwei oder drei Tagen%} <ls>VIṢṆUS. 95,6</ls>.	sch	
ekagraha	2-296-b	{#*ekagraha#}¦ <lex>m.</lex> = {#asadgraha#} 2〉 <ls>H. an. 2,87</ls>.	sch	
ekahAvin	6-299-b	{#ekahAvin#}¦ <lex>Adj.</lex> {%ein Opfer vollbringend%} <ls>ŚĀṄKH. ŚR. 2,12,8</ls>.	sch	
ekahavis	2-296-b	{#ekahavis#}¦ <lex>Adj.</lex> {%nur mit einem%} {#havis#} {%versehen%} <ls>ŚĀṄKH. ŚR. 2,3,14</ls>.	sch	
ekahelam	7-327-c	{#ekahelam#}¦ <lex>Adv.</lex> = {#˚helayA#} <ls>DHARMAŚARMĀBHY. 4,36</ls>.	sch	
ekahotar	3-258-b	{#e/kahotar#}¦ <lex>m.</lex> {%ein einfacher%} (kein zweifacher) <is>Hotar</is> <ls>TAITT. ĀR. 3,7,1</ls>.	sch	
ekajvAlI	7-327-a	{#*ekajvAlI#}¦ <lex>Adv.</lex> mit {#BU#} {%ganz in Glut gerathen%} <ls>MAHĀVY. 223,178</ls>.	sch	
ekajyAvargavikala	2-296-b	{#ekajyAvargavikala#}¦ Titel eines Werkes <ls>OPP. Cat. 1</ls>.	sch	
ekakarRa	1-299-c	{#ekakarRa#}¦ <lex>Adj.</lex> (<lex>f.</lex> {#I#}) {%einohrig%}.	sch	
ekakarapAda	3-257-c	{#ekakarapAda#}¦ <lex>Adj.</lex> {%einhändig und einfüssig%} <ls>VIṢṆUS. 5,48</ls>. <ls n="VIṢṆUS. 5,">77</ls>.	sch	
ekamAlA	7-327-b	{#ekamAlA#}¦ 2.	sch	
ekamAsa	4-297-b	{#ekamAsa#}¦ <lex>Adj.</lex> (<lex>f.</lex> {#I#}) {%in einem und demselben Monat befindlich%} <ls>MBH. 6,3,32</ls>.	sch	
ekanATAryaBAgavata	2-296-b	{#ekanATAryaBAgavata#}¦ <lex>n.</lex> Titel eines Werkes <ls>OPP. Cat. 1</ls>.	sch	
ekanArASaMsa	5-251-a	{#ekanArASaMsa#}¦ <lex>Adj.</lex> {%einmal mit dem%} <is>Nārāśaṃsa</is>{%Becher versehen%} <ls>ĀPAST. ŚR. 12,25,26</ls>.	sch	
ekanirmARa	3-258-a	{#ekanirmARa#}¦ <lex>Adj.</lex> <ab>Du.</ab> {%von einerlei Maass, gleich gross%} <ls>HARIV. 4949</ls> = <ls n="HARIV.">3738</ls>.	sch	
ekanyAya	3-258-a	{#ekanyAya#}¦ <lex>Adj.</lex> {%einartig, nur einen Gegenstand betreffend%} <ls>H. 255</ls>.	sch	
ekapAka	3-258-a	{#ekapAka#}¦ <lex>m.</lex> {%gemeinsames Kochen%}. {#˚kena vasantaH#} {%eine gemeinschaftliche Küche habend%}.	sch	
ekapArSvAvadArita	4-297-a	{#ekapArSvAvadArita#}¦ <lex>n.</lex> <ls>MBH. 6,46,32</ls> nach <ls>NĪLAK.</ls> = {#vAmapakzASritaM yAnam#}.	sch	
ekaparvan	3-258-a	{#ekaparvan#}¦ <lex>Adj.</lex> {%aus einem Absatze%} oder {%Gliede bestehend%} <ls>MBH. 4,65,3</ls>.	sch	
ekaprEza	3-258-a	{#ekaprEza#}¦ <lex>Adj.</lex> {%nur eine Aufforderung ergehen lassend%} <ls>AIT. BR. 6,14,3</ls>.	sch	
ekapramARa	3-258-a	{#ekapramARa#}¦ <lex>Adj.</lex> <ab>Du.</ab> {%von gleicher Autorität%} <ls>HARIV. 3439</ls>.	sch	
ekasAmi	2-296-b	{#ekasAmi#}¦ Titel eines Werkes <ls>OPP. Cat. 1</ls>.	sch	
ekasAra	7-387-a	{#ekasAra#}¦ am Ende eines <ab>adj. Comp.</ab> {%dessen einziges Wesen — ist%} <ls>MĀLATĪM. (ed. Bomb.) 127,6</ls>.	sch	
ekasTAlIsahAya	5-251-a	{#ekasTAlIsahAya#}¦ <lex>m.</lex> {%ein Genosse, mit dem man aus demselben Topfe isst,%} <ls>NĀRADA (a.) 2,1,180</ls>.	sch	
ekasaMbanDin	6-299-b	{#ekasaMbanDin#}¦ <lex>Adj.</lex> {%zusammenhängend%} <ls>SUŚR. 1,264,5</ls>.	sch	
ekasamutTa	6-299-b	{#ekasamutTa#}¦ <lex>Adj.</lex> mit {#prARa#} <lex>m.</lex> so <ab>v. a.</ab> {%ein einmaliger Athemzug%} <ls><ab>Comm.</ab> zu TS. PRĀT. 5,1</ls>.	sch	
ekasara	2-296-b	{#ekasara#}¦ <lex>Adj.</lex> (<lex>f.</lex> {#A#}) {%einschnürig%} <ls>ĀPAST. ŚR. 15,5,7</ls>.	sch	
ekastana	6-299-b	{#ekastana#}¦ <lex>Adj.</lex> {%aus einer Zitze genommen%} (Milch) <ls>ĀPAST. ŚR. 11,15,6</ls>.	sch	
ekatantra	3-257-c	{#ekatantra#}¦ <lex>Adj.</lex> (<lex>f.</lex> {#A#}) {%in einem Zuge stattfindend%} [Page3-258-a] <ls><ab>Comm.</ab> zu ĀPAST. ŚR. 5,22,6</ls>. <ls n="ĀPAST. ŚR.">6,30,12</ls>.	sch	
ekatvasidDivAda	2-296-b	{#ekatvasidDivAda#}¦ <lex>m.</lex> Titel eines Werkes <ls>OPP. Cat. 1</ls>.	sch	
ekavara	3-258-a	{#ekavara#}¦ <lex>Adj.</lex> {%einen Wunsch gewährend%} <ls>MĀN. GṚHY. 2,13</ls>.	sch	
ekaviMSatiDAman	7-327-b	{#e/kaviMSatiDAman#}¦ <lex>Adj.</lex> (<lex>f.</lex> {#˚DAmnI#}) {%21 Weisen habend%} <ls>MAITR. S. 4,7,6 (101,9)</ls>.	sch	
ekaviMSatidakziRa	4-297-b	{#ekaviMSatidakziRa#}¦ <lex>Adj.</lex> {%wobei 21 als Lohn gegeben werden%} <ls>ĀPAST. ŚR. 10,26,4</ls>.	sch	
ekaviMSavartani	5-251-a	{#ekaviMSa/vartani#}¦ <lex>Adj.</lex> {%die Bahn für einen%} <is>Ekaviṃśastoma</is> {%bildend%} <ls>TS. 4,3,3,2</ls>.	sch	
ekavidya	7-327-b	{#ekavidya#}¦ <lex>Adj.</lex> {%mit einer Wissenschaft vertraut%} <ls>RUDRAṬA, ŚṚṄGĀRAT. 1,41</ls>.	sch	
ekavyUhaviBAga	2-296-b	{#ekavyUhaviBAga#}¦ <lex>Adj.</lex> als <ab>Beiw.</ab> <is>Viṣṇu</is>ʼs, {%wenn er sich nur als%} <is>Vāsudeva</is> {%manifestirt,%} <ls>MBH. 12,348,57</ls>.	sch	
ekendriyasaMjYA	7-327-d	{#ekendriyasaMjYA#}¦ <lex>f.</lex> <ab>Bez.</ab> {%des dritten Stadiums im%} <is>Vairāgya</is> <ls>SĀṂKHYATATTVAKAUMUDĪ</ls> zu <ls>KĀRIKĀ 23</ls>. <ls>ANIRUDDHA</ls> zu <ls>SĀṂKHYAS. 2,1</ls>.	sch	
ekonapaYcASadDA	3-258-b	{#ekonapaYcASadDA#}¦ <lex>Adv.</lex> {%in 49 Theile%} <ls>R. GORR. 1,48,1</ls>.	sch	
ekonaviMSatimuKa	2-296-c	{#ekonaviMSatimuKa#}¦ <lex>Adj.</lex> {%mit 19 Mündern versehen%} <ls>MĀṆḌ. UP. 3</ls>.	sch	
eqavaRa	7-327-d	{#*eqavaRa#} und {#*eqavarRa#}¦ <lex>m.</lex> <ab>desgl.</ab> <ls><ab>ebend.</ab></ls>	sch	
etadvid	7-327-d	{#etadvid#}¦ <lex>Adj.</lex> {%dieses kennend%} <ls>ĀPAST. GṚHY. 9,11</ls>.	sch	
etatkAla	2-296-c	{#etatkAla#}¦ <lex>m.</lex> {%diese Zeit, Gegenwart%} 〔267,8. 32〕.	sch	
evaMBAgIya	7-328-a	{#*evaMBAgIya#}¦ <lex>Adj.</lex> {%von solcher Art%} <ls>MAHĀVY. 104</ls>.	sch	
evaMSIlasamAcAra	2-296-c	{#evaMSIlasamAcAra#}¦ <lex>Adj.</lex> {%von solchem Charakter und solchem Benehmen%} <ls>MBH. 13,145,34</ls>.	sch	
evaMcirasTitika	2-296-c	{#evaMcirasTitika#}¦ <lex>Adj.</lex> {%so lange bestehend%} <ls>LALIT. 441,7</ls>.	sch	
evaMdarSin	2-296-c	{#evaMdarSin#}¦ <lex>Adj.</lex> {%so sehend, so urtheilend%} <ls>ŚĀK. 58,4</ls>.	sch	
evaMdevata	3-258-b	{#evaMdevata#}¦ <lex>Adj.</lex> {%diese Gottheit habend%} <ls>ŚĀṄKH. ŚR. 6,10,13</ls>.	sch	
evaMkramaka	3-258-b	{#evaMkramaka#}¦ <lex>Adj.</lex> {%diese Reihenfolge habend%} <ls><ab>Comm.</ab> zu ĀPAST. ŚR. 7,5,5</ls>.	sch	
evaMlakzaRa	3-258-b	{#evaMlakzaRa#}¦ <lex>Adj.</lex> {%diese Kennzeichen habend%} <ls>MBH. 12,80,15</ls>.	sch	
evaMpariRAma	4-297-b	{#evaMpariRAma#}¦ <lex>Adj.</lex> {%einen solchen Abschluss habend%} <ls>MAHĀVĪRAC. 93,18</ls>.	sch	
evaMpramuKa	7-328-a	{#*evaMpramuKa#}¦ <lex>Adj.</lex> {%solches an der Spitze habend%} <ls>MAHĀVY. 244</ls>.	sch	
evaMpratyaya	4-297-b	{#evaMpratyaya#}¦ <lex>Adj.</lex> {%eine solche Ueberzeugung habend%} <ls>ŚAṂK.</ls> zu <ls>BṚH. ĀR. UP. S. 231</ls>.	sch	
evaMpravAda	4-297-b	{#evaMpravAda#}¦ <lex>Adj.</lex> {%eine solche grammatische Form habend, in dieser <ab n="grammatische Form">gr. F.</ab> erscheinend%} <ls>ṚV. PRĀT. 13,9</ls>.	sch	
evaMsaMjYin	7-328-a	{#*evaMsaMjYin#}¦ <lex>Adj.</lex> {%eine solche Vorstellung habend%} <ls>MAHĀVY. 15</ls>.	sch	
evaMsuKaduHKaprativedin	2-296-c	{#evaMsuKaduHKaprativedin#}¦ <lex>Adj.</lex> {%solche Freuden und Leiden erfahrend%} <ls>LALIT. 441,7</ls>.	sch	
evaMvAdin	3-258-b	{#evaMvAdin#}¦ <lex>Adj.</lex> {%so redend%} <ls>MAHĀVĪRAC. 81,7</ls>.	sch	
evaMvarRa	2-296-c	{#evaMvarRa#}¦ <lex>Adj.</lex> {%aus solcher Kaste%} <ls>LALIT. 441,7</ls>.	sch	
evaMvfttasamAcAra	6-299-b	{#evaMvfttasamAcAra#}¦ <lex>Adj.</lex> {%so verfahrend und sich benehmend%} <ls>SUŚR. 1,72,12</ls>.	sch	
evaMvihita	7-328-a	{#evaMvihita#}¦ <lex>Adj.</lex> {%so zubereitet%} <ls>ĀPAST. GṚHY. 12,6</ls>. <ls n="ĀPAST. GṚHY.">14,15</ls>.	sch	
evaMyukta	4-297-b	{#*evaMyukta#}¦ <lex>Adj.</lex> {%so beschaffen%} <ls>MAHĀBH. 5,57,b.</ls>	sch	
evamAyuzpramARa	2-296-c	{#evamAyuzpramARa#}¦ <lex>Adj.</lex> {%von solcher Lebensdauer%} <ls>LALIT. 441,7</ls>.	sch	
evamAyuzyaparyanta	7-328-a	{#*evamAyuzyaparyanta#}¦ <lex>Adj.</lex> {%von solcher Lebensdauer%} <ls>MAHĀVY. 15</ls>.	sch	
ewaka	7-327-d	{#ewaka#}¦ <lex>m.</lex> = {#eqaka#} 1〉a〉 <ls>KAUŚ. 41,6</ls>.	sch	
ezwar	4-297-b	<hom>1.</hom> {#ezwa/r#}¦, <lex>f.</lex> {#ezwrI#} <ls>ĀPAST. ŚR. 10,12,5</ls>.	sch	
fRahara	7-326-d	{#fRahara#}¦ <lex>m.</lex> {%Erbe%} <ls>DIVYĀVAD. 498,21</ls>.	sch	
fRavimocanaSAnti	7-326-d	{#fRavimocanaSAnti#}¦ 2.	sch	
fYjase	5-251-a	{#fYja/se#}¦ <ab>Dat.</ab> <ab>Infin.</ab> zu <hom>1.</hom> {#raYj#} <ls>ṚV. 8,4,17</ls>.	sch	
fcaka	1-299-c	{#fcaka#}¦ Titel eines Werkes <ls>BÜHLER, Rep. No. 6. 7</ls>.	sch	
fgvedapada	2-296-a	{#fgvedapada#} <lex>n.</lex>, {#˚vedaprakftipada#} <lex>n.</lex>, {#˚vedapramARa#} <lex>n.</lex>, {#˚vedaprayoga#} <lex>m.</lex>, {#˚vedaprAtiSAKya#} <lex>n.</lex>, {#˚vedabrAhmaRa#} <lex>n.</lex>, {#˚vedaviDAna#} <lex>n	sch	
fgyajuHsAmAdimaya	3-257-c	{#fgyajuHsAmAdimaya#}¦ <lex>Adj.</lex> (<lex>f.</lex> {#I#}) {%aus%} <is>Ṛc</is>, <is>Yajus</is>, <is>Sāman</is> <ab>u. s. w.</ab> {%gebildet%} <ls>VP. 4,1,6</ls>.	sch	
fjukarma	6-299-a	{#fjukarma/#}¦ <lex>n.</lex> {%eine rechte Handlung%} <ls>TBR. 3,3,7,10</ls>.	sch	
fjuvivaraRa	7-326-d	{#fjuvivaraRa#} und {#fjuvftti#}¦ 2.	sch	
fllIsaka	2-296-b	{#fllIsaka#}¦ {%ein <ab>best.</ab> musikalisches Instrument%} <ls>NĪLAK.</ls> zu <ls>HARIV. 2,89,68</ls>.	sch	
ftumuKIya	6-299-a	{#ftumuKIya#}¦ <lex>Adj.</lex> <ab>Bez.</ab> {%eines%} <is>Ṣaḍḍhotar</is>, {%der jedesmal am Anfange der Jahreszeit zu vollziehen ist,%} <ls>ĀPAST. ŚR. 14,14,13</ls>.	sch	
ftusamAhAra	2-296-b	{#ftusamAhAra#}¦ <lex>m.</lex> Titel eines Werkes <ls>OPP. Cat. 1</ls>.	sch	
fzaBanATacaritra	1-299-c	{#fzaBanATacaritra#}¦ <lex>n.</lex> <ab>desgl.</ab> <ls><ab>ebend.</ab> No. 570</ls>.	sch	
fzimaRqalaprakaraRa	2-296-b	{#fzimaRqalaprakaraRa#}¦ <lex>n.</lex> Titel eines <is>Jaina</is>-Werkes <ls>BÜHLER, Rep. 1872 — 73, S. 10</ls>.	sch	
gANgOcya	3-261-a	{#gANgOcya/#}¦ <lex>m.</lex> {%ein <ab>best.</ab> göttliches Wesen%} <ls>MAITR. S. 2,9,1</ls>.	sch	
gArDapfzwa	3-261-a	{#gArDapfzwa#}¦ oder {#˚prazwa#} <ab>Bez.</ab> {%einer nicht sanctionirten Art des Selbstmordes%} (bei den <is>Jaina</is>) <ls>ŚĪLĀṄKA 1,369</ls>.	sch	
gAyatrIhfdaya	7-338-a	{#gAyatrIhfdaya#} und {#gAruqopanizad#}¦ 2.	sch	
gAyatrIkalpa	2-300-a	{#gAyatrIkalpa#} <lex>m.</lex>, {#gAyatrIkavaca#} <lex>n.</lex>, {#gAyatrItattvadarpaRa#} <lex>m.</lex>, {#gAyatrItAtparya#} <lex>n.</lex> und {#gAyatrIhfdaya#} <lex>n.</lex>¦ Titel von Werken <ls>OPP. Cat. 1</ls>.	sch	
gIrvARaSloka	7-338-b	{#gIrvARaSloka#}¦ 2.	sch	
gItAgUQArTadIpikA	2-300-a	{#gItAgUQArTadIpikA#} <lex>f.</lex>, {#gItAtAtparya#} <lex>n.</lex>, {#˚candrikA#} <lex>f.</lex>, {#˚boDikA#} <lex>f.</lex>, {#gItApratipada#} <lex>n.</lex>, {#gItArTasaMgraha#} <lex>m.</lex>, {#˚rakzA#} <lex>f.</lex>, {	sch	
gOlAkzIya	7-339-b	{#gOlAkzIya#} und {#gOlIPala#}¦ 2.	sch	
gOqabrahmAnanda	2-300-b	{#gOqabrahmAnanda#}¦ <lex>m.</lex> <ab>N. pr.</ab> eines Autors <ls>OPP. Cat. 1</ls>. {#˚ndIya#} <lex>n.</lex> {%sein Werk%} <ls><ab>ebend.</ab></ls>	sch	
gOtamaDarma	2-300-b	{#gOtamaDarma#} <lex>m.</lex>, {#gOtamapraSna#} <lex>m.</lex>, {#gOtamamAhAtmya#} <lex>n.</lex>, {#gOtamaSikzA#} <lex>f.</lex>, {#gOtamasaMhitA#} <lex>f.</lex>, {#gOtamasUtra#} <lex>n.</lex>, {#gOtamasmfti#} <lex>f.</lex	sch	
gUQagulPa	7-338-c	{#gUQagulPa#}¦ <lex>Adj.</lex> {%dessen Fussknöchel nicht zu sehen sind%}. <ab>Nom. abstr.</ab> {#˚tva#} <lex>n.</lex> <ls>SUD.</ls> zu <ls>ĀPAST. GṚHY. 3,18</ls>.	sch	
gUQodaka	5-253-c	{#gUQodaka#}¦ wohl {%ein Wassergefäss mit einem engen Halse, so dass das Wasser darin nicht zu sehen ist,%} <ls>UTTAMAC. 71</ls>.	sch	
gaNgAstava	2-299-c	{#gaNgAstava#}¦ <lex>m.</lex> Titel eines Werkes <ls>OPP. Cat. 1</ls>.	sch	
gaNgarAmaBawwa	2-299-c	{#gaNgarAmaBawwa#}¦ <lex>m.</lex> <ab>N. pr.</ab> eines Autors <ls>OPP. Cat. 1</ls>. {#˚wwIya#} <lex>n.</lex> {%sein Werk%} <ls><ab>ebend.</ab></ls>	sch	
gaNgezwikA	5-253-b	{#*gaNgezwikA#}¦ <lex>f.</lex> {%ein <ab>best.</ab> Baum%} <ls>ZACH. Beitr.</ls>	sch	
gaRaDarasArDaSataka	7-337-a	{#gaRaDarasArDaSataka#}¦ <lex>n.</lex> Titel eines Werkes <ls>Ind. St. 16</ls>. <ls n="Ind. St.">17</ls>. <ls>Festgr. 55</ls>.	sch	
gaRakAnanda	2-299-c	{#gaRakAnanda#} <lex>m.</lex>, {#gaRacaturTIcandradarSanakaTA#} <lex>f.</lex>, {#gaRaniGaRwu#} <lex>m.</lex>, {#gaRapatipurARa#} <lex>n.</lex>, {#˚pativiDAna#} <lex>n.</lex>, {#gaRaPalaviveka#} <lex>m.</lex>, {#gaRitacan	sch	
gaRaniGaRwu	7-337-a	{#gaRaniGaRwu#}, {#gaRapatipurARa#}, {#˚pativiDAna#} und {#gaRaPalaviveka#}¦ 2.	sch	
gaReSvaradIkzita	2-299-c	{#gaReSvaradIkzita#}¦ <lex>m.</lex> <ab>N. pr.</ab> eines Autors <ls>OPP. Cat. 1</ls>. {#˚tIya#} <lex>n.</lex> {%sein Werk%} <ls><ab>ebend.</ab></ls>	sch	
gaRikAtva	5-253-b	{#gaRikAtva#}¦, <lex>n.</lex> <ab>Nom. abstr.</ab> zu {#gaRaka#} 3〉a〉 <ls>UTTAMAC. 389</ls>.	sch	
gaRqIkowanaka	7-337-b	{#*gaRqIkowanaka#}¦ <lex>n.</lex> {%der Klöpfel eines solchen Gong%} <ls>MAHĀVY. 279</ls>. <ab>Vgl.</ab> {#gaRqirAkowitA#} <ls>DIVYĀVAD. 335,13</ls>.	sch	
gaRqaberuRqanfsiMhamantra	2-299-c	{#gaRqaberuRqanfsiMhamantra#}¦ Titel eines <is>Mantra</is> <ls>OPP. Cat. 1</ls>.	sch	
gaYjapati	7-336-d	{#*gaYjapati#}¦ <lex>m.</lex> etwa {%Schatzmeister%} <ls>MAHĀVY. 186,32</ls>.	sch	
gaYjulikA	3-260-c	{#gaYjulikA#}¦ <lex>f.</lex> = {#dIrGA gamBIrAH kuwilAH SlakzRA jYalASayAH#} <ls>ŚĪLĀṄKA. 2,3. 3</ls>.	sch	
gacCAntargata	3-260-c	{#gacCAntargata#}¦ <lex>Adj.</lex> <ab>dass.</ab> <ls><ab>ebend.</ab></ls>	sch	
gacCanirgata	3-260-c	{#gacCanirgata#}¦ <lex>Adj.</lex> (ein <is>Jaina</is>-Mönch) {%der nicht im Verbande mit Andern lebt%} <ls>ŚĪLĀṄKA.</ls>	sch	
gacCavAsin	3-260-c	{#gacCavAsin#}¦ <lex>Adj.</lex> (ein <is>Jaina</is>-Mönch) {%der im Verbande mit Andern lebt%} <ls>ŚĪLĀṄKA. 1,367</ls>.	sch	
gadADarIya	7-337-b	{#gadADarIya#}, {#gadyawIkA#}, {#gadyaBAzya#} und {#gadyavyAKyA#}¦ 2.	sch	
gaganagirimunIndracarita	2-299-c	{#gaganagirimunIndracarita#}¦ <lex>n.</lex> Titel eines Werkes <ls>OPP. Cat. 1</ls>.	sch	
gajAsTija	7-336-d	{#gajAsTija#}¦ <lex>Adj.</lex> <ab>Bez.</ab> {%einer Art von Pfeilen, die in einem ehrlichen Kampfe nicht gebraucht werden dürfen,%} <ls>MBH. 7,189,12</ls>.	sch	
gajAvartalakzaRa	7-336-d	{#gajAvartalakzaRa#}¦ 2.	sch	
gajaBawwa	2-299-c	{#gajaBawwa#}¦ <lex>m.</lex> <ab>N. pr.</ab> eines Autors <ls>OPP. Cat. 1</ls>. {#˚wwIya#} <lex>n.</lex> {%sein Werk%} <ls><ab>ebend.</ab></ls>	sch	
gajalakzaRa	2-299-c	{#gajalakzaRa#} <lex>n.</lex>, {#gajavEdya#} <lex>n.</lex> und {#˚SAstra#} <lex>n.</lex>¦ Titel von Werken <ls>OPP. Cat. 1</ls>.	sch	
gajanimIlana	3-260-c	{#gajanimIlana#}¦ <lex>n.</lex> = {#gajYanimIlikA#} 1〉.	sch	
gajasUtravAda	2-299-c	{#gajasUtravAda#} <lex>m.</lex>, {#˚sUtrArTavAda#} <lex>m.</lex>, {#gajAvartalakzaRa#} <lex>n.</lex> und {#gajendramokza#} <lex>m.</lex>¦ Titel von Werken <ls>OPP. Cat. 1</ls>.	sch	
gajendramokza	7-336-d	{#gajendramokza#}¦ 2.	sch	
gallarka	7-337-d	{#gallarka#}¦ = {#galvarka#} <ls>R. ed. Bomb. 3,43,29</ls>.	sch	
gamAgamika	2-299-c	{#gamAgamika#}¦ <lex>m.</lex> {%Unterhändler, Botschafter%} <ls>J. A. S. Beng. 47,405,35</ls>.	sch	
ganDamAMsi	4-298-b	{#ganDamAMsi#}¦ (metrisch) <lex>f.</lex> = {#˚mAMsI#} <ls>VARĀH. BṚH. S. 51,15</ls>.	sch	
ganDapAzARavant	7-337-b	{#ganDapAzARavant#}¦ <lex>Adj.</lex> {%Schwefel enthaltend%} <ls>DAŚAK. (1883) 128,5</ls>. Nach dem <ab>Comm.</ab> = {#manaHSilAdiDAtupAzARamaya#}.	sch	
ganDapravAdA	6-300-c	{#ganDapravAdA#}¦ <lex>f.</lex> <ab>Pl.</ab> <ab>Bez.</ab> {%bestimmter Sprüche%} <ls>J. A. O. S. 11,380</ls>.	sch	
ganDarvapratyupasTitA	7-337-c	{#ganDarvapratyupasTitA#}¦ <lex>Adj.</lex> <lex>f.</lex> {%schwanger geworden%} <ls>DIVYĀVAD. 1,15</ls>. <ls n="DIVYĀVAD.">440,13</ls>. <ab>Vgl.</ab> <ls>PISCHEL, Ved. St. 77. fgg.</ls>	sch	
ganDasragdAmavant	3-260-c	{#ganDasragdAmavant#}¦ <lex>Adj.</lex> {%mit wohlriechenden Guirlanden versehen%} <ls>MĀN. GṚHY. 2,6</ls>.	sch	
garBAvezwana	7-337-d	{#garBAvezwana#}¦ <lex>n.</lex> {%Schafhaut, Amnion%} <ls>HAR.</ls> zu <ls>ĀPAST. GṚHY. 14,15</ls>.	sch	
garBacikitsA	2-300-a	{#garBacikitsA#} <lex>f.</lex> und {#garBapurImAhAtmya#} <lex>n.</lex>¦ Titel zweier Werke <ls>OPP. Cat. 1</ls>.	sch	
garBapurImAhAtmya	7-337-d	{#garBapurImAhAtmya#}¦ 2.	sch	
garBasaMplava	6-300-c	{#garBasaMplava#}¦ <lex>m.</lex> {%Fehlgeburt%} <ls>MBH. 2,17,38</ls>.	sch	
garuqadaRqaka	2-300-a	{#garuqadaRqaka#}, {#garuqanAmAzwottaraSata#} <lex>n.</lex>, {#garuqapaYcASat#} <lex>f.</lex> und {#garuqaSrIraNgamAhAtmya#} <lex>n.</lex>¦ Titel von Werken <ls>OPP. Cat. 1</ls>.	sch	
gatapUrva	3-260-c	{#gatapUrva#}¦ <lex>Adj.</lex> {%früher betreten%} <ls>MBH. 3,296,20</ls>.	sch	
gfhacAraka	7-338-d	{#gfhacAraka#}¦ {%Leben und Treiben eines Haushalters%} <ls>JĀTAKAM. 18,20</ls>.	sch	
gfhameDA	7-338-d	{#gfhameDA#}¦ <lex>f.</lex> = {#gArhasTya#} <ls>DHARMAŚARMĀBHY. 3,73</ls>.	sch	
gfhapIWikA	2-300-a	{#gfhapIWikA#}¦ <lex>f.</lex> Titel eines Werkes <ls>OPP. Cat. 1</ls>.	sch	
gfhaye	2-300-a	{#gfhaye#}¦ zu streichen, da die richtige Lesart {#gfhe#} (<ls>MAITR. S. 1,9,5</ls>) = {#gfhyate#} ist.	sch	Y
gfhyapIWikA	2-300-a	{#gfhyapIWikA#} <lex>f.</lex>, {#gfhyapraSna#} <lex>m.</lex>, {#gfhyaratna#} <lex>n.</lex>, {#gfhyAyanaprayoga#} <lex>m.</lex> und {#gfhyARqapille#}¦ Titel von Werken <ls>OPP. Cat. 1</ls>.	sch	
girI	3-261-a	{#girI#}¦ <lex>Adv.</lex> mit {#kar#} {%zu einem Berge anhäufen%} <ls>HEM. PAR. 12,4</ls>.	sch	
glAnapratyayaBEzajya	7-339-d	{#glAnapratyayaBEzajya#}¦ <lex>n.</lex> {%ein <ab>best.</ab> Arzeneimittel%} <ls>MAHĀVY. 239</ls>. <ls>DIVYĀVAD. 143,6</ls>.	sch	
glAnatA	7-339-d	{#glAnatA#}¦ <lex>f.</lex> {%das Verwelken%} <ls>R. ed. Bomb. 3,73,23</ls>. Wohl fehlerhaft für {#mlAnatA#}.	sch	
glaTamlaTa	7-339-d	{#*glaTamlaTa#}¦ (!) <lex>m.</lex> <ls>MAHĀVY. 245,1166</ls>.	sch	
goDanagiri	5-253-c	{#goDanagiri#}¦ <lex>m.</lex> <ab>N. pr.</ab> eines {%Berges%} <ls>HARṢAC. (1936) 423,8</ls>.	sch	
goLikA	7-339-a	{#goLikA#}¦ <ab>s. u.</ab> {#golaka#} weiter unten.	sch	
goSAlIputra	7-339-b	{#*goSAlIputra#}¦ ({#goSalI˚#} <ab>gedr.</ab>) <lex>m.</lex> = {#goSAli#} <ls>MAHĀVY. 179</ls>.	sch	
goSAstra	7-339-b	{#goSAstra#}¦ 2.	sch	
gocaraBAzAmuhUrtaviDi	2-300-a	{#gocaraBAzAmuhUrtaviDi#}¦ <lex>m.</lex> Titel eines Werkes [Page2-300-b] <ls>OPP. Cat. 1</ls>.	sch	
godApariRaya	2-300-b	{#godApariRaya#} <lex>m.</lex>, {#godAstuti#} <lex>f.</lex>, {#gopadmavrata#} <lex>n.</lex>, {#gopAlaratnAkara#} <lex>m.</lex>, {#˚pAlaviMSati#} <lex>f.</lex>, {#gopIcandanamAhAtmya#} <lex>n.</lex>, {#gopInATIya#} <lex>n	sch	
golaBa	7-339-a	{#golaBa#}¦ <lex>m.</lex> <ab>N. pr.</ab> eines <is>Gandharva</is> <ls>R. ed. Bomb. 4,22,28. fg.</ls>	sch	
gominda	7-339-a	{#gominda#}¦ = {#govinda#} <ls>BÜHLER</ls> in <ls>Ind. Antiq. VALLABHĪ-Gr. No. XVI.</ls>	sch	
gopAlaratnAkara	7-339-a	{#gopAlaratnAkara#} <ab n="und">u.</ab> {#˚pAlaviMSati#}¦ 2.	sch	
gopIcandanamAhAtmya	7-339-a	{#gopIcandanamAhAtmya#}, {#gopInATIya#} und {#˚pariBAzA#}¦ 2.	sch	
gopItilakA	7-387-c	{#gopItilakA#}¦ <lex>f.</lex> {%ein <ab>best.</ab> Vogel%} <ls>PADDH.</ls> zu <ls>KAUŚ. 26,18</ls>. <ls n="KAUŚ. 26,">20</ls>.	sch	
gopadmavrata	7-339-a	{#gopadmavrata#}¦ 2.	sch	
gopitar	7-339-a	{#gopitar#}¦ <ab>Nom. ag.</ab> {%Hüter%} <ls>JĀTAKAM. 10,34</ls>.	sch	
goptfmant	3-261-b	{#goptfmant#}¦ <lex>Adj.</lex> {%einen Beschützer habend%} <ls>KAUṢ. UP. 2,1</ls>.	sch	
gosahasrin	6-301-a	{#gosahasrin#}¦ <lex>Adj.</lex> {%tausend Kühe besitzend%} <ls>MBH. 13,102,43</ls>.	sch	
govindagItA	7-339-b	{#govindagItA#}¦ 2.	sch	
govindarAjIya	7-339-b	{#govindarAjIya#}, {#˚vindavirudAvali#} und {#govEdyaSAstra#}¦ 2.	sch	
gozWIpurImAhAtmya	7-339-b	{#gozWIpurImAhAtmya#}¦ 2.	sch	
grAsapAtrI	7-339-c	{#grAsapAtrI#}¦ <lex>Adv.</lex> mit {#kar#} {%Etwas zum Verschlucken geeignet halten, als guten Bissen verschlucken%} <ls>SUBHĀṢITĀV. 996</ls>.	sch	
grAvaReya	2-300-b	{#*grAvaReya#}¦ <lex>m.</lex> <ab>Pl.</ab> <ab>N. pr.</ab> eines Kriegerstammes. <ab>Sg.</ab> {%ein Fürst desselben%} <is>gaṇa</is> {#yODeyAdi#} in der <ls>KĀŚ.</ls>	sch	
grahArcanaprokzaRa	7-339-c	{#grahArcanaprokzaRa#}, {#grahArcanaviDi#} und {#grahAzwaka#}¦ 2.	sch	
grahaRakriyAkrama	7-339-c	{#grahaRakriyAkrama#}¦ 2.	sch	
grahagocaraPala	2-300-b	{#grahagocaraPala#} <lex>n.</lex>, {#grahacezwAviDAna#} <lex>n.</lex> und {#grahaRakriyAkrama#} <lex>m.</lex>¦ Titel von Werken <ls>OPP. Cat. 1</ls>.	sch	
grahavicAra	2-300-b	{#grahavicAra#} <lex>m.</lex>, {#grahArcanaviDi#} <lex>m.</lex>, {#grahArcanaprokzaRa#} <lex>n.</lex> und {#grahAzwaka#} <lex>n.</lex>¦ Titel von Werken <ls>OPP. Cat. 1</ls>.	sch	
grahilI	5-253-c	{#grahilI#}¦ in {#Agraha˚#} mit {#BU#} so <ab>v. a.</ab> {%dem Drängen nachgeben%} <ls>HEM. PAR. 2,262</ls>.	sch	
guPA	7-338-c	{#guPA#}¦ oder {#gumPA#} <lex>f.</lex> <ls>PĀRASĪPRAKĀŚA 295</ls>.	sch	
guRagaRavant	4-298-c	{#guRagaRavant#}¦ <lex>Adj.</lex> {%mit vielen Vorzügen ausgestattet%} <ls>BHĀM. V. 1,19</ls>.	sch	
guRagrahItar	4-298-c	{#guRagrahItar#}¦ <ab>Nom. ag.</ab> {%Stricke empfangend%} und zugleich {%Vorzüge anerkennend%} <ls>BHĀM. V. 1,8</ls>.	sch	
guRapAWa	7-338-b	{#guRapAWa#}¦ 2.	sch	
guRastu	7-338-b	{#*guRastu#} <lex>n.</lex> und {#*˚stU#} <lex>f.</lex>¦ {%Baumwolle%} <ls>RĀJAN. 4,191</ls> nebst <ab>v. l.</ab>	sch	
guRquBawwa	2-300-a	{#guRquBawwa#}¦ <lex>m.</lex> <ab>N. pr.</ab> eines Autors <ls>OPP. Cat. 1</ls>. {#˚wwIya#} <lex>n.</lex> {%sein Werk%} <ls><ab>ebend.</ab></ls>	sch	
guptI	5-253-c	{#guptI#}¦ <lex>Adv.</lex> mit {#kar#} {%verstecken, verbergen%} <ls>UTTAMAC. 337</ls>.	sch	
gurucandrikA	2-300-a	{#gurucandrikA#} <lex>f.</lex>, {#gurujYAnavAsizWa#}, {#gurunAqi#} <lex>f.</lex>, {#gurutaraMgiRI#} <lex>f.</lex>, {#gurudIpikA#} <lex>f.</lex>, {#guruBAvaprakASikA#} <lex>f.</lex>, {#guruviDivijaya#} <lex>m.</lex>, {#gu	sch	
guruviDivijaya	7-338-c	{#guruviDivijaya#}, {#gurUpasattivijaya#} und {#gurvarTadIpikA#}¦ 2.	sch	
iBavant	7-386-d	{#iBavant#}¦ <lex>Adj.</lex> {%mit Elephanten versehen%} <ls><ab>ebend.</ab> 172</ls>.	sch	
iDmabarhis	2-294-c	{#iDmabarhis#}¦ <lex>n.</lex> {%Streu zum Brennen%} (?) <ls>Z. d. d. m. G. 9, LXXX.</ls>	sch	
iNgAla	5-249-c	{#iNgAla#}¦ <lex>m.</lex> prākritisch für {#aNgAra#} {%Kohle%} <ls>HARṢA</ls> im <ls><ab>Comm.</ab> zu VĀSAV. 191</ls>. <ab>Vgl.</ab> <ls>HEM. Pr. Gr. 1,47</ls>. <ls n="HEM. Pr. Gr. 1,">254</ls> und die <ab>Anm.</ab> zu 	sch	
iNgyaratna	2-294-c	{#iNgyaratna#} <lex>n.</lex> und {#iNgyaSikzA#} <lex>f.</lex>¦ Titel von Werken <ls>OPP. Cat. 1</ls>.	sch	
idaMPala	2-294-c	{#idaMPala#}¦ <lex>Adj.</lex> (<lex>f.</lex> {#A#}) {%mit diesem Lohn verbunden%} <ls>ŚAṂK.</ls> zu <ls>BṚH. ĀR. UP. S. 72</ls>.	sch	
idaMmaDura	4-296-b	{#idaMmaDura#}¦ <lex>n.</lex> {%ein <ab>best.</ab> Lied%} <ls>KĀṬH. 34,5</ls>. <ab>Vgl.</ab> {#idaM/maDu#}.	sch	
ikawI	5-249-c	{#*ikawI#}¦ oder {#*ikkawI#} <lex>f.</lex> {%eine <ab>best.</ab> Pflanze%} <ls>ZACH. Beitr.</ls>	sch	
ikzudaRqamaya	1-298-a	{#ikzudaRqamaya#}¦ <lex>Adj.</lex> {%aus Zuckerrohrstengeln gemacht%} <ls>HEMĀDRI 1,404,17</ls>.	sch	
ikzumaya	1-298-a	{#ikzumaya#}¦ <lex>Adj.</lex> {%aus Zuckerrohr gemacht%} <ls>HEMĀDRI 1,341,19</ls>.	sch	
ikzurasasamudra	7-320-d	{#ikzurasasamudra#}¦ <lex>m.</lex> {%das Syrupmeer%} <ls>ANIRUDDHA</ls> zu <ls>SĀṂKHYAS. 6,52</ls>.	sch	
ilAsura	5-249-c	{#ilAsura#}¦ <lex>m.</lex> {%ein Brahmane%} <ls>M. MÜLLER, Ren. 300</ls>.	sch	
inDanvant	1-298-a	{#inDanvant#}¦, lies {%auf dem Feuer stehend, heiss%}.	sch	
indIvarAkzI	3-256-b	{#indIvarAkzI#}¦ <lex>f.</lex> {%eine Lotusäugige%} <ls>CAURAP. (A.) 60</ls>.	sch	
indirApariRaya	2-294-c	{#indirApariRaya#} <lex>m.</lex> und {#induratneSvaraprasAda#} <lex>m.</lex>¦ Titel zweier Werke <ls>OPP. Cat. 1</ls>.	sch	
indrARImaha	7-321-b	{#indrARImaha#}¦ <lex>m.</lex> {%Feier der%} <is>Indrāṇī</is>, {%eine <ab>best.</ab> Hochzeitsceremonie%} <ls>SUD.</ls> zu <ls>ĀPAST. GṚHY. 2,15</ls>.	sch	
indraDfti	6-298-b	{#indraDfti#}¦ <lex>f.</lex> (?) <ls>VĀSAV. 296,4</ls>.	sch	
indradEvatya	1-298-a	{#indradEvatya#}¦ <lex>Adj.</lex> <is>Indra</is> {%zur Gottheit habend%} <ls>PĀR. GṚHY. 2,13,1</ls>.	sch	
indrajaya	1-298-a	{#indrajaya#}¦ <lex>m.</lex> wohl = {#indrajit#} 1〉 <ls>AGNI-P. 40,15</ls>.	sch	
indranIlamaRimaya	1-298-a	{#indranIlamaRimaya#}¦ <lex>Adj.</lex> = {#indranIlamaya#} <ls>HEMĀDRI 1,280,7</ls>.	sch	
indrapASa	1-298-a	{#indrapASa#}¦ <lex>m.</lex> <is>Indra</is>ʼs {%Schlinge%} <ls>PĀR. GṚHY. 3,7,3</ls>.	sch	
indraprasTamAhAtmya	1-298-a	{#indraprasTamAhAtmya#}¦ <lex>n.</lex> Titel eines Werkes <ls>BÜHLER, Rep. No. 53</ls>.	sch	
indrapucCa	2-294-c	{#indrapucCa#}¦ Titel eines Werkes <ls>OPP. Cat. 1</ls>.	sch	
indrapuruza	1-298-a	{#indrapuruza#}¦ <lex>m.</lex> <is>Indra</is>ʼs {%Diener%}. <ab>Pl.</ab> <ls>ĀŚV. GṚHY. 1,2,5</ls>.	sch	
indravarRa	3-256-b	{#indravarRa#}¦ <ls>HARIV. 6884</ls> fehlerhaft für {#induvarRa#}.	sch	
indrayAjin	3-256-b	{#indrayAjin#}¦ <lex>Adj.</lex> {%dem%} <is>Indra</is> {%opfernd%} <ls>MĀN. ŚR. 1,1,1</ls>.	sch	
indrotTApana	5-249-c	{#*indrotTApana#}¦ <lex>n.</lex> {%das Erwecken%} <is>Indra</is>ʼs <ls>DEŚĪN. 1,82</ls>. <ab>Vgl.</ab> <ls>WILSON, Sel. Works 1,127</ls>.	sch	
indumaRI	7-321-b	{#indumaRI#}¦ <lex>Adv.</lex> mit {#BU#} {%zum Mondstein werden%} <ls>DHARMAŚARMĀBHY. 17,9</ls>.	sch	
indumaRIy	7-321-b	{#indumaRIy#}¦ {%den Mondstein darstellen%} <ls><ab>ebend.</ab> 2,79</ls>.	sch	
induratneSvaraprasAda	7-321-b	{#induratneSvaraprasAda#}¦ 2.	sch	
indutA	1-298-a	{#indutA#}¦ <lex>f.</lex> <ab>Nom. abstr.</ab> zu {#indu#} 2〉 <ls>NAIṢ. 6,26</ls>.	sch	
induvaktrA	3-256-b	{#induvaktrA#}¦ <lex>f.</lex> {%eine Mondantlitzige%} <ls>CAURAP. (A.) 72</ls>.	sch	
induvarRa	3-256-b	{#induvarRa#}¦ <lex>Adj.</lex> {%mondfarbig%} <ls>HARIV. 2,63,96</ls>.	sch	
iqAtva	1-298-a	{#iqAtva/#}¦ <lex>n.</lex> <ab>Nom. abstr.</ab> von {#iqA#} <ls>MAITR. S. 4,2,3</ls>.	sch	
iqenyakratu	3-256-b	{#iqenyakratu#}¦ (sic) <lex>Adj.</lex> {%von preisenswerther Kraft%} <ls>ĀPAST. ŚR. 4,5,5</ls>.	sch	
itTaMgata	7-321-a	{#itTaMgata#}¦ <lex>Adj.</lex> {%in solcher Lage sich befindend%} <ls>JĀTAKAM. 21,15</ls>. <ls n="JĀTAKAM.">22,26</ls>. <ls n="JĀTAKAM. 22,">31</ls>.	sch	
itihAsasamuccayasaMgraha	2-294-c	{#itihAsasamuccayasaMgraha#} <lex>m.</lex> und {#itihAsottama#}¦ Titel zweier Werke <ls>OPP. Cat. 1</ls>.	sch	
itikartavyatAka	7-321-a	{#itikartavyatAka#}¦ <lex>Adj.</lex> {%zu Jmds Obliegenheit gehörig%} <ls>SUD.</ls> zu <ls>ĀPAST. GṚHY. 19,2</ls>.	sch	
itikrama	2-294-c	{#itikrama#}¦ <lex>m.</lex> <ab>Instr.</ab> {%auf solche Weise%} <ls>RAGH. ed. Calc. 7,39</ls>.	sch	
iyata	7-321-c	{#iyata#}¦ <lex>Adj.</lex> = {#iyant#} <ls>DIVYĀVAD. 112,16</ls>.	sch	
izvASanI	7-321-d	{#i/zvASanI#}¦ <lex>m.</lex> <ab>N. pr.</ab> eines Mannes <ls>MAITR. S. 4,2,2 (23,6)</ls>.	sch	
izwinirRaya	2-294-c	{#izwinirRaya#}¦ <lex>m.</lex> Titel eines Werkes <ls>OPP. Cat. 1</ls>.	sch	
izwiviDa	2-294-c	{#izwiviDa#}¦ <lex>Adj.</lex> {%in die Kategorie der%} {#izwi#} {%gehörig%} <ls>ĀPAST. ŚR. 7,28,1</ls>.	sch	
izwivizaya	2-294-c	{#izwivizaya#}¦ <lex>m.</lex> Titel eines Werkes <ls>OPP. Cat. 1</ls>.	sch	
jANgalIka	5-254-c	{#jANgalIka#}¦ <lex>m.</lex> {%Giftbeschwörer%} <ls>HARṢAC. 30,3</ls>. <ab>v. l.</ab> (<ls n="HARṢAC.">95,7</ls>) {#jANgulika#}.	sch	
jAlImAMsa	7-343-c	{#jAlImAMsa#}¦ (?) <ls>SUBHĀṢITĀV. 611</ls>.	sch	
jAqyavant	4-299-b	{#jAqyavant#}¦ <lex>Adj.</lex> {%keine Geschmacksempfindung habend%} <ls>SUŚR. 1,218,18</ls>.	sch	
jAtiKaRqana	7-343-b	{#jAtiKaRqana#} und {#jAticandrikA#}¦ 2.	sch	
jAyAMpatika	7-343-b	{#jAyAMpatika#}¦ <lex>n.</lex> {%Mann und Weib, Ehepaar%} <ls>DIVYĀVAD. 259,7</ls>.	bhs	
jIvAntarhita	7-343-d	{#jIvAntarhita#}¦ <lex>Adj.</lex> <ls>ŚĀṄKH. ŚR. 4,4,8</ls> nach dem <ab>Comm.</ab> = {#jIvatAntarhitaH = pitAmahAdiH pitrAdO jIvati#}.	sch	
jIvantiSUlA	7-343-d	{#jIvantiSUlA#}¦ <lex>Adj.</lex> <lex>f.</lex> <ab>Acc.</ab> mit {#kar#} <ab>Caus.</ab> (eine Frau) {%lebendig spiessen lassen%} <ls>DIVYĀVAD. 417,8</ls>.	sch	
jYAnAnuparivartin	7-344-a	{#*jYAnAnuparivartin#}¦ <lex>Adj.</lex> {%der höheren Erkenntniss folgend%} <ls>MAHĀVY. 9,14</ls>.	sch	
jaGna	7-342-c	{#jaGna#}¦ (!) <lex>Adj.</lex> {%verletzt%} <ls>DIVYĀVAD. 599,13</ls>.	sch	
jagadISIya	2-301-a	{#jagadISIya#}¦ <lex>n.</lex> <is>Jagadīśa</is>ʼs {%Werk%} <ls><ab>ebend.</ab></ls>	sch	
jagadvallaBa	2-301-b	{#jagadvallaBa#}, {#jagannATatarkapaYcAnana#}, {#˚nnATamAhAtmya#} <lex>n.</lex>, {#˚nnATIya#} <lex>n.</lex>, {#jawAdarpaRa#} <lex>m.</lex>, {#˚mUla#} <lex>n.</lex>, {#jawAmaRi#} <lex>m.</lex> und {#˚SikzA#} <lex>f.</lex>	sch	
jagatsUtravAdArTa	7-342-c	{#jagatsUtravAdArTa#}, {#jagadAnanda#}, {#jagadISIya#}, {#jagadvallaBa#}, {#jagannATatarkapaYcAnana#}, {#˚nnATamAhAtmya#} und {#˚nnATIya#}¦ 2.	sch	
jalodanapaYcaka	7-343-a	{#jalodanapaYcaka#}¦ 2.	sch	
jamBam	7-343-a	{#*jamBam#}¦ <ab>Absol.</ab> <ls>KĀŚ.</ls> zu <ls>P. 7,1,61</ls>.	sch	
jambUsvAmi	5-254-c	{#jambUsvAmi#}¦ (sic) <lex>m.</lex> <ab>N. pr.</ab> eines <is>Kevalin</is> <ls>VARDHAMĀNAC. 1,41</ls>.	sch	
janamahiza	7-387-d	{#janamahiza#}¦ <lex>m.</lex> {%ein gewöhnlicher Stier%} <ls>CAṆḌĪŚ. 79</ls>.	sch	
janapadakalyARa	7-342-d	{#*janapadakalyARa#}¦ <lex>n.</lex> Titel einer Erzählung <ls>MAHĀVY. 245,1222</ls>.	sch	
janasaMmarda	7-387-d	{#janasaMmarda#}¦ <lex>m.</lex> {%Menschengedränge%} <ls>MĀLATĪM. (ed. Bomb.) 354,9</ls>.	sch	
janmaBUmI	4-299-b	{#˚janmaBUmI#}¦ <lex>Adv.</lex> mit {#BU#} {%zum Geburtsland von — werden%} <ls>KĀD. 171,25 (294,8)</ls>.	sch	
janmatapovidyAcAravarRASramavant	5-254-c	{#janmatapovidyAcAravarRASramavant#}¦ <lex>Adj.</lex> {%durch Geburt, Askese, Wissenschaft, Sitte, Kaste und Lebensstadium hervorragend%} <ls>BHĀG. P. 5,26,30</ls>.	sch	
janmavarzAdiPala	2-301-b	{#janmavarzAdiPala#} <lex>n.</lex>, {#jayantInirRaya#} <lex>m.</lex>, {#jayantIvratakalpa#} <lex>m.</lex>, {#jayarAmIya#} <lex>n.</lex>, {#jalodanapaYcaka#} <lex>n.</lex>, {#jAtakakiraRAvali#} <lex>f.</lex>, {#jAtakapAri	sch	
javanaprajYa	7-343-b	{#*javanaprajYa#}¦ <lex>Adj.</lex> {%schnell begreifend%} <ls>MAHĀVY. 48,29</ls>.	sch	
jawAdarpaRa	7-342-c	{#jawAdarpaRa#} und {#˚mUla#}¦ 2.	sch	
jawAmaRi	7-342-c	{#jawAmaRi#} und {#˚SikzA#}¦ 2.	sch	
jawAmaha	7-342-c	{#*jawAmaha#}¦ <lex>m.</lex> {%ein <ab>best.</ab> Fest%} <ls>MAHĀVY. 229</ls>.	sch	
jawAsidDAntacandrikA	2-301-b	{#jawAsidDAntacandrikA#} <lex>f.</lex> und {#jawiSilAmAhAtmya#} <lex>n.</lex>¦ Titel zweier Werke <ls><ab>ebend.</ab></ls>	sch	
jawiSilAmAhAtmya	7-342-c	{#jawiSilAmAhAtmya#}¦ 2.	sch	
jayapUrva	4-299-b	{#jayapUrva#}¦ <lex>Adj.</lex> <ls>HARIV. 5429</ls> fehlerhaft für {#jalapUrRa#}.	sch	
jayarAmIya	7-343-a	{#jayarAmIya#}¦ 2.	sch	
jihIrizu	6-301-b	{#jihIrizu#}¦ <lex>Adj.</lex> metrisch für {#jihIrzu#} {%zu rauben verlangend%} <ls>SUPARṆ. 20,2</ls>.	sch	
jihvAniScAraka	7-343-c	{#*jihvAniScAraka˚#}¦ <lex>Adv.</lex> {%mit Ausstreckung der Zunge%} <ls>MAHĀVY. 263,58</ls>.	sch	
jihvAsPowakam	7-343-c	{#*jihvAsPowakam#}¦ <lex>Adv.</lex> {%mit der Zunge schnalzend%} <ls>MAHĀVY. 263,63</ls>.	sch	
jozwra	3-262-b	{#jozwra#} <lex>n.</lex> und {#jozwrI#} (zu {#jYozwar#}) <lex>f.</lex>¦ in Formeln, je nachdem das vorangehende Substantiv dieses oder jenes Geschlechts ist. <ls>MĀN. GṚHY. 1,4</ls>. <ab>Vgl.</ab> {#jozwar#}.	sch	
juka	5-254-c	{#juka#}¦ <lex>m.</lex> <lang n="greek">ζυγόν</lang>, {%die Wage im Thierkreise%} <ls>M. MÜLLER Ren. 326</ls>. Richtig {#jUka#}, <ab>vgl.</ab> <ls>Ind. St. 2,259</ls>.	sch	
jumbakA	7-343-d	{#jumbakA#}¦ <lex>f.</lex> <ab>Bez.</ab> einer <is>Gāyatrī</is> <ls>HĀRĪTA</ls> im <ls><ab>Comm.</ab> zu VS. 25,9</ls> und <ls>HEMĀDRI 3,a,903,4</ls>.	sch	
juzARavant	3-262-b	{#juzARavant#}¦ <lex>Adj.</lex> {%das Wort%} {#juzARa#} {%enthaltend%} <ls><ab>Comm.</ab> zu ĀPAST. ŚR. 6,31,12</ls>.	sch	
jyot	5-255-a	{#jyot#}¦ mit {#kar#} <ab>Simpl.</ab> und <ab>Caus.</ab> {%Abschied nehmen, Lebewohl sagen%} <ls><ab>Comm.</ab> zu HARṢAC. (1936) 354,5. 357,14</ls>.	sch	Y
jyotirjyotizparAyaRa	7-344-b	{#*jyotirjyotizparAyaRa#}¦ <lex>Adj.</lex> <ls>MAHĀVY. 147,4</ls>.	sch	
jyotistamaHparAyaRa	7-344-b	{#*jyotistamaHparAyaRa#}¦ <lex>Adj.</lex> <ls>MAHĀVY. 147,3</ls>.	sch	
jyotizmati	7-344-b	{#*jyotizmati#}¦ (!) <lex>m.</lex> <ab>N. pr.</ab> eines <is>Bodhisattva</is> <ls>MAHĀVY. 23,54</ls>.	bhs	
jyotizpaTa	3-262-c	{#jyotizpaTa#}¦ <lex>m.</lex> <ab>v. l.</ab> für {#dyotizpaTa#}.	sch	
jyotizpraBaratna	7-344-b	{#*jyotizpraBaratna#}¦ ({#˚praBA˚#} <ab>gedr.</ab>) <lex>n.</lex> {%ein <ab>best.</ab> Edelstein%} <ls>MAHĀVY. 235,21</ls>.	sch	
jyotkArita	7-387-d	{#jyotkArita#}¦ <lex>n.</lex> <ls><ab>ebend.</ab> 109</ls>. <ab>Vgl.</ab>	sch	
kANguzWa	5-252-a	{#*kANguzWa#}¦ <ls>ZACH. Beitr.</ls>	sch	Y
kARAdasaMgraha	2-297-c	{#kARAdasaMgraha#}¦ <lex>m.</lex> Titel eines Werkes <ls>OPP. Cat. 1</ls>.	sch	
kARqalavaRa	5-252-a	{#kARqalavaRa#}¦ <lex>n.</lex> {%eine Art Salz%} <ls>SUŚR. 2,36,16</ls>.	sch	
kARuBawwa	2-298-a	{#kARuBawwa#}¦ <lex>m.</lex> <ab>N. pr.</ab> eines Autors. {#˚BawwIya#} <lex>n.</lex> Titel seines Werkes <ls>OPP. Cat. 1</ls>.	sch	
kARvopanizad	2-298-a	{#kARvopanizad#} <lex>f.</lex>, {#kAtyAyanagfhya#} <lex>n.</lex> und {#kAtyAyanopanizad#} <lex>f.</lex>¦ Titel von Werken <ls>OPP. Cat. 1</ls>.	sch	
kASIkArikA	2-298-b	{#kASIkArikA#} <lex>f.</lex>, {#kASIdAsaprahasana#} <lex>n.</lex>, {#kASIDarmasaBA#} <lex>f.</lex>, {#kASyapasaMhitA#} <lex>f.</lex> und {#kASyapasUtra#} <lex>n.</lex>¦ Titel von Werken <ls>OPP. Cat. 1</ls>.	sch	
kAYcanamAlin	6-300-a	{#kAYcanamAlin#}¦ <lex>Adj.</lex> {%einen goldenen Kranz tragend%} <ls>MBH. 2,52,27</ls>.	sch	
kAYcanazWIvin	6-300-a	{#kAYcanazWIvin#}¦ <lex>m.</lex> <ab>N. pr.</ab> eines Sohnes des <is>Sṛñjaya</is> <ls>MBH. 12,30,1</ls>. <ab>Vgl.</ab> {#suvarRazWIvin#}.	sch	
kAcakAcya	7-331-b	{#kAcakAcya#}¦ ? <ls>SAHṚDAYALĪLĀ 1,7</ls>.	sch	
kAdalI	4-297-c	{#kAdalI#}¦ <lex>f.</lex> {%das Fell der%} {#kadalI#} {%genannten Antilopenart%} <ls>R. ed. Bomb. 3,43,36</ls>.	sch	
kAjava	3-259-b	{#kAjava/#}¦ (?) <ls>MAITR. S. 2,1,4</ls>.	sch	
kAkanIla	5-251-c	{#*kAkanIla#}¦ {%ein <ab>best.</ab> Baum%} <ls>ZACH. Beitr.</ls>	sch	
kAlADipara	2-298-a	{#kAlADipara#}¦ <lex>m.</lex> <ab>desgl.</ab> <ls>HĀLA 68</ls>.	sch	
kAlAmfta	2-298-a	{#kAlAmfta#} <lex>n.</lex> und {#kAlikulAmfta#} <lex>n.</lex>¦ Titel zweier [Page2-298-b] Werke <ls>OPP. Cat. 1</ls>.	sch	
kAlAtikrAnta	7-332-a	{#*kAlAtikrAnta#}¦ <lex>n.</lex> = {#kAlAtikramaRa#} <ls>MAHĀVY. 281,5</ls>.	sch	
kAlAtivAhana	5-252-a	{#kAlAtivAhana#}¦ <lex>n.</lex> {%das Hinbringen der Zeit%} <ls>DEVĪBHĀG. 3,12,20</ls>. <ls n="DEVĪBHĀG. 3,12,">21</ls>.	sch	
kAladIpikA	2-298-a	{#kAladIpikA#} <lex>f.</lex>, {#kAlanirRayaSikzA#} <lex>f.</lex>, {#kAlanemipurARa#} <lex>n.</lex> und {#kAlaprakASikA#}¦ Titel von Werken <ls>OPP. Cat. 1</ls>.	sch	
kAlahariRa	7-332-a	{#kAlahariRa#}¦ <lex>m.</lex> {%die Gazelle Zeit%} <ls>RUDRAṬA, ŚṚṄGĀRAT. 1,43</ls>.	sch	
kAlanirmARayoDin	3-259-b	{#kAlanirmARayoDin#}¦ <lex>Adj.</lex> <ls>HARIV. 4211</ls> nach <ls>NĪLAK.</ls> = {#samayAnusAriyudDakuSala#}.	sch	
kAlaparyAyaDarman	3-259-b	{#kAlaparyAyaDarman#}¦ <lex>m.</lex> = {#kAlaDarman#} <ls>MBH. 3,277,36</ls>.	sch	
kAlapfzwa	7-332-a	{#kAlapfzwa#}¦ ({#˚zWa#} die anderen <ab>Ausgg.</ab>) <lex>m.</lex> <ab>N. pr.</ab> eines Schlangendämons <ls>MBH. 8,34,29</ls>.	sch	
kAlasamApAdanIya	4-297-c	{#kAlasamApAdanIya#}¦ <lex>Adj.</lex> {%zur Ausfüllung der Zeit dienend%} <ls>ĀPAST. ŚR. 9,7,3</ls>. <ls n="ĀPAST. ŚR. 9,7,">4</ls>.	sch	
kAlasaptatikA	7-332-a	{#kAlasaptatikA#}¦ <lex>f.</lex> Titel eines Werkes <ls>Festgr. 55</ls>.	sch	
kAlavaYcana	5-252-a	{#kAlavaYcana#}¦ <lex>n.</lex> {%Zeitgewinnung%}.	sch	
kAlaviDAnapadDati	2-298-a	{#kAlaviDAnapadDati#}¦ <lex>f.</lex> Titel eines Werkes <ls>OPP. Cat. 1</ls>.	sch	
kAlavin	6-300-a	{#kAlavin#}¦ <lex>n.</lex> <ab>Pl.</ab> {%eine <ab>best.</ab> Schule%} <ls><ab>Comm.</ab> zu ĀPAST. ŚR. 14,23,14</ls>. Richtig {#kAlabavin#}.	sch	
kAlayApanA	4-297-c	{#kAlayApanA#}¦ <lex>f.</lex> = {#˚yApana#} <ls>Spr. 4397</ls>.	sch	
kAlecaryA	4-297-c	{#kAlecaryA#}¦ <lex>f.</lex> {%eine der Zeit entsprechende Beschäftigung%} <ls>ĀPAST. 1,31,21</ls>.	sch	
kAliSaMkara	2-298-b	{#kAliSaMkara#}¦ <lex>m.</lex> <ab>N. pr.</ab> eines Autors <ls>OPP. Cat. 1</ls>. {#˚rIya#} <lex>n.</lex> Titel seines Werkes <ls><ab>ebend.</ab></ls>	sch	
kAlidAsacandrikA	2-298-b	{#kAlidAsacandrikA#} <lex>f.</lex> und {#kAlidAsapaYcASat#} <lex>f.</lex>¦ Titel zweier Werke <ls>OPP. Cat. 1</ls>.	sch	
kAlikulAmfta	7-332-a	{#kAlikulAmfta#}, {#kAlita#}, {#kAlidAsacandrikA#} und {#˚dAsapaYcASat#}¦ 2.	sch	
kAloraga	5-252-a	{#kAloraga#}¦ <lex>m.</lex> {%eine schwarze Schlange%} <ls>VĀSAV. 191,2</ls>.	sch	
kAmAkzIstava	2-298-a	{#kAmAkzIstava#} <lex>m.</lex> und {#kAmAsikAzwaka#} <lex>n.</lex>¦ Titel zweier Werke <ls>OPP. Cat. 1</ls>.	sch	
kAmadogDrI	7-331-b	{#kAmadogDrI#}¦ 2.	sch	
kAmakalAsUtra	2-298-a	{#kAmakalAsUtra#} <lex>n.</lex> und {#kAmadogDrI#} <lex>f.</lex>¦ Titel zweier Werke <ls>OPP. Cat. 1</ls>.	sch	
kAmamiTyAcAra	7-331-c	{#*kAmamiTyAcAra#}¦ <lex>m.</lex> {%verkehrter Wandel in Betreff sinnlicher Neigungen, das Fröhnen verbotenen sinnlichen <ab n="Neigungen">N.</ab>%} <ls>MAHĀVY. 92</ls>.	sch	
kAmasaMdoha	6-300-a	{#kAmasaMdoha#}¦ <lex>Adj.</lex> {%wo Einem alle Wünsche gewährt werden%} <ls>BHĀG. P. 4,21,22</ls>.	sch	
kAmasamfdDa	2-298-a	{#kAmasamfdDa#}¦ <lex>m.</lex> <ab>N. pr.</ab> eines Kaufmanns <ls>HEM. PAR. 1,425</ls>.	sch	
kAmyayAjyA	3-259-b	{#kAmyayAjyA#}¦ <lex>f.</lex> {%ein bei der%} {#kAmyezwi#} {%gesprochener Spruch%} <ls><ab>Comm.</ab> zu TS. 1,1062,1</ls>.	sch	
kAnanadvIpa	2-298-a	{#kAnanadvIpa#}¦ <lex>m.</lex> <ab>N. pr.</ab> einer Inselstadt <ls>ŚĪLĀṄKA 1,379</ls>.	sch	
kAntAlIya	2-298-a	{#kAntAlIya#} <lex>n.</lex>, {#˚KaRqana#} <lex>n.</lex> und {#˚KaRqanamaRqana#} <lex>n.</lex>¦ Titel von Werken <ls>OPP. Cat. 1</ls>.	sch	
kAntAramaRqUka	3-259-b	{#kAntAramaRqUka#}¦ <lex>m.</lex> {%Waldfrosch%} <ls>MAHĀVĪRAC. 79,22</ls>.	sch	
kAntAy	6-300-a	{#kAntAy#}¦ auch {%dem Geliebten gleichen%}.	pwg	
kAntIkaraRa	3-259-b	{#kAntIkaraRa#}¦ <lex>n.</lex> {%das Schönmachen%} <ls>DHĀTUP. 32,97</ls>.	sch	
kAntisuDAmaya	6-300-a	{#kAntisuDAmaya#}¦ <lex>Adj.</lex> (<lex>f.</lex> {#I#}) {%aus Liebreiznektar gebildet%} (eine Schöne) <ls>KATHĀS. 51,154</ls>.	sch	
kAnvaSira	2-298-a	{#kAnvaSira#}¦ <lex>m.</lex> <ab>Pl.</ab> <ab>N. pr.</ab> eines Volkes <ls>MBH. 13,35,17</ls>. {#konva˚#} <ab>v. l.</ab>	sch	
kArADuni	7-387-b	{#kA/rADuni#}¦ II. <ab>Vgl.</ab> <ls>PISCHEL, Vedische Studien 59. fg.</ls>	sch	
kAraRyakAraka	7-331-c	{#*kAraRyakAraka#}¦ <lex>m.</lex> <ls>MAHĀVY. 186,167</ls> wohl fehlerhaft für {#kAraRAkAraka#} {%Marterer, Henker%}.	sch	
kArakavAdArTa	2-298-a	{#kArakavAdArTa#} <lex>m.</lex> und {#kArakArTanyAya#} <lex>m.</lex>¦ Titel zweier Werke <ls>OPP. Cat. 1</ls>.	sch	
kArikAdarpaRa	2-298-a	{#kArikAdarpaRa#} <lex>m.</lex>, {#kArikAratna#} <lex>n.</lex>, {#kArikAvali#} <lex>f.</lex>, {#kArikAvyAKyA#} <lex>f.</lex>, {#kArtavIryArjunakavaca#} <lex>n.</lex> und {#˚vIryArjunadIpArADanaviDi#} <lex>m.</lex>¦ Titel	sch	
kArmanAmika	4-297-c	{#kArmanAmika#}¦ <lex>Adj.</lex> {%in Bezug stehend zu einem nach der Thätigkeit sich richtenden Namen%} <ls>NIR. 1,13</ls>.	sch	
kArtasvaramaya	5-252-a	{#kArtasvaramaya#}¦ <lex>Adj.</lex> {%golden%} und {%kläglich tönend%} <ls>VĀSAV. 144,4</ls>.	sch	
kArttikAtyayika	7-331-d	{#*kArttikAtyayika#}¦ <lex>n.</lex> {%das Vergehen eines Mönchs, wenn er ein Extrakleid länger aufbewahrt als bis zum%} <is>Kārttika</is>-{%Vollmond%}. <ls>MAHĀVY. 260,30</ls>.	sch	
kAvAcikA	7-332-a	{#*kAvAcikA#}¦ <lex>f.</lex> <ls>MAHĀVY. 238</ls>, <ab>v. l.</ab>	sch	
kAverImAhAtmya	2-298-b	{#kAverImAhAtmya#} <lex>n.</lex>, {#kAvyakOmudI#} <lex>f.</lex>, {#kAvyadarpaRa#} <lex>m.</lex>, {#kAvyadIpikA#} <lex>f.</lex>, {#kAvyapaYcaka#} <lex>n.</lex>, {#kAvyaprakASikA#} <lex>f.</lex>, {#kAvyalakzaRa#} <lex>n.</	sch	
kAvyadarpaRa	7-332-b	{#kAvyadarpaRa#}, {#kAvyadIpikA#}, {#kAvyapaYcaka#} und {#kAvyaprakASikA#}¦ 2.	sch	
kAvyajIvajYa	5-252-a	{#kAvyajIvajYa#}¦ = {#SukragurubuDa#} und {#kAvyasyASayajYaH#} <ls>VĀSAV. 114,1</ls>.	sch	
kAvyamaya	7-332-b	{#kAvyamaya#}¦ <lex>Adj.</lex> {%aus einem Gedicht bestehend%} <ls>RUDRAṬA, ŚṚṄGĀRAT. 1,2</ls>.	sch	
kAyaSirogrIva	3-259-b	{#kAyaSirogrIva#}¦ <lex>n.</lex> <ab>Sg.</ab> {%Körper, Kopf und Hals%} <ls>BHAG. 6,13</ls>.	sch	
kAyacintA	2-298-a	{#kAyacintA#}¦ <lex>f.</lex> {%Nothdurft des Leibes%} <ls>HEM. PAR. 2,506</ls>.	sch	
kAyanibanDana	7-331-c	{#kAyanibanDana#}¦ <lex>n.</lex> = {#yogapawwa#} <ls>CARAKA 361,18</ls>. <ab>Vgl.</ab> {#kAyabanDana#}.	sch	
kAyasaMsTiti	5-252-a	{#kAyasaMsTiti#}¦ <lex>f.</lex> = {#kAyasTiti#} <ls>BHADRAB. 3,91</ls>.	sch	
kAzWamusuka	7-387-b	{#kAzWamusuka#}¦ <lex>m.</lex> {%ein <ab>best.</ab> Vogel%} <ls>PADDH.</ls> zu <ls>KAUŚ. 26,18</ls>.	sch	
kAzWavAhaka	5-252-a	{#kAzWavAhaka#}¦ <lex>m.</lex> {%Holzträger%} <ls>CAMPAKA 132</ls>.	sch	
kEvalyadarSin	7-334-d	{#kEvalyadarSin#}¦ <lex>Adj.</lex> {%das Selbst in seiner Reinheit erkennend%} <ls>ANIRUDDHA</ls> zu <ls>SĀṂKHYAS. 5,59</ls>.	sch	
kEwasa	4-298-a	{#kEwasa#}¦ <ab>s.</ab> {#maDukEwasasUdana#}.	sch	
kEyawapradIpa	2-299-a	{#kEyawapradIpa#} <lex>m.</lex>, {#kEyawaBAzyapradIpikA#} <lex>f.</lex> und {#kEyawIya#} [Page2-299-b] <lex>n.</lex>¦ Titel von Werken <ls>OPP. Cat. 1</ls>.	sch	
kIcakaveRuvetravant	6-300-a	{#kIcakaveRuvetravant#}¦ <lex>Adj.</lex> {%aus den%} <is>Kīcaka</is>, <is>Veṇu</is> [Page6-300-b] {%und%} <is>Vetra</is> {%genannten Rohrarten bestehend%} <ls>BHĀG. P. 8,2,19</ls>.	sch	
kIkasaka	2-298-b	{#*kIkasaka#}¦ <lex>n.</lex> {%Knochen%} <ls>RĀJAN. 18,68</ls>.	sch	
kIlAloDnI	3-259-c	{#kIlA/loDnI#}¦, so zu accentuiren.	sch	
kIragrAma	7-332-c	{#kIragrAma#}¦ <lex>m.</lex> <ab>N. pr.</ab> einer Stadt <ls>Festgr. 10. 16</ls>.	sch	
kIrtirAya	2-298-b	{#kIrtirAya#}¦ <lex>m.</lex> <ab>N. pr.</ab> eines <lang>Prākrit</lang>-Dichters <ls>HĀLA 135</ls>.	sch	
kIwatA	7-332-c	{#kIwatA#}¦ <lex>f.</lex> <ab>Nom. abstr.</ab> zu {#kIwa#} 1〉a〉 <ls>MBH. 13,118,3</ls>. <ls n="MBH. 13,118,">17</ls>. <ls n="MBH. 13,118,">19</ls>. <ls n="MBH. 13,">119,1</ls>.	sch	
kOSikapurARa	7-335-a	{#kOSikapurARa#}¦ 2.	sch	
kOmAratIya	2-299-b	{#kOmAratIya#} <lex>n.</lex>, {#kOmAravyAkaraRa#} <lex>n.</lex>, {#kOmudIprakASa#} <lex>m.</lex>, {#kOmudIvyAKyA#} <lex>f.</lex>, {#kOSikapurARa#} <lex>n.</lex>, {#kOstuBaBUzaRa#} <lex>n.</lex> und {#kOhalIyaSikzA#} <lex	sch	
kOnAla	5-252-c	{#kOnAla#}¦ <lex>Adj.</lex> (?) <ls>Ind. Antiq. 8,242</ls>.	sch	
kOrpa	5-252-c	{#kOrpa#}¦ = {#kOrpi#}, {#kOrpya#} <ls>M. MÜLLER, Ren. 326</ls>.	sch	
kOstuBaBUzaRa	7-335-a	{#kOstuBaBUzaRa#} <ab n="und">u.</ab> {#kOhalIyaSikzA#}¦ 2.	sch	
kOtUhalajAta	7-335-a	{#kOtUhalajAta#}¦ <lex>Adj.</lex> {%neugierig geworden%} <ls>JĀTAKAM. 14</ls>.	sch	
kUcimArasaMhitA	2-298-c	{#kUcimArasaMhitA#} <lex>f.</lex> und {#kUwAGawita#} <lex>n.</lex>¦ Titel zweier Werke <ls>OPP. Cat. 1</ls>.	sch	
kUpAdijalasTAnalakzaRa	2-299-a	{#kUpAdijalasTAnalakzaRa#} <lex>n.</lex> und {#kUreSavijaya#} <lex>m.</lex>¦ Titel zweier Werke <ls>OPP. Cat. 1</ls>.	sch	
kUreSavijaya	7-333-d	{#kUreSavijaya#}¦ 2.	sch	
kUrmamAhAtmya	2-299-a	{#kUrmamAhAtmya#} <lex>n.</lex>, {#kUrmAkftimudgAlakzaRagranTa#} <lex>m.</lex> und {#kUzmARqadIkzAnukramaRikA#} <lex>f.</lex>¦ Titel von Werken <ls>OPP. Cat. 1</ls>.	sch	
kUrmaputrakaTA	2-299-a	{#kUrmaputrakaTA#} <lex>f.</lex> und {#˚putrakevalicaritra#} <lex>n.</lex>¦ Titel zweier Werke <ls>Z. d. d. m. G. 33,481</ls>.	sch	
kUwAGawita	7-333-d	{#kUwAGawita#} und {#kUwI#}¦ 2.	sch	
kUwAgAraDAraRI	7-333-c	{#*kUwAgAraDAraRI#}¦ <lex>f.</lex> Titel eines Werkes [Page7-333-d] <ls>MAHĀVY. 65,64</ls>.	sch	
kUwAkzadevin	7-333-c	{#kUwAkzadevin#}¦ <lex>Adj.</lex> {%mit falschen Würfeln spielend%} <ls>NĀRADA 2,16,6</ls>.	sch	
kUwAkzopaDidevin	3-260-a	{#kUwAkzopaDidevin#}¦ <lex>Adj.</lex> {%mit falschen Würfeln oder Betrug spielend%} <ls>YĀJÑ. 2,202</ls>.	sch	
kUwadevin	7-333-c	{#kUwadevin#}¦ <lex>Adj.</lex> {%falsch spielend,%} <lex>m.</lex> {%Falschspieler%} <ls>BṚHASPATI</ls> in <ls>VIVĀDAR. 307</ls>.	sch	
kUzmARqadIkzAnukramaRikA	7-333-d	{#kUzmARqadIkzAnukramaRikA#}¦ 2.	sch	
kaNkamaya	2-297-a	{#kaNkamaya#}¦ <lex>Adj.</lex> (<lex>f.</lex> {#I#}) als <ab>Beiw.</ab> eines Dolches <ls>HEM. PAR. 6,204</ls> vielleicht so <ab>v. a.</ab> {#kaNkamuKa#}.	sch	
kaRAdanyAyaBUzaRa	2-297-a	{#kaRAdanyAyaBUzaRa#}¦ <lex>n.</lex> Titel eines Werkes <ls>OPP. Cat. 1</ls>.	sch	
kaRWapraRAlI	4-297-b	{#kaRWapraRAlI#}¦ <lex>f.</lex> {%Luftröhre%} <ls>BĀLAR. 50,16</ls>.	sch	
kaRamUwaka	2-297-a	{#kaRamUwaka#} oder {#˚mUqaka#}¦ {%Korn%} <ls>HEM. PAR. 2,713</ls>.	sch	
kaRikvika	5-251-b	{#kaRikvika#}¦ angeblich = {#aRu#} <ls>J. A. O. S. Procc. 1883, Oct. VIII.</ls>	sch	
kaRqIrapuzpI	2-297-a	{#kaRqIrapuzpI#}¦ <lex>f.</lex> {%eine <ab>best.</ab> Pflanze%} <ls>CARAKA 3,8</ls>.	sch	
kaRqelagacCa	2-297-a	{#kaRqelagacCa#}¦, lies {%Geschlechts%} <ab>st.</ab> Mannes.	sch	
kaRwakidruma	7-329-a	{#kaRwakidruma#}¦ <lex>m.</lex> {%ein Baum mit Dornen%} <ls>Spr. 1736</ls>.	sch	
kaTAbanDa	4-297-b	{#kaTAbanDa#}¦ <lex>m.</lex> {%Knüpfung der Erzählung,%} so <ab>v. a.</ab> {%Einleitung%} <ls>MBH. 1,59</ls> in der <ab>Unterschr.</ab>	sch	
kaTAprastAva	4-297-b	{#kaTAprastAva#}¦ <lex>m.</lex> {%eine sich darbietende Gelegenheit sich zu unterhalten%}. {#˚tas#} so <ab>v. a.</ab> {%im Laufe des Gespräches%} <ls>KATHĀS. 33,183</ls>. <ls n="KATHĀS.">49,9</ls>.	sch	
kaTAsAra	2-297-a	{#kaTAsAra#}¦ Titel eines Werkes <ls>OPP. Cat. 1</ls>.	sch	
kaYcukopAnahin	2-297-a	{#kaYcukopAnahin#}¦ <lex>Adj.</lex> {%ein Wamms und Schuhe tragend%} <ls>ĀPAST. 1,8,2</ls>, <ab>v. l.</ab>	sch	
kacCapArAvata	5-251-b	{#kacCapArAvata#}¦ <lex>m.</lex> {%eine Taubenart%} <ls>ALAṂKĀRAV. 205,b.</ls>	sch	
kacavara	5-251-b	{#*kacavara#}¦ <lex>m.</lex> = {#pUrowi#} <ls>ZACH. Beitr.</ls>	sch	
kacolaka	5-251-b	{#kacolaka#}¦ <lex>n.</lex> {%eine Art Wassergefäss%} <ls>UTTAMAC. 125</ls>. Vielleicht auch <ls n="UTTAMAC.">70</ls> so <ab>st.</ab> {#caluka#} zu lesen.	sch	
kadAcitkatva	7-329-b	{#*kadAcitkatva#}¦ <lex>n.</lex> <ls>MAHĀVY. 245,159</ls> fehlerhaft für {#kAdA˚#}.	sch	
kadISitar	3-258-c	{#kadISitar#}¦ <lex>m.</lex> {%ein schlechter Herrscher%} <ls>KAUTUKAS. 8</ls>.	sch	
kadambamukulanyAya	7-329-b	{#kadambamukulanyAya#}¦ <lex>m.</lex> <ls>MAHĀDEVA</ls> zu <ls>SĀṂKHYAS. 5,103</ls>.	sch	
kahra	2-297-c	{#kahra#}¦ <ls>LĀṬY. 8,6,12</ls> fehlerhaft für {#kadru#}.	sch	
kakkiRqa	5-251-b	{#*kakkiRqa#}¦ <lex>m.</lex> {%Eidechse%} <ls>ZACH. Beitr.</ls>	sch	
kakruca	7-328-d	{#kakruca#}¦ <ab>s.</ab> oben {#kakuca#}.	sch	
kakuBvant	3-258-c	{#kaku/Bvant#}¦ <lex>Adj.</lex> = {#kaku/nmant#} <ls>MAITR. S. 1,11,1</ls>.	sch	
kakzimAlikopanizad	2-297-a	{#kakzimAlikopanizad#} <lex>f.</lex> und {#kakzyamAlA#} <lex>f.</lex>¦ Titel zweier Werke <ls>OPP. Cat. 1</ls>.	sch	
kakzyamAlA	7-328-d	{#kakzyamAlA#}¦ 2.	sch	
kalAma	7-330-c	{#*kalAma#}¦ <lex>n.</lex> <ls>MAHĀVY. 233</ls> fehlerhaft für {#kalama#} <lex>m.</lex> {%Schreibrohr%}.	sch	
kalAmuhUrtAdimaya	3-259-b	{#kalAmuhUrtAdimaya#}¦ <lex>Adj.</lex> {%aus Minuten, Stunden%} <ab>u. s. w.</ab> {%bestehend%} <ls>VP. 4,1,26</ls>.	sch	
kalAvatIkAmarUpa	2-297-c	{#kalAvatIkAmarUpa#}¦ Titel eines Werkes <ls>OPP. Cat. 1</ls>.	sch	
kalaSapota	2-297-b	{#kalaSapota#}¦ <ab>N. pr.</ab> eines Dorfes <ls>J. A. S. Beng. 47,406,38</ls>.	sch	
kalaSodaDi	5-251-c	{#kalaSodaDi#}¦ <lex>m.</lex> {%das Meer als Butterfass%} <ls>MBH. 1,17,12</ls>.	sch	
kalahakaRwaka	2-297-c	{#kalahakaRwaka#}¦ <lex>m.</lex> <ab>N. pr.</ab> eines Mannes <ls>DAŚAK. (1925) 2,120,18</ls>.	sch	
kalirAja	2-297-c	{#kalirAja#}¦ <lex>m.</lex> <ab>N. pr.</ab> eines <lang>Prākrit</lang>-Dichters <ls>HĀLA 21</ls>.	sch	
kalivatsala	3-259-b	{#kalivatsala#}¦ <lex>m.</lex> <ab>N. pr.</ab> eines Fürsten <ls>KAUTUKAS.</ls>	sch	
kaliviqambana	2-297-c	{#kaliviqambana#}¦ <lex>n.</lex> Titel eines Werkes <ls>OPP. Cat. 1</ls>.	sch	
kalmAzABihava	7-330-d	{#kalmAzABihava#}¦ II. wohl fehlerhaft für {#kalmAzABizava#}.	sch	
kalpADipa	7-330-d	{#kalpADipa#}¦ <lex>m.</lex> = {#kalpanATa#} <ls>DHARMAŚARMĀBHY. 7,67</ls>.	sch	
kalpAntarvAcya	2-297-c	{#kalpAntarvAcya#}¦ <lex>n.</lex> <ab>Pl.</ab> Titel eines Werkes <ls>Z. d. d. m. G. 33,480</ls>.	sch	
kalpOzaDasevAdiprakAra	2-297-c	{#kalpOzaDasevAdiprakAra#} <lex>m.</lex>, {#kalyARaGfta#} <lex>n.</lex> und {#kalyARapurImAhAtmya#} <lex>n.</lex>¦ Titel von Werken <ls>OPP. Cat. 1</ls>.	sch	
kalpaSAla	6-300-a	{#kalpaSAla#}¦ <lex>m.</lex> = {#kalpataru#} 1〉 <ls>J. A. O. S. 6,505, <is n="Śloka">Śl.</is> 16</ls>.	sch	
kalpacUrRi	2-297-c	{#kalpacUrRi#}¦ <lex>f.</lex> Titel eines {%Commentars%} <ls>KALPAS. 115</ls>.	sch	
kalpanApoQa	7-330-d	{#kalpanApoQa#}¦ <lex>Adj.</lex> {%frei von aller Fiction, klar vor Augen liegend%} <ls>ANIRUDDHA</ls> zu <ls>SĀṂKHYAS. 1,89</ls>.	sch	
kalpasundarI	5-251-c	{#kalpasundarI#}¦ <lex>f.</lex> ein Frauenname <ls>DAŚAK. 78,4</ls>.	sch	
kalpavAsin	5-251-c	{#kalpavAsin#}¦ <lex>Adj.</lex> {%einen%} <is>Kalpa</is> {%(Weltperiode) bestehend%} <ls>BHĀG. P. 4,9,20</ls>.	sch	
kaluzI	3-259-b	{#kaluzI#}¦ <lex>Adv.</lex> mit {#BU#} {%beschmutzt —, verunreinigt werden%} <ls>ŚIŚ. 1,55</ls>.	sch	
kalvowaka	3-259-b	{#kalvowaka#}¦ oder {#kalhoQaka#} <lex>Adj.</lex> als Erklärung von {#gorahaya#} <ls>ŚĪLĀṄKA. 2,170</ls>.	sch	
kalyARaGfta	7-330-d	{#kalyARaGfta#}, {#kalyARapurImAhAtmya#}, {#kalyARalakzaRa#}, {#kalyARasOganDikA#}, [Page7-331-a] {#˚nibanDana#}, {#kalyARIpariRaya#} und {#kallAwa#}¦ 2.	sch	
kalyARasOganDikA	2-297-c	{#kalyARasOganDikA#} <lex>f.</lex>, {#˚nibanDana#} <lex>n.</lex> und {#kalyARIpariRaya#} <lex>m.</lex>¦ Titel von Werken <ls>OPP. Cat. 1</ls>.	sch	
kamalavallI	2-297-b	{#kamalavallI#} <lex>f.</lex>, {#kamalAkarRI#} <lex>f.</lex>, {#kamalAcalamAhAtmya#} <lex>n.</lex> und {#kamalinIkalahaMsa#} <lex>m.</lex>¦ Titel von Werken <ls>OPP. Cat. 1</ls>.	sch	
kambaladAya	7-329-d	{#*kambaladAya#}¦ <lex>Adj.</lex> {%ein wollenes Tuch%} <ab>u. s. w.</ab> {%zu schenken im Sinne habend%} <ls>KĀŚ.</ls> zu <ls>P. 3,3,12</ls>.	sch	
kamera	5-251-c	{#kamera#}¦ <ab>N. pr.</ab> eines Volkes oder Landes <ls>Ind. Antiq. 9,127</ls>. <ls n="Ind. Antiq. 9,">133</ls>.	sch	
kanakAmbuja	5-251-b	{#kanakAmbuja#}¦ <lex>n.</lex> {%eine Art Lotusblüthe%} <ls>HEM. PAR. 1,395</ls>.	sch	
kanakAsana	4-297-b	{#kanakAsana#}¦ <lex>n.</lex> {%Thron%} <ls>GĪT. 7,26</ls>.	sch	
kanakaDAraka	3-258-c	{#kanakaDAraka#}¦ <lex>m.</lex> <ls>R. GORR. 2,90,14</ls> vielleicht fehlerhaft über {#˚DAvaka#} {%Goldwäscher%}.	sch	
kanakaSrI	2-297-a	{#kanakaSrI#}¦ <lex>f.</lex> <ab>N. pr.</ab> einer Frau <ls>HEM. PAR. 2,83</ls>.	sch	
kanakadanta	6-299-c	{#kanakadanta#}¦, lies {#˚datta#}.	sch	
kanakajAnakI	6-299-c	{#kanakajAnakI#}¦ <lex>f.</lex> Titel eines Werkes <ls>Sitzungsberr. d. phil.-hist. Kl. der Wiener Ak. 106,480</ls>.	sch	
kanakakuSala	2-297-a	{#kanakakuSala#}¦ <lex>m.</lex> <ab>N. pr.</ab> eines Mannes <ls>Ind. St. 14,363</ls>.	sch	
kanakaleKA	2-297-a	{#kanakaleKA#}¦ <lex>f.</lex> <ab>N. pr.</ab> einer Prinzessin <ls>DAŚAK. (1925) 2,128,19</ls>.	sch	
kanakanandin	3-258-c	{#kanakanandin#}¦ <lex>m.</lex> <ab>N. pr.</ab> eines Wesens im Gefolge <is>Śiva</is>ʼs <ab>Cit.</ab> im <ls>ŚKDR.</ls> <ab n="unter">u.</ab> {#nandin#}.	sch	
kanakapattana	3-258-c	{#kanakapattana#}¦ <lex>n.</lex> {%Goldstadt,%} <ab>N. pr.</ab> einer mythischen Stadt.	sch	
kanakasenA	2-297-a	{#kanakasenA#}¦ <lex>f.</lex> <ab>desgl.</ab> <ls><ab>ebend.</ab> 2,80</ls>.	sch	
kanakavallIpariRaya	2-297-a	{#kanakavallIpariRaya#}¦ <lex>m.</lex> Titel eines Werkes <ls>OPP. Cat. 1</ls>.	sch	
kanakayazwimant	6-299-c	{#kanakayazwimant#}¦ <lex>Adj.</lex> {%mit einem goldenen Fahnenstock versehen%} (Wagen) <ls>MBH. 13,53,30</ls>.	sch	
kandarodarakUwavant	7-329-b	{#kandarodarakUwavant#}¦ <lex>Adj.</lex> {%Höhlen in seinem Innern und Kuppen habend%} ({#vinDya#}) <ls>R. ed. Bomb. 4,60,7</ls>.	sch	
kandukAbindukA	7-329-b	{#kandukAbindukA#}¦ <lex>f.</lex> <ab>N. pr.</ab> eines Flusses <ls>Festgr. 16</ls>.	sch	
kandukAvatI	2-297-a	{#kandukAvatI#}¦ <lex>f.</lex> <ab>N. pr.</ab> einer Prinzessin <ls>DAŚAK. (1925) 2,100,17</ls>.	sch	
kanizWatas	4-297-b	{#kanizWata/s#}¦ <lex>Adv.</lex> {%von unten hinauf, vom Kleinsten an%} <ls>MAITR. S. 2,1,9 (11,1)</ls>.	sch	
kanyAdUzayitar	3-258-c	{#kanyAdUzayitar#} <ab>Nom. ag.</ab> (<ls>MĀRK. P. 31,28</ls>) und [Page3-259-a] {#˚dUzin#} <lex>Adj.</lex> (<ls>YĀJÑ. 1,223</ls>)¦ {%eine Jungfrau schändend%}	sch	
kanyAmADava	2-297-a	{#kanyAmADava#}¦ Titel eines Werkes <ls>OPP. Cat. 1</ls>.	sch	
kapAlaSakala	6-299-c	{#kapAlaSakala#}¦ <lex>m.</lex> {%Hirnschale%} <ls>BĀLAR. 30,3</ls>.	sch	
kapAlavimocana	3-259-a	{#kapAlavimocana#}¦ <lex>n.</lex> {%ein <ab>best.</ab> Spruch%} <ls>ĀPAST. ŚR. 4,14,5</ls>. <ab>Comm.</ab> zu <ls n="ĀPAST. ŚR.">7,23,2</ls>.	sch	
kapInfpa	5-251-b	{#*kapInfpa#}¦ <lex>m.</lex> {%ein <ab>best.</ab> Baum,%} = {#rAjAdana#} <ls><ab>Comm.</ab> zu HARṢAC. 198,9</ls>.	sch	
kapawaSatamaya	6-299-c	{#kapawaSatamaya#}¦ <lex>Adj.</lex> {%aus hundertfachem Betrug bestehend%} <ls>Spr. 1038</ls>.	sch	
kapiYjalasaMhitA	2-297-b	{#kapiYjalasaMhitA#}¦ <lex>f.</lex> Titel eines Werkes <ls>OPP. Cat. 1</ls>.	sch	
kapolamUla	4-297-c	{#kapolamUla#}¦ <lex>n.</lex> {%Backenknochen%} <ls>Spr. 7001</ls>.	sch	
kaqintala	7-329-a	{#*kaqintala#}¦ = {#kaqitula#} <ls>MAHĀVY. 238</ls>.	sch	
karRacCidraka	2-297-b	{#*karRacCidraka#}¦, lies <ls>79, <ab>Sch.</ab></ls>	sch	
karRadaGna	3-259-a	{#karRadaGna#}¦ <lex>Adj.</lex> {%bis an die Ohren reichend%} <ls>ĀPAST. ŚR. 5,14,8</ls>.	sch	
karRalAlikA	5-251-c	{#*karRalAlikA#}¦ <lex>f.</lex> = {#karRapASI#} <ls>ZACH. Beitr.</ls>	sch	
karRamowikA	7-330-a	{#karRamowikA#}¦ <lex>f.</lex> = {#˚mowI#} <ls>DHARMAŚARMĀBHY. 5,13</ls>.	sch	
karRapASI	5-251-c	{#*karRapASI#} oder {#*˚pAsI#}¦ <lex>f.</lex> = {#karRalAlikA#} <ls>ZACH. Beitr.</ls>	sch	
karRaputra	2-297-b	{#karRaputra#}¦ <lex>m.</lex> <ab>N. pr.</ab> eines <lang>Prākrit</lang>-Dichters <ls>HĀLA 122</ls>.	sch	
karRarasAyanI	5-251-c	{#karRarasAyanI#}¦ <lex>Adv.</lex> mit {#kar#} {%zu einer Ohrenweide machen%}.	sch	
karRasuvarRa	5-251-c	{#*karRasuvarRa#}¦ <ab>N. pr.</ab> eines Landes <ls>HIOUEN-THSANG</ls>.	sch	
karRavedin	6-299-c	{#karRavedin#}¦ <lex>Adj.</lex> so <ab>v. a.</ab> {%auf Einflüsterungen hörend%} <ls>HARIV. 3,3,16</ls>.	sch	
karRikAy	7-330-a	{#karRikAy#}¦ {%die Samenkapsel einer Lotusblume darstellen, ihr gleichen%}. {#karRikAyita#} <ls>PĀRV. 605,29</ls>.	sch	
karaRamArga	7-387-a	{#karaRamArga#}¦ <lex>m.</lex> <ab>term. techn.</ab> aus der Tanzkunst <ls><ab>ebend.</ab> 125. 218</ls>.	sch	
karaReSvara	5-251-c	{#*karaReSvara#}¦ <lex>m.</lex> = {#Atman#} <ls>ZACH. Beitr.</ls>	sch	
karaditi	3-259-a	{#karaditi#}¦ (<ab>onomatop.</ab> mit {#iti#}) <ls>MĀN. GṚHY. 1,14</ls>.	sch	
karkIpravAdA	7-330-a	{#karkIpravAdA#}¦ <lex>f.</lex> <ab>Pl.</ab> <ab>Bez.</ab> {%der Verse%} <ls>AV. 4,38,5. fgg.</ls> <ls>KAUŚ. 21,11</ls>; <ab>vgl.</ab> <ls n="KAUŚ.">66,13</ls>.	sch	
karkaru	7-330-a	{#*karkaru#} und {#*mahA˚#}¦ {%eine <ab>best.</ab> Blume%} <ls>MAHĀVY. 240</ls>. {#karkaravaH#} und {#mahA˚#} wohl <ab>Pl.</ab>	sch	
karmANgaSrAdDa	6-299-c	{#karmANgaSrAdDa#}¦ <lex>n.</lex> {%ein <ab>best.</ab>%} <is>Śrāddha</is> <ls>M. MÜLLER, Ren. (CAPPELLERʼs Uebers.) 326</ls>.	sch	
karmAntavyAKyA	7-330-b	{#karmAntavyAKyA#}¦ 2.	sch	
karmadAna	7-330-b	{#*karmadAna#}¦ <lex>n.</lex> <ls>MAHĀVY. 281,160</ls>.	sch	
karmadAyAdavant	3-259-a	{#karmadAyAdavant#}¦ <lex>Adj.</lex> {%Thaten zu Erben habend,%} so <ab>v. a.</ab> {%in Folge vergangener Thaten wieder ähnliche Thaten begehend%} <ls>MBH. 13,1,73</ls>.	sch	
karmakaRwaka	6-299-c	{#*karmakaRwaka#}¦ <lex>m.</lex> {%<bot>Gardenia latiflora</bot>%} oder {%<bot>Fumaria parviflora</bot>%} <ls>RĀJAN. 5,8</ls>, <ab>v. l.</ab> <ab>Vgl.</ab> {#varmakaRwaka#}.	sch	
karmakarItva	3-259-a	{#karmakarItva#}¦ <lex>n.</lex> {%das Amt einer Dienerin%} <ls>SVAPNAC. 1,71</ls>.	sch	
karmasaMDa	6-299-c	{#karmasaMDa#}¦ <lex>Adj.</lex> {%in seinen Handlungen die Schranken kennend%} <ls>BHĀG. P. ed. Bomb. 6,5,42</ls>.	sch	
karmatas	3-259-a	{#karmatas#}¦ <lex>Adv.</lex> {%von Seiten der Handlung%} <ls>ĀPAST. ŚR. 3,11,2</ls>.	sch	
karmavipAkamahArRava	2-297-b	{#karmavipAkamahArRava#} <lex>m.</lex>, {#˚vipAkamADavIya#} <lex>n.</lex> und {#karmAntavyAKyA#} <lex>f.</lex>¦ Titel von Werken <ls>OPP. Cat. 1. S. 30, Sp. 3, Z. 3</ls> <ab>v. u.</ab> lies {#karz#} <ab>st.</ab> {#karb#}	sch	
karowikA	5-251-c	{#*karowikA#}¦ <lex>f.</lex> = {#karowi#} 1〉 <ls>DEŚĪN. 2,38</ls>. <ls n="DEŚĪN.">6,3</ls>.	sch	
karpUraprakarakaTA	2-297-b	{#karpUraprakarakaTA#}¦ <lex>f.</lex> <ab>Pl.</ab> Titel eines Werkes <ls>Z. d. d. m. G. 33,480</ls>.	sch	
karpUravartikA	2-297-b	{#karpUravartikA#}¦ <lex>f.</lex> Titel eines Werkes <ls>OPP. Cat. 1</ls>.	sch	
karuRAkandalI	2-297-b	{#karuRAkandalI#}¦ <lex>f.</lex> Titel eines Werkes <ls>OPP. Cat. 1</ls>.	sch	
karuRaveditar	6-299-c	{#karuRaveditar#}¦ <ab>Nom. ag.</ab> {%mitleidig%} <ls>MBH. 9,29,85</ls>.	sch	
karzUvIriRavant	6-299-c	{#karzUvIriRavant#}¦ <lex>Adj.</lex> {%mit Einschnitten und <bot>Andropogon muricatus</bot> versehen%} <ls>KĀTY. ŚR. 21,3,26</ls>.	sch	
kavalIkAra	4-297-c	{#kavalIkAra#}¦ <lex>m.</lex> {%das Verschlucken%} <ls>BHĀM. V. 1,54</ls>.	sch	
kavaqiMkArAhAra	7-331-a	{#*kavaqiMkArAhAra#}¦ <lex>m.</lex> {%die durch Schlucken (auf natürlichem Wege) aufgenommene Nahrung%} <ls>MAHĀVY. 118</ls>.	sch	
kavikaRWapASa	2-297-c	{#kavikaRWapASa#} <lex>m.</lex>, {#kavikarRapASa#} <lex>m.</lex>, {#kavidIpikAniGaRwu#} <lex>m.</lex>, {#kavirAkzasIya#} <lex>n.</lex>, {#kavisaMjIvinI#} <lex>f.</lex>, {#kavisevAdiniGaRwu#} <lex>m.</lex> und {#kavismfti	sch	
kavikarRapASa	7-331-a	{#kavikarRapASa#}, {#kavidIpikAniGaRwu#}, {#kavirAkzasIya#}, {#kavisaMjIvinI#}, {#kavisevAdiniGaRwu#} und {#kavismfti#}¦ 2.	sch	
kawABa	2-297-a	{#kawABa#}¦ <lex>m.</lex> <ab>N. pr.</ab> eines <is>Daitya</is> <ls>HARIV. 3,40,13</ls>. {#GawABa#} <ab>v. l.</ab>	sch	
kawAkzapAta	3-258-c	{#kawAkzapAta#}¦ <lex>m.</lex> {%Seitenblick%} <ls>MBH. 2,67,42</ls>.	sch	
kawadAna	6-299-b	{#kawadAna#}¦ <ab>s.</ab> unten {#kawidAna#}.	sch	
kawakkawiti	2-297-a	{#kawakkawiti#}¦ (<ab>onomatop.</ab> mit {#iti#}) {%knack !%} <ls>HEM. PAR. 11,156</ls>.	sch	
kawapra	2-297-a	{#*kawapra#}¦ <lex>m.</lex> {%Menge%} <ls>DEŚĪN. 2,13</ls>.	sch	
kawukaBAzin	3-258-c	{#kawukaBAzin#}¦ <lex>Adj.</lex> {%harte Reden führend%} <ls>MBH. 3,40,13</ls>.	sch	
kazwakazwa	7-331-a	{#kazwakazwa#}¦ <lex>Adj.</lex> (<lex>f.</lex> {#A#}) {%gar schlimm, — böse%} <ls>SUBHĀṢITĀV. 3338</ls>.	sch	
keSavasenA	7-334-c	{#keSavasenA#}¦ <lex>f.</lex> <ab>N. pr.</ab> einer Hetare <ls>KUṬṬANĪMATA 38</ls>.	sch	
kedAraBawwIya	2-299-a	{#kedAraBawwIya#}¦ <lex>n.</lex> <is>Kedārabhaṭṭa</is>ʼs {%Werk%} <ls>OPP. Cat. 1</ls>.	sch	
kedAreSvaravrata	2-299-a	{#kedAreSvaravrata#} <lex>n.</lex>, {#keralacintAmaRi#} <lex>m.</lex>, {#keralIyadvAdaSaBAva#} <lex>m.</lex> und {#keralotpatti#} <lex>f.</lex>¦ Titel von Werken <ls>OPP. Cat. 1</ls>.	sch	
kelicazaka	3-260-b	{#kelicazaka#}¦ <lex>n.</lex> {%Lustbecher%} <ls>PR. P. 6</ls>.	sch	
kelikft	3-260-a	{#kelikft#}¦ <lex>Adj.</lex> {%sein Spiel treibend mit%} (<ab>Instr.</ab>) [Page3-260-b] <ls>PR. P. 7</ls>.	sch	
keralIyadvAdaSaBAva	7-334-c	{#keralIyadvAdaSaBAva#} und {#keralotpatti#}¦ 2.	sch	
keralacintAmaRi	7-334-c	{#keralacintAmaRi#}¦ 2.	sch	
ketanaka	6-300-b	{#ketanaka#}¦ <ls>R. GORR. 2,103,6</ls> wohl fehlerhaft; <ab>vgl.</ab> 〔2,94,6〕 der anderen <ab>Ausgg.</ab>	sch	
ketar	7-334-b	{#ketar#}¦ <lex>m.</lex> {%eine <ab>best.</ab> Personification%} (als <is>Agni</is> erklärt) <ls>PĀR. GṚHY. 3,4,14</ls>. [Page7-334-c] {#ketA#} <lex>f.</lex> nach <ls>STENZLER</ls>.	sch	
ketayitar	5-252-c	{#ketayitar#}¦ <ab>Nom. ag.</ab> {%Aufforderer%}. <lex>f.</lex> {#˚trI#} <ls>SĀY.</ls> zu <ls>ṚV. 1,113,19</ls>.	sch	
kevalAnvayikevalavyatirekagranTa	2-299-a	{#kevalAnvayikevalavyatirekagranTa#} <lex>m.</lex> und {#kevalAnvayin#} <lex>m.</lex>¦ Titel von Werken <ls>OPP. Cat. 1</ls>.	sch	
kfcCravyavAya	6-300-b	{#kfcCravyavAya#}¦ <lex>Adj.</lex> {%Beschwerden beim coitus bietend%}. <ab>Nom. abstr.</ab> {#˚tA#} <lex>f.</lex> <ls>CARAKA 1,21</ls>.	sch	
kftaDAra	3-260-a	{#kftaDAra#}¦ <lex>Adj.</lex> {%geschärft, scharf%} <ls>MBH. 7,87,4</ls>.	sch	
kftamOna	4-298-a	{#kftamOna#}¦ <lex>Adj.</lex> {%Stillschweigen beobachtend%}. <ab>Nom. abstr.</ab> {#˚tva#} <lex>n.</lex> <ls>KATHĀS. 7,23</ls>.	sch	
kftamUla	4-298-a	{#kftamUla#}¦ <lex>Adj.</lex> {%fest wurzelnd, festen Fuss gefasst habend%} <ls>MBH. 1,202,11</ls>. <ls n="MBH.">2,5,109</ls>. <ls>Spr. 6827</ls>.	sch	
kftasaMpuwa	6-300-b	{#kftasaMpuwa#}¦ <lex>Adj.</lex> = {#kftAYjali#} 1〉 <ls>Verz. d.Oxf. H. 62, a, 10</ls>.	sch	
kftayantraRa	4-298-a	{#kftayantraRa#}¦ <lex>Adj.</lex> (<lex>f.</lex> {#A#}) {%sich Zwang anthuend, sich beherrschend%} <ls>KATHĀS. 61,294</ls>.	sch	
kftrimamARikyamaya	4-298-a	{#kftrimamARikyamaya#}¦ <lex>Adj.</lex> {%aus falschen Rubinen bestehend%} <ls>KATHĀS. 24,133</ls>.	sch	
kfttikAmAhAtmya	2-299-a	{#kfttikAmAhAtmya#} <lex>n.</lex> und {#kfdantatattvaboDinI#} <lex>f.</lex>¦ Titel zweier Werke <ls>OPP. Cat. 1</ls>.	sch	
kfttikAputra	7-334-a	{#kfttikAputra#}¦ <lex>m.</lex> <ab>Metron.</ab> <is>Skanda</is>ʼs <ls>AV. PARIŚ. 20,6</ls>.	sch	
kfzIvant	7-334-a	{#kfzIvant#}¦ <lex>m.</lex> {%Ackerbauer%} <ls>DHARMAŚARMĀBHY. 11,35</ls>.	sch	
kfzRAjAjI	7-334-b	{#kfzRAjAjI#}¦ <lex>f.</lex> {%<bot>Nigella indica</bot>%} <ls>MBH. 13,91,40</ls>.	sch	
kfzRAnadImAhAtmya	7-334-b	{#kfzRAnadImAhAtmya#}, {#kfzRArcana#} und {#kfzRArjunIya#}¦ 2.	sch	
kfzRAvatAracarita	7-334-b	{#kfzRAvatAracarita#}, {#kfzRAzwaka#}, {#kfzRAzwamIvrata#} und {#kfzRodanta#}¦ 2.	sch	
kfzRacarita	2-299-a	{#kfzRacarita#} <lex>n.</lex> und {#kfzRacUrRikA#} <lex>f.</lex>¦ Titel zweier Werke <ls>OPP. Cat. 1</ls>.	sch	
kfzRanAmAzwottara	2-299-a	{#kfzRanAmAzwottara#}¦ <lex>n.</lex> Titel eines Werkes <ls>OPP. Cat. 1</ls>.	sch	
kfzRapaRqitIya	2-299-a	{#kfzRapaRqitIya#}¦ <lex>n.</lex> <is>Kṛṣṇapaṇḍita</is>ʼs {%Werk%} <ls>OPP. Cat.</ls>	sch	
kfzRavijaya	2-299-a	{#kfzRavijaya#} <lex>m.</lex>, {#kfzRavilAsa#} <lex>m.</lex> und {#kfzRavratamAhAtmya#} <lex>n.</lex>¦ Titel von Werken <ls>OPP. Cat. 1</ls>.	sch	
kfzwamatI	5-252-c	{#kfzwamatI#}¦ <lex>Adv.</lex> mit {#kar#} {%pflügen und walzen%} <ls>HEM. PAR. 2,357</ls>. <ab>Vgl.</ab> {#matI#}.	sch	
kfzwasamI	5-252-c	{#kfzwasamI#}¦ <lex>Adv.</lex> mit {#kar#} <ab>dass.</ab> <ls>ŚIŚ. 12,21</ls>.	sch	
kiMDenu	7-332-b	{#kiMDenu#}¦ <lex>f.</lex> {%eine gemeine, gewöhnliche Kuh%} <ls>Ind. Antiq. 1887, S. 65, V. 10</ls>.	sch	
kiMdarA	5-252-a	{#*kiMdarA#}¦ <lex>f.</lex> {%die Laute der%} <is>Caṇḍāla</is> <ls>ZACH. Beitr.</ls> <ab>Vgl.</ab> {#kiMnarA, kiMnarI#}.	sch	
kiMdravya	3-259-c	{#kiMdravya#}¦ <lex>Adj.</lex> (<lex>f.</lex> {#A#}) {%aus welchem Stoffe bestehend ?%} <ls>MBH. 2,6,16</ls>.	sch	
kiMhetu	3-259-c	{#kiMhetu#}¦ <lex>Adj.</lex> {%welchen Grund habend ?%} <ls>MAHĀVĪRAC. 103,19</ls>.	sch	
kiMkaraRIyatA	7-332-b	{#*kiMkaraRIyatA#}¦ <lex>f.</lex> = {#kiMkartavyatA#} <ls>MAHĀVY. 245</ls>.	sch	
kiMnarikA	7-332-b	{#kiMnarikA#}¦ <lex>f.</lex> = {#kiMnarA#} 2〉 <ls>KATHĀS. 37,71</ls>.	sch	
kiMnibanDana	3-259-c	{#kiMnibanDana#}¦ <lex>Adj.</lex> (<lex>f.</lex> {#A#}) {%wodurch veranlasst ? worauf beruhend ?%}	sch	
kiMpavitra	3-259-c	{#kiM/pavitra#}¦ <lex>Adj.</lex> {%wodurch Läuterung erhaltend ?%} <ls>TS. 6,4,5,3</ls>.	sch	
kiMvistAra	3-259-c	{#kiMvistAra#}¦ <lex>Adj.</lex> (<lex>f.</lex> {#A#}) {%von welchem Umfange ?%} <ls>MBH. 2,6,16</ls>.	sch	
kiRI	7-332-b	{#kiRI#}¦ <lex>Adv.</lex> mit {#kar#} {%schwielig machen%} <ls>SUBHĀṢITĀV. 3217</ls>.	sch	
kiSorAjIya	2-298-b	{#kiSorAjIya#}¦ <lex>n.</lex> Titel eines Werkes <ls>OPP. Cat. 1</ls>.	sch	
kikviwa	5-252-a	{#kikviwa#}¦ oder {#˚wA#} {%ein <ab>best.</ab> Lockton%} <ls><ab>Comm.</ab> zu TBR. 1,1,9,9</ls>. <ab>Vgl.</ab> {#kikkiwA/#}.	sch	
kilAqa	7-332-c	{#*kilAqa#} und {#*kilAla#}¦ <ls>MAHĀVY. 230,9</ls> wohl = {#kilAwa#} oder {#kIlAla#} 1〉.	sch	
kilAsaMBava	4-297-c	{#kilAsaMBava#}¦ <lex>m.</lex> {%das Räudigwerden%} <ls>KĀṬH. 33,4</ls>.	sch	
kilikilAyita	7-332-c	{#*kilikilAyita#}¦ <lex>n.</lex> <ab>dass.</ab> <ls>MAHĀVY. 138,28</ls>, <ab>v. l.</ab> (besser).	sch	
kimAhAravihArin	5-252-a	{#kimAhAravihArin#}¦ <lex>Adj.</lex> {%welche Speise geniessend und welchen Vergnügungen nachgehend ?%} <ls>HARIV. 11171</ls>.	sch	
kimAyata	3-259-c	{#kimAyata#}¦ <lex>Adj.</lex> (<lex>f.</lex> {#A#}) {%von welcher Länge ?%} <ls>MBH. 2,6,16</ls>.	sch	
kirikARa	2-298-b	{#*kirikARa#}¦ <lex>Adj.</lex> = {#girikARa#} <ls><ab>ebend.</ab></ls>	sch	
koSakzaya	7-334-d	{#koSakzaya#}¦ <lex>m.</lex> {%Verlust des Schatzes%} <ls>MBH. 12,320,44</ls>.	sch	
kowaravant	7-387-c	{#kowaravant#}¦ <lex>Adj.</lex> {%Höhlen habend%} <ls>MĀLATĪM. (ed. Bomb.) 305,2</ls>.	sch	
kowiSatasahasratama	3-260-b	{#kowiSatasahasratama#}¦ <lex>Adj.</lex> (<lex>f.</lex> {#I#}) {%der 1000000,000000 ste%} <ls><ab>ebend.</ab></ls>	sch	
kowiSatatama	3-260-b	{#kowiSatatama#}¦ <lex>Adj.</lex> (<lex>f.</lex> {#I#}) {%der 1000,000000ste%} <ls><ab>ebend.</ab></ls>	sch	
kowiniyutaSatasahasratama	3-260-b	{#kowiniyutaSatasahasratama#}¦ <lex>Adj.</lex> (<lex>f.</lex> {#I#}) {%der%} — (nicht genau zu bestimmen) {%ste%} <ls>VAJRACCH. 35,9</ls>.	sch	
kowiviraha	2-299-b	{#kowiviraha#}¦ <lex>m.</lex> Titel eines Werkes <ls>OPP. Cat. 1</ls>.	sch	
kozWANga	7-334-d	{#kozWANga#}¦ <lex>n.</lex> {%ein Theil der Eingeweide%} (deren 15) <ls>CARAKA 371,1</ls>.	sch	
kozWI	6-300-b	{#kozWI#}¦ <lex>Adv.</lex> mit {#kar#} {%einschliessen, umzingeln%} <ls>MBH. 6,101,32</ls>.	sch	
krOYcaGAtin	7-335-c	{#krOYcaGAtin#}¦ <lex>m.</lex> <ab>Bein.</ab> <is>Skanda</is>ʼs <ls>VĀYU-P. 1,41,42</ls>.	sch	
kriyAgopana	7-335-b	{#kriyAgopana#}, {#kriyAdIpa#}, {#kriyAniGaRwu#} und {#kriyApradIpa#}¦ 2.	sch	
kriyAkEravacandrikA	2-299-b	{#kriyAkEravacandrikA#} <lex>f.</lex>, {#kriyAgopana#} <lex>n.</lex>, {#kriyAdIpa#} <lex>m.</lex>, {#kriyAniGaRwu#} <lex>m.</lex> und {#kriyApradIpa#} <lex>m.</lex>¦ Titel von Werken <ls>OPP. Cat. 1</ls>.	sch	
kuRWASmamAlAmaya	4-297-c	{#kuRWASmamAlAmaya#}¦ <lex>Adj.</lex> {%aus einer langen Reihe stumpfer Steine bestehend%} <ls>Spr. 3162</ls>.	sch	
kuRqamARqahomaviDi	2-298-b	{#kuRqamARqahomaviDi#}¦ <lex>m.</lex> Titel eines Werkes <ls>OPP. Cat. 1</ls>.	sch	
kuRqikopanizad	2-298-b	{#kuRqikopanizad#}¦ <lex>f.</lex> Titel einer <is>Upaniṣad</is> <ls>OPP. Cat. 1</ls>.	sch	
kuRqyAgrIya	2-298-b	{#kuRqyAgrI/ya#}¦ <lex>n.</lex> {%eine Lage —, ein Zustand, wie wenn man einen Krug auf den Kopf stellt,%} <ls>MAITR. S. 1,6,10</ls>.	sch	
kuSalAnAmaya	6-300-b	{#kuSalAnAmaya#}¦ <lex>n.</lex> <ab>Sg.</ab> {%Gesundheit und Wohlergehen%} <ls>R. 1,20,10</ls>.	sch	
kuSalavopAKyAna	2-298-c	{#kuSalavopAKyAna#}¦ <lex>n.</lex> Titel eines Werkes <ls>OPP. Cat. 1</ls>.	sch	
kuSavartaka	3-260-a	{#kuSavartaka#}¦ <ls>AV. 20,131,9</ls>.	sch	
kuTahAra	7-333-a	{#kuTahAra#}, {#˚hAri#}¦ oder {#˚hArI#} 6.	sch	
kuYjavant	3-259-c	{#kuYjavant#}¦ <lex>m.</lex> <ab>N. pr.</ab> eines Theiles des <is>Daṇḍaka</is>Waldes <ls>MAHĀVĪRAC. 79,20</ls>.	sch	
kuberI	7-333-a	{#kuberI#}¦ <lex>f.</lex> <ab>N. pr.</ab> einer Oertlichkeit <ls>Festgr. 57</ls>.	sch	
kuberasena	2-298-c	{#kuberasena#}¦ <ab>N. pr.</ab> 1〉 <lex>m.</lex> eines Kaufmanns <ls>HEM. PAR. 2,81</ls>. — 2〉 <lex>f.</lex> {#A#} einer Hetäre <ls n="HEM. PAR.">2,224</ls>.	sch	
kucapawwikA	3-259-c	{#kucapawwikA#}¦ <lex>f.</lex> {%Busentuch%}.	sch	
kucasTalI	7-332-d	{#kucasTalI#}¦ <lex>f.</lex> {%die weibliche Brust%} <ls>DHARMAŚARMĀBHY. 12,9</ls>.	sch	
kucelavftta	2-298-b	{#kucelavftta#} <lex>n.</lex> und {#kucelopAKyAna#} <lex>n.</lex>¦ Titel zweier Werke <ls>OPP. Cat. 1</ls>.	sch	
kudevendra	7-333-a	{#kudevendra#}¦ <lex>m.</lex> {%ein schlechter Götterfürst%} (<is>Indra</is>), <ab>Bez.</ab> <is>Nahuṣa</is>ʼs <ls>MBH. 13,99,25</ls>.	sch	
kudrIcISaPa	7-333-a	{#kudrIcISaPa#}¦ <lex>m.</lex> {%eine <ab>best.</ab> Pflanze%} <ls>KAUŚ. 50,22</ls>.	sch	
kugaRa	7-332-d	{#*kugaRa#}¦ <lex>Adj.</lex> = {#kugaRin#} <ls>MAHĀVY. 245,206</ls>.	sch	
kuguru	7-332-d	{#kuguru#}¦ <lex>m.</lex> {%ein schlechter%} <is>Guru</is> <ls>Festgr. 58</ls>.	sch	
kukarmapaYcAnana	3-259-c	{#kukarmapaYcAnana#}¦ <lex>m.</lex> <ab>N. pr.</ab> eines Mannes <ls>KAUTUKAS.</ls>	sch	
kukkusa	2-298-b	{#*kukkusa#}¦ {%Spreu%} (?) <ls>ŚĪLĀṄKA 2,71</ls>.	sch	
kukusa	7-332-d	{#kukusa#}¦ <lex>m.</lex> <ab>Pl.</ab> <ls>DĀRILA</ls> zu <ls>KAUŚ. 42,20</ls>. = {#kukkusa#} 2.	sch	
kulaBAvana	4-298-a	{#kulaBAvana#}¦ <lex>Adj.</lex> {%ein Geschlecht gründend%} <ls>MBH. 3,293,14</ls>.	sch	
kulamfgadfS	4-298-a	{#kulamfgadfS#}¦ <lex>f.</lex> {%eine tugendhafte Frau%} <ls>BHĀM. V. 2,77</ls>.	sch	
kulatattvanirUpaRa	7-333-b	{#kulatattvanirUpaRa#}¦ 2.	sch	
kullUkaBawwIya	2-298-c	{#kullUkaBawwIya#}¦ <lex>n.</lex> <is>Kullūka</is>ʼs {%Werk%} (Commantar zu <is>Manu</is>) <ls>OPP. Cat. 1</ls>.	sch	
kulmAzapiRqI	7-333-b	{#kulmAzapiRqI#}¦ <lex>f.</lex> {%ein <ab>best.</ab> Gericht%} [Page7-333-c] <ls>JĀTAKAM. 3,4</ls>. <ls n="JĀTAKAM. 3,">5</ls>. <ls n="JĀTAKAM. 3,">12</ls>.	sch	
kulopakaraRaSAlA	7-333-b	{#kulopakaraRaSAlA#}¦ <lex>f.</lex> {%Rathhaus%} <ls>DIVYĀVAD. 126,23</ls>.	sch	
kuluRWaka	5-252-b	{#kuluRWaka#}¦ <lex>m.</lex> {%Knüttel%} <ls>HARṢAC. (1936) 447,9</ls>.	sch	
kumAraBukti	3-259-c	{#kumAraBukti#}¦ <lex>f.</lex> {%wovon der Kronprinz den Niessbrauch [Page3-260-a] hat, Apanage des Kronprinzen%} <ls>MAHĀVĪRAC. 55,9</ls>.	sch	
kumArajAti	2-298-c	{#kumArajAti#}¦ <lex>f.</lex> {%eine <ab>best.</ab> Gesangsweise%} <ls>HARIV. 2,89,78</ls>.	sch	
kumAravant	6-300-b	{#kumAra/vant#}¦ <lex>m.</lex> <ab>N. pr.</ab> eines Mannes <ls>MAITR. S. 4,2,6</ls>.	sch	
kumBaGoRamAhAtmya	2-298-c	{#kumBaGoRamAhAtmya#}¦ <lex>n.</lex> Titel eines Werkes <ls>OPP. Cat. 1</ls>.	sch	
kumBagrIva	2-298-c	{#*kumBagrIva#}¦ <lex>m.</lex> {%eine Art Gefäss%} <ls>DEŚĪN. 2,20</ls>.	sch	
kumBakft	2-298-c	{#kumBakft#}¦ <lex>m.</lex> {%Töpfer%} <ls>HEM. PAR. 2,328</ls>.	sch	
kumatisAgara	3-259-c	{#kumatisAgara#}¦ <lex>m.</lex> <ab>N. pr.</ab> eines Mannes <ls>KAUTUKAS.</ls>	sch	
kumftyu	5-252-b	{#kumftyu#}¦ <lex>Adj.</lex> {%einen schlechten Tod habend%} <ls>HEM. PAR. 2,108</ls>.	sch	
kunaya	3-259-c	{#kunaya#}¦ <lex>m.</lex> {%schlechte Aufführung%} <ls>KAUTUKAS. 21</ls>.	sch	
kunayana	3-259-c	{#kunayana#}¦ <lex>Adj.</lex> {%mit bösen (zornigen) Augen%} <ls>KAUTUKAS. 1</ls>.	sch	
kundA	7-387-b	{#kundA#}¦ <lex>f.</lex> ein Frauenname <ls><ab>ebend.</ab> 247</ls>.	sch	
kundaputra	2-298-c	{#kundaputra#}¦ <lex>m.</lex> <ab>N. pr.</ab> eines <lang>Prākrit</lang>-Dichters <ls>HĀLA 136</ls>.	sch	
kupaWita	3-259-c	{#kupaWita#}¦ <lex>Adj.</lex> {%der schlecht%} (seine Rolle) {%gelernt hat%} <ls>Spr. 6284</ls>.	sch	
kupanTan	2-298-c	{#kupanTan#}¦ <lex>Adj.</lex> {%auf Irrwegen sich befindend%} <ls>Mon. d. B. A. 1880, S. 46, Z. 27</ls>.	sch	
kuqyasTa	7-332-d	{#kuqyasTa#}¦ <lex>Adj.</lex> {%hinter einer Wand befindlich%} <ls>ANIRUDDHA</ls> zu <ls>SĀṂKHYAS. 1,108</ls>.	sch	
kurAra	2-298-c	{#kurAra#}¦ <lex>m.</lex> = {#kulAla#} {%Töpfer%} <ls>KĀṬH. 17,13</ls>.	sch	
kuraNgadfS	7-333-b	{#kuraNgadfS#}¦ <lex>f.</lex> {%eine Gazellenäugige%} <ls>RUDRAṬA, ŚṚṄGĀRAT. 1,34</ls>.	sch	
kurahasya	5-252-b	{#kurahasya#}¦ <lex>n.</lex> {%ein niederträchtiges Geheimniss%} <ls>KATHĀS. 32,140</ls>.	sch	
kurukApurImAhAtmya	2-298-c	{#kurukApurImAhAtmya#} <lex>n.</lex> und {#kulatattvanirUpaRa#} <lex>n.</lex>¦ Titel zweier Werke <ls>OPP. Cat. 1</ls>.	sch	
kusumabARavilAsa	2-298-c	{#kusumabARavilAsa#}¦ <lex>m.</lex> Titel eines Werkes <ls>OPP. Cat. 1</ls>.	sch	
kusumamAsa	7-333-c	{#kusumamAsa#}¦ <lex>m.</lex> {%Blüthen-, Frühlingsmonat%} <ls>JĀTAKAM. 31</ls>.	sch	
kutIrTika	2-298-b	{#kutIrTika#}¦ <lex>m.</lex> {%ein schlechter Lehrer%} <ls>HEM. PAR. 13,88</ls>.	sch	
kutUhalavftti	2-298-b	{#kutUhalavftti#}¦ <lex>f.</lex> Titel eines Werkes <ls>OPP. Cat. 1</ls>.	sch	
kutUhalitA	3-259-c	{#˚kutUhalitA#}¦ <lex>f.</lex> {%Neugier, Verlangen nach%} <ls>CAṆḌAK. 74,3</ls>.	sch	
kutarkaKaRqana	2-298-b	{#kutarkaKaRqana#}¦ <lex>n.</lex> Titel eines Werkes <ls>OPP. Cat. 1</ls>.	sch	
kuvalayAmodinI	2-298-c	{#kuvalayAmodinI#}¦ <lex>f.</lex> Titel eines Werkes <ls>OPP. Cat. 1</ls>.	sch	
kuwIrI	5-252-b	{#kuwIrI#}¦ <lex>Adv.</lex> mit {#kar#} {%zur Hütte —, zur Wohnung erwählen%} <ls>VĀSAV. 264,2</ls>.	sch	
kuwakaRWa	5-252-b	{#*kuwakaRWa#}¦ <lex>m.</lex> {%ein <ab>best.</ab> Gefäss%} <ls>DEŚĪN. 2,20</ls>.	sch	
kuwimaha	7-332-d	{#*kuwimaha#}¦ <lex>m.</lex> = {#kuwImaha#} <ls>MAHĀVY. 229</ls>.	sch	
kuwumbaparigraha	3-259-c	{#kuwumbaparigraha#}¦ <lex>m.</lex> {%Hausgesinde, Familie%} <ls>PAÑCAT. 165,19</ls>.	sch	
kzAradagDa	2-299-b	{#kzAradagDa#}¦ <lex>n.</lex> {%<bot>Cauterium potentiale</bot>, Anwendung von Aetzmitteln%} (in der Chirurgie).	sch	
kzaRikapakza	7-335-c	{#kzaRikapakza#}¦ <lex>m.</lex> = {#kzaRikavAda#} <ls>ANIRUDDHA</ls> zu <ls>SĀṂKHYAS. 1,46</ls>.	sch	
kzaRikarAhusidDAnta	2-299-b	{#kzaRikarAhusidDAnta#} <lex>m.</lex> und {#kzatriyajapaviDAna#} <lex>n.</lex>¦ Titel zweier Werke <ls>OPP. Cat. 1</ls>.	sch	
kzamApana	4-298-b	{#kzamApana#}¦ <lex>n.</lex> {%das um Verzeihung Bitten%} <ls>BHĀM. V. 2,63</ls>.	sch	
kzapakaSreRi	4-298-b	{#kzapakaSreRi#}¦ <lex>f.</lex> {%das schrittweise Zerstören der sündhaften Zustände, von denen jeder die Ursache des folgenden ist,%} <ls>ŚĪLĀṄKA 1,191. fg.</ls>	sch	
kzatimant	6-300-c	{#kzatimant#}¦ <lex>Adj.</lex> {%verwundet%} <ls>ŚIŚ. 19,78</ls>.	sch	
kzatriyajapaviDAna	7-335-d	{#kzatriyajapaviDAna#}¦ 2.	sch	
kzemaRIya	7-336-a	{#kzemaRIya#}¦ (!) <lex>Adj.</lex> <ab>Compar.</ab> {#˚tara#} {%behaglicher, von besserer Gesundheit%} <ls>DIVYĀVAD. 110,2</ls>.	sch	
kzetrAnukramaRI	2-299-b	{#kzetrAnukramaRI#}¦ <lex>f.</lex> Titel eines Werkes <ls>OPP. Cat. 1</ls>.	sch	
kzetranirmARaviDi	2-299-b	{#kzetranirmARaviDi#}¦ <lex>m.</lex> Titel eines Werkes <ls>OPP. Cat. 1</ls>.	sch	
kzitikzamAvant	7-335-d	{#kzitikzamAvant#}¦ <lex>Adj.</lex> {%geduldig wie die Erde%} <ls>R. ed. Bomb. 4,24,25</ls>. <ls n="R. ed. Bomb. 4,24,">31</ls>.	sch	
kzmApavitra	6-300-c	{#kzmApavitra#}¦ <lex>m.</lex> oder <lex>n.</lex> <ab>v. l.</ab> für {#kzApavitra#}.	sch	
kzudraDamanI	3-260-c	{#kzudraDamanI#}¦ <lex>f.</lex> {%eine kleinere Ader%} oder {%Gefäss des Körpers%} <ls>VIṢṆUS. 96,84</ls>.	sch	
kzutsaMbADa	6-300-c	{#kzu/tsaMbADa#}¦ <lex>Adj.</lex> {%von Hungersnoth heimgesucht%} <ls>TS. 7,4,11,2</ls>.	sch	
kzuttas	7-336-a	{#kzuttas#}¦ <lex>Adv.</lex> {%vor —, durch Hunger%} <ls>MBH. 12,141,71</ls>.	sch	
lapanA	7-371-d	{#*lapanA#}¦ <lex>f.</lex> etwa {%Geklatsch%} <ls>MAHĀVY. 127,59</ls>.	sch	
laspUjani	7-371-d	{#laspUjani˚#}¦ = {#˚nI#} <ls>KĀTY. ŚR. 8,4,21</ls>.	sch	
leRqikA	7-372-a	{#leRqikA#}¦ <lex>f.</lex> = {#leRqa#}. <ab>Pl.</ab> <ls>DĀRILA</ls> zu <ls>KAUŚ. 48,32</ls>.	sch	
leSaSas	7-372-a	{#leSaSas#}¦ <lex>Adv.</lex> {%in Stücke%} (schneiden) <ls>R. ed. Bomb. 3,56,25</ls>.	sch	
lohakarRa	6-306-a	{#lohakarRa#}¦ zu streichen; <ab>vgl.</ab> oben {#aDIlohAkarRI#}.	sch	
mAtaNgavedi	6-305-b	{#*mAtaNgavedi#}¦ oder {#*˚vedI#} <lex>f.</lex> = {#vAraRqaka#} 2〉b〉 <ls>H. an. 4,32</ls>. <ls>MED. k. 202</ls>.	sch	
mAyAbalavant	7-367-d	{#mAyAbalavant#}¦ <lex>Adj.</lex> {%über die Macht eines Zaubers verfügend%} <ls>R. 7,29,26</ls>.	sch	
mEtrIpAramitA	5-263-c	{#mEtrIpAramitA#}¦ <lex>f.</lex> {%die höchste Stufe des Wohlwollens%}.	sch	
maRinda	6-305-a	{#*˚maRinda#}¦ <lex>m.</lex> etwa {%Knecht%} oder {%Aufseher%}. {#go˚, aSva˚#} <ls>KĀŚ.</ls> zu <ls>P. 6,2,66</ls>.	sch	
maRqUzikA	7-366-b	{#maRqUzikA#}¦ <ab>s.</ab> oben <ab n="unter">u.</ab> {#mawUzikA#}.	sch	Y
maYjulI	7-366-b	{#maYjulI#}¦ <lex>Adv.</lex> mit {#kar#} {%reizend —, lieblich machen%} <ls>DHARMAŚARM. 9,75</ls>.	sch	
madguka	7-366-c	{#madguka#}¦ <lex>m.</lex> = {#madgu#} 1〉 <ls>R. ed. Bomb. 3,56,20</ls>.	sch	
madodaka	5-262-c	{#madodaka#}¦ <lex>n.</lex> = {#madAmbu#} <ls>ŚIŚ. 17,37</ls>.	sch	
mahASAntI	6-305-a	{#mahASAntI#}¦ <lex>f.</lex> metrisch = {#˚SAnti#} 1〉 <ls>VARĀH. BṚH. S. 46,81</ls>.	sch	
mahasvasara	5-263-b	{#mahasva/sara#}¦ <lex>n.</lex> {%die grosse Stätte%} <ls>ŚAT. BR. 4,3,5,20</ls>. <ls>ĀPAST. ŚR. 13,10,1</ls>. Nach <ls>WEBER</ls> ist {#mahasvasarasya#} in <ls>ŚAT. BR.</ls> {#mahaH/ sva/sarasya#}; <ab>vgl.</ab> <ls>KĀT	sch	
mahaviSva	6-305-a	{#mahaviSva#}¦ <lex>m.</lex> {%eine <ab>best.</ab> Personification%} <ls>ŚĀṄKH. GṚHY. 3,5</ls>. <ab>Vgl.</ab> {#viSvamaha#}.	sch	Y
mananavant	5-263-a	{#mananavant#}¦ <lex>Adj.</lex> {%mit Ehrenbezeugungen verbunden%} <ls>SĀY.</ls> zu <ls>ṚV. 1,165,2</ls>.	sch	
mandayitar	5-263-a	{#mandayitar#}¦ <ab>Nom. ag.</ab> {%Erfreuer%} <ls>SĀY.</ls> zu <ls>ṚV. 1,165,15</ls>.	sch	
manmaTavant	7-367-a	{#manmaTavant#}¦ <lex>Adj.</lex> {%verliebt%} <ls>R. ed. Bomb. 4,28,13</ls>.	sch	
mantravaSI	5-263-a	{#mantravaSI#}¦ mit {#kar#} {%durch einen Zauberspruch bemeistern%} <ls>HEM. PAR. 1,190</ls>.	sch	
martyI	5-263-a	{#martyI#}¦ <lex>Adv.</lex> mit {#BU#} {%ein Sterblicher —, ein Mensch werden%} <ls>HEM. PAR. 2,415</ls>. <ls n="HEM. PAR. 2,">419</ls>.	sch	
marutANka	5-263-a	{#marutANka#}¦ <lex>m.</lex> {%ein <ab>best.</ab> Thier%} <ls>SVAPNAC. 2,18</ls>.	sch	
maryAs	7-367-b	{#ma\ryA\s#}¦ als Partikel = {#eva#} <ls>PISCHEL, Studien 61. fgg.</ls> <ls>MAITR. S. 3,9,3 (134,2). 4,8,2 (109,4)</ls> nach der richtigen Lesart {#bahu^rmaryA#}.	sch	
mataNgasarasa	7-366-b	{#mataNgasarasa#}¦ <lex>m.</lex> <ab>N. pr.</ab> eines Sees <ls>R. ed. Bomb. 3,75,14</ls>.	sch	
matisAgara	5-262-c	{#matisAgara#}¦ <lex>m.</lex> <ab>N. pr.</ab> eines Mannes <ls>CAMPAKA 146</ls>.	sch	
meRqya	5-263-c	{#meRqya#}¦ (?) <ls>BHADRAB. 4,18</ls>.	sch	
merukadambaka	5-263-c	{#*merukadambaka#}¦ <ls>ZACH. Beitr.</ls>	sch	
mfdumaDya	7-369-a	{#mfdumaDya#}¦ <lex>Adj.</lex> (<lex>f.</lex> {#A#}) als <ab>Bez.</ab> einer <ab>best.</ab> {#kzAnti#} <ls>DIVYĀVAD. 271,13</ls>.	sch	
mfgAruvrata	7-368-d	{#mfgAruvrata#}¦ (nicht {#mfgAra˚#}) <lex>n.</lex> {%eine <ab>best.</ab> Begehung des%} <is>Brahmacārin</is> <ls>AV. PADD.</ls> zu <ls>KAUŚ. 57</ls>.	sch	
mfqIcI	7-369-a	{#mfqIcI#}¦ <lex>f.</lex> {%ein kleines Stück%} <ls>KAUŚ. 47,46</ls>.	sch	
musuntikA	7-368-d	{#*musuntikA#}¦ <lex>f.</lex> ? <ls>MAHĀVY. 245,667</ls>.	sch	
mutsarI	6-305-b	{#mutsarI#}¦ <lex>f.</lex> {%eine <ab>best.</ab> Stellung der rechten Hand beim Abschiessen des Pfeils%} <ls>ŚĀRṄG. PADDH.</ls> <ls>DHANURVEDA 83</ls>. <ls n="DHANURVEDA">87</ls>.	sch	
muzwiGAtam	5-263-c	{#muzwiGAtam#}¦ <ab>Absol.</ab> mit {#han#} {%mit den Fäusten dreinschlagen%} <ls>ŚIŚ. 18,12</ls>.	sch	
nAmANkita	6-302-c	{#nAmANkita#}¦ <lex>Adj.</lex> = {#nAmANka#} <ls>VIKRAM. 78,10</ls>.	sch	
nAnAgneya	7-352-b	{#nA/nAgneya#}¦ <lex>n.</lex> <ls>MAITR. S. 1,7,2 (112,8)</ls>.	sch	
nAnAmantrOGasidDimant	4-301-a	{#nAnAmantrOGasidDimant#}¦ <lex>Adj.</lex> {%im Besitz von einer Menge wirksamer Zaubersprüche seiend%} <ls>KATHĀS. 70,55</ls>.	sch	
nAnAratnAkaravant	5-257-c	{#nAnAratnAkaravant#}¦ <lex>Adj.</lex> {%eine Fundgrube für mancherlei Juwelen habend%} <ls>VARĀH. BṚH. S. 48,24</ls>.	sch	
nArikelI	7-352-c	{#nArikelI#}¦ III. <ls>VIJÑ.</ls> zu <ls>YĀJÑ. 3,289. fg.</ls>	sch	
nAtimudAvant	4-300-c	{#nAtimudAvant#}¦ <lex>Adj.</lex> {%nicht sehr erfreut, — froh%} <ls>MĀRK. P. 69,12</ls>.	sch	
nAtiprasIdant	6-302-c	{#nAtiprasIdant#}¦ <lex>Adj.</lex> {%nicht ganz heiter seiend%} <ls>BHĀG. P. 1,4,27</ls>.	sch	
nEhArika	5-258-b	{#nEhArika#}¦ (?) <ls>VASIṢṬHA 19,15</ls>.	sch	
nEjAmazAha	5-258-b	{#nEjAmazAha#}¦ <lex>m.</lex> <ab>N. pr.</ab> eines Fürsten <ls>Einl. zu DALAPATIʼs NṚSIṂHAPRASĀDA (nach JOLLY)</ls>. <ab>Vgl.</ab> {#nijAma#}.	sch	
nEvaSEkzASEkza	7-354-c	{#*nEvaSEkzASEkza#}¦ <lex>m.</lex> {%weder ein%} <is>Śaikṣa</is> {%noch ein%} <is>Aśaikṣa</is>, <ab>d. i.</ab> {%ein unbekehrter Mensch%} <ls>MAHĀVY. 95,10</ls>.	sch	
nIhArAdri	7-354-b	{#nIhArAdri#}¦ <lex>m.</lex> <ab>Bein.</ab> des <is>Himālaya</is> <ls>PĀDĀRAVINDAŚ. 28</ls>.	sch	
nIhAragiri	7-354-b	{#nIhAragiri#}¦ <lex>m.</lex> = {#nIhArAdri#} <ls>DHARMAŚARM. 9,73</ls>.	sch	
nIkz	6-303-a	{#nIkz#}¦ (= {#nikz#}) mit {#pra#} {%spiessen auf%} (<ab>Loc.</ab>) <ls>ĀPAST. ŚR. 7,22,9</ls>.	sch	Y
nOcakrIvant	4-301-b	{#nOcakrIvant#}¦ <lex>m.</lex> {%ein Eigenthümer von Schiffen und Wagen%} <ls>GAUT. 10,33</ls>.	sch	
nOnetar	7-354-d	{#nOnetar#}¦ <lex>m.</lex> {%Steuermann%} <ls>SUD.</ls> zu <ls>ĀPAST. GṚHY. 6,2</ls>.	sch	
nadeSa	5-257-b	{#nadeSa#}¦ <lex>m.</lex> {%das Meer%} <ls>VĀSAV. 73,1</ls>.	sch	
naktaMBojin	4-300-c	{#naktaMBojin#}¦ <lex>Adj.</lex> = {#naktaBojin#} (so <ab>v. l.</ab>) <ls>MBH. 3,13734</ls>.	sch	
nandanaBawwAcArya	5-257-b	{#nandanaBawwAcArya#}¦ <lex>m.</lex> <ab>N. pr.</ab> eines Autors <ls>Einl. zu ŚĀŚVATA XI, <ab>N.</ab> 2</ls>.	sch	
nandimitra	5-257-b	{#nandimitra#}¦ <lex>m.</lex> <ab>N. pr.</ab> eines der 5 <is>Śrutakevalin</is> <ls>VARDHAMĀNAC. 1,43</ls>.	sch	
nanditA	6-302-c	{#nanditA#}¦ <lex>f.</lex> <ab>N. pr.</ab> einer <is>Dikkumārī</is> <ls>PĀRŚVAN. 3,73</ls>.	sch	
narajANgala	7-388-c	{#narajANgala#}¦ <lex>n.</lex> {%Menschenfleisch%} <ls><ab>ebend.</ab> 162,1</ls>.	sch	
narakavartman	7-351-d	{#*narakavartman#}¦ <lex>n.</lex> {%vulva;%} <ab>s. u.</ab> {#saMbADa#} 1〉c〉.	sch	
narmAlI	5-257-b	{#*narmAlI#}¦ <lex>f.</lex> <ls>ZACH. Beitr.</ls>	sch	
navAlAbu	3-264-c	{#*navAlAbu#}¦ <lex>f.</lex> <ab>v. l.</ab> für {#nAgAlAbu#} <ls>RĀJAN. 7,160</ls>. <ls>NIGH. PR.</ls>	sch	
navavarga	5-257-b	{#navavarga#}¦ <lex>m.</lex> {%eine Gruppe —, eine Zusammenstellung von Neunen%}.	sch	
navayoga	4-300-c	{#navayoga#}¦ <lex>Adj.</lex> {%neunfach%} <ls>MBH. 3,134,16</ls>.	sch	
nayahIna	3-264-c	{#nayahIna#}¦ <lex>Adj.</lex> {%der Klugheit ermangelnd%} <ls>KIR. 2,49</ls>.	sch	
nayanAyuDa	7-351-d	{#nayanAyuDa#}¦ ? <ls>VIKRAMĀṄKAC. 9,52</ls>.	sch	
nayanavant	7-388-c	{#nayanavant#}¦ <lex>Adj.</lex> {%Augen habend%} <ls>MĀLATĪM. (ed. Bomb.) 97,1</ls>.	sch	
niBftI	4-301-a	{#niBftI#}¦ <lex>Adv.</lex> mit {#kar#} {%still halten, nicht bewegen%} (die Augen) <ls>Z. d. d. m. G. 36,531</ls>.	sch	
niHsaraDArA	7-354-a	{#*niHsaraDArA#}¦ <lex>f.</lex> = {#udakaDArA#} <ls>MAHĀVY. 195,25</ls>.	sch	
niSAdAru	6-302-c	{#niSAdAru#}¦ <ls>ŚĀRṄG. PADDH. 85,52</ls>.	sch	
niSvAsAy	7-388-c	{#niSvAsAy#}¦ {%zum Athem werden%} <ls>DAMAYANTĪK. 80</ls>.	sch	
nicCuraRa	6-302-c	{#nicCuraRa#}¦ <lex>n.</lex> <ls>KĀD. (1793)</ls> fehlerhaft für {#vicCuraRa#}.	sch	
nihrAdavant	7-354-a	{#nihrAdavant#}¦ <lex>Adj.</lex> {%lärmend%} <ls>KIR. 14,27</ls>.	sch	
nijAma	5-257-c	{#nijAma#}¦ <lex>m.</lex> {%Nizām%} <ls>Z. d. d. m. G. 37,546</ls>. <ab>Vgl.</ab> {#nEjAmazAha#}.	sch	
nilopam	5-258-a	{#*nilopam#}¦ <ab>Absol.</ab> {%raubend%} <ls>VYUTP. 127</ls>. {#*nilopahAraka#} <lex>Adj.</lex> <ls><ab>ebend.</ab></ls>	sch	
nipAnI	7-352-d	{#nipAnI#}¦ <lex>Adv.</lex> mit {#kar#} {%zum Zufluchtsort machen%} <ls>JĀTAKAM. 24,4</ls>. Vielleicht {#niyAnI#} zu lesen.	sch	
nirBasmita	5-258-a	{#nirBasmita#}¦ <lex>Adj.</lex> {%zu Asche verbrannt, zu Nichte gemacht%} <ls>ŚIŚ. 12,69</ls> nach der richtigen Lesart ({#nirBartsita#} die ältere <ab>Ausg.</ab>).	sch	
nirDavana	6-302-c	{#nirDavana#}¦ <lex>n.</lex> {%das Vertreiben, Verjagen aus%} (<ab>Abl.</ab>) <ls>BAUDH. 1,18,18</ls> nach der richtigen Lesart.	sch	
nirUzmaka	7-353-a	{#nirUzmaka#}¦ <lex>Adj.</lex> {%ohne Wärme, nicht mehr warm%} <ls>JĀTAKAM. 8,23</ls>.	sch	
nirgrahasTAna	7-353-a	{#*nirgrahasTAna#}¦ <lex>n.</lex> <ls>MAHĀVY. 200,18</ls> fehlerhaft für {#nigraha˚#}.	sch	
nirnIrita	7-388-c	{#nirnIrita#}¦ <lex>Adj.</lex> {%abgetrocknet%} <ls>DAMAYANTĪK. 97</ls>.	sch	
nirodDar	4-301-a	{#nirodDar#}¦ <ab>Nom. ag.</ab> {%Hinderer%} <ls>Einl. zu ĀPAST. ŚR. 10,1,1</ls>.	sch	
nirudDapakaSa	3-265-a	{#nirudDapakaSa#}¦ Z. 2, lies {#˚dDaprakaSa#}.	sch	
nirvaska	7-353-b	{#nirvaska/#}¦ <ab>s.</ab> {#nirvraska/#}.	sch	
nisamIkzA	6-303-a	{#nisamIkzA#}¦ scheinbar <ls>MBH. 12,262,23</ls>, da mit der <ls n="MBH.">ed. Vardh. 12,261,24</ls> {#na samIkzayA#} zu lesen ist.	sch	
nistArayitar	7-354-a	{#nistArayitar#}¦ <ab>Nom. ag.</ab> {%glücklich hinüberbringend, errettend%} <ls>JĀTAKAM. 30,22</ls>.	sch	
nivAsAcArya	5-258-a	{#nivAsAcArya#}¦ zu streichen, da der richtige Name {#SrI˚#} ist.	sch	
nivfttasaMtApIya	5-258-a	{#nivfttasaMtApIya#}¦ <lex>n.</lex> {%ein <ab>best.</ab> zu der Gattung der%} <is>Rasāyana</is> {%gezähltes Heilmittel%} <ls>SUŚR. 2,169,14</ls>; <ls n="SUŚR.">1,10,2</ls>.	sch	
nizWIvitA	7-388-c	{#nizWIvitA#}¦ <lex>f.</lex> {%das Ausspucken%} <ls>HARAVIJAYA 10,13</ls>.	sch	
nizade	6-303-a	{#niza/de#}¦ <ab>Dat.</ab> <ab>Infin.</ab> zu <hom>1.</hom> {#sad#} mit {#ni#} <ls>ṚV. 1,104,1</ls>.	sch	
nizeDayitar	7-353-d	{#nizeDayitar#}¦ <ab>Nom. ag.</ab> {%Abwehrer, Verhinderer%}. <lex>f.</lex> {#˚trI#} <ls>DHARMAŚ. 7,66</ls>.	sch	
nizekavicara	3-265-b	{#nizekavicara#} <lex>m.</lex> und {#nizekasvarA#} <lex>f.</lex>¦ Titel von Werken.	sch	
nizkuwaka	5-258-a	{#nizkuwaka#}¦ = {#nizkuwa#} 1〉 <ls>MBH. 1,218,16</ls>.	sch	
nizpIqanA	5-258-a	{#nizpIqanA#}¦ <lex>f.</lex> {%das Andrücken, Zusammenpressen%}. {#danta˚#} <ls><ab>Comm.</ab> zu ŚIŚ. 10,75</ls>.	sch	
nizpatayAlu	5-258-a	{#nizpatayAlu#}¦ <lex>Adj.</lex> {%hervorstürzend%} <ls>SADUKTIK. 2,164</ls>. <ls n="SADUKTIK. 2,">179</ls>.	sch	
nizpraBita	5-258-a	{#nizpraBita#}¦ <lex>Adj.</lex> {%des Glanzes beraubt%} <ls>SADUKTIK. 2,35</ls>.	sch	
nizpramanda	7-354-a	{#nizpramanda#}¦ (?) <ls>KAUŚ. 36,15</ls>.	sch	
nizputrI	4-301-a	{#nizputrI#}¦ <lex>Adv.</lex> mit {#kar#} {%der Söhne berauben%} <ls>BHĀM. V. 2,130</ls>.	sch	
nopalakzita	5-258-b	{#nopalakzita#}¦ <lex>Adj.</lex> {%nicht wahrnehmbar%} <ls>BHĀG. P. 5,18,30</ls>.	sch	
nyAyaprasUnAYjali	4-301-b	{#nyAyaprasUnAYjali#}¦ <lex>m.</lex> Titel eines Werkes, = {#nyAyakusumAYjali#} <ls>Verz. d. Oxf. H. No. 599. S. 264, Sp, 3, Z. 12</ls>, lies {#DarmapASa#}.	sch	
oGI	5-251-a	{#oGI#}¦ <lex>Adv.</lex> mit {#BU#} {%zu einer Masse anschwellen%} <ls>ŚIŚ. 18,69</ls> nach der richtigen Lesart.	sch	
oGopakaraRa	5-251-a	{#*oGopakaraRa#}¦ <lex>n.</lex> als Erklärung von {#pavitra#} {%Besen%} <ls>ZACH. Beitr.</ls>	sch	
oMkAracaturTa	7-328-b	{#oMkAracaturTa#}¦ <lex>Adj.</lex> (<lex>f.</lex> {#A#}) {%die Silbe%} {#om#} {%als Viertes habend%} <ls>ĀPAST. GṚHY. 8,10</ls>. <ls n="ĀPAST. GṚHY.">15,4</ls>.	sch	
oMkAravAda	2-296-c	{#oMkAravAda#} <lex>m.</lex>, {#Ottarapattra#} <lex>n.</lex> und {#OdgAtraprayoga#} <lex>m.</lex>¦ Titel von Werken <ls>OPP. Cat. 1</ls>.	sch	
ojApratyAhAriRI	7-328-b	{#*ojApratyAhAriRI#}¦ <lex>f.</lex> <ab>N. pr.</ab> einer <is>Tantra</is>-Gottheit <ls>MAHĀVY. 197</ls>. Richtig wohl {#ojapra˚#} oder {#ojaHpra˚#}.	sch	
ojaskAra	7-328-b	{#ojaskAra#}¦ <lex>Adj.</lex> {%Kruft%} <ab>u. s. w.</ab> {%bewirkend%} <ls>MAITR. S. 4,7,3 (96,11)</ls>.	sch	
ozWarucira	5-251-b	{#ozWarucira#}¦ <ab>dass.</ab> <ls>VIṢṆUS. 1,8</ls> in derselben Verbindung wie im <ls>HARIV.</ls>	sch	
ozaDIvallaBa	5-251-b	{#ozaDIvallaBa#}¦ <lex>m.</lex> {%der Mond%} <ls>ALAṂKĀRAR. 16,b.</ls>	sch	
ozaDivanaspativant	6-299-b	{#ozaDivanaspativant#}¦ <lex>Adj.</lex> {%mit Kräutern und Bäumen versehen%} <ls>ĀŚV. GṚHY. 2,7,3</ls>.	sch	
pAMsuKelana	6-303-b	{#pAMsuKelana#}¦ <lex>n.</lex> = {#pAMsukrIqA#} <ls>VIDDHAŚ. 45,5</ls>.	sch	
pAMsusaMcAra	5-259-c	{#*pAMsusaMcAra#}¦ <lex>m.</lex> <ls>ZACH. Beitr. 66. 92</ls>.	sch	
pARigfhItA	5-259-c	{#pARigfhItA#}¦ <lex>Adj.</lex> <lex>f.</lex> {%geehlicht%} <ls>HEM. PAR. 2,119</ls>.	sch	
pARigrAhavant	5-259-c	{#pARigrAhavant#}¦ <lex>m.</lex> {%Bräutigam%} <ls>SĀY.</ls> zu <ls>TAITT. ĀR. 6,1,3,14</ls>.	sch	
pAjipakzin	5-259-c	{#*pAjipakzin#}¦ <lex>m.</lex> wohl = {#pAjika#} <ls>ZACH. Beitr. 85</ls>.	sch	
pAlIza	4-302-a	{#*pAlIza#}¦ <ab>s.</ab> {#pAlISa#}.	sch	
pArAvArajalAy	7-358-a	{#pArAvArajalAy#}¦ {%zu Meerwasser werden%} <ls>DHARMAŚARM. 2,79</ls>.	sch	
pArizad	7-358-a	{#pArizad#}, {#pArizadAm#}¦ <ab>st.</ab> {#pArizadAnAm#} <ls>R. ed. Bomb. 3,25,12</ls>.	sch	
pArzRiyantar	7-358-a	{#pArzRiyantar#}¦ <lex>m.</lex> {%der Lenker eines Seitenpferdes%} <ls>MBH. 7,196,12</ls>.	sch	
pAtI	7-357-d	{#*pAtI#}¦ (<ab>eig.</ab> <lang>Pāli</lang>) <lex>f.</lex> = {#pAtrI#} <ls>MAHĀVY. 197,115</ls>.	sch	
pAtrAvalehakam	7-357-d	{#*pAtrAvalehakam#}¦ <lex>Adv.</lex> {%die Schale ableckend%} <ls>MAHĀVY. 263,65</ls>.	sch	
pOroqASIya	7-359-d	{#pOroqASIya#}¦ <lex>Adj.</lex> von {#pOroqASa#} <ls>HAR.</ls> zu <ls>ĀPAST. GṚHY. 7,8</ls>.	sch	
pUrRAmftAMSu	7-359-b	{#pUrRAmftAMSu#}¦ <lex>m.</lex> {%Vollmond%} 〔116,17〕.	sch	
pUraRadvitIyA	7-359-b	{#*pUraRadvitIyA#}¦ <ab>s.</ab> {#purARa˚#}.	sch	
pUrowi	5-260-b	{#*pUrowi#}¦ = {#purowi#} <ls>ZACH. Beitr.</ls>	sch	
pUtkfta	7-359-b	{#pUtkfta#}¦ <lex>n.</lex> {%Klagelaute%} <ls>DHARMAŚARM. 11,33</ls>. <ls n="DHARMAŚARM. 11,">44</ls>.	sch	
paNkapezam	5-258-c	{#paNkapezam#}¦ <ab>s.</ab> oben {#asfkapaNka˚#}.	sch	
paNkay	7-355-a	{#paNkay#}¦ IV. {%trüben%} <ls>KIR. 11,19</ls>.	sch	
paTikAy	7-355-d	{#paTikAy#}¦ {%den Wanderer —, den Reisenden spielen%}. {#˚yita#} <lex>n.</lex> <ab>impers.</ab> <ls>SUBHĀṢITĀV. 1215</ls>.	sch	
paYcacUqaka	5-258-c	{#paYcacUqaka#}¦ <lex>Adj.</lex> = {#paYcacUqa#} 1〉b〉 <ls>M. MÜLLER, Ren. 299, <ab>N.</ab> 2</ls>.	sch	
paYcagfhItin	4-301-b	{#paYcagfhItin#}¦ <lex>Adj.</lex> {%der fünfmal geschöpft hat%} <ls><ab>Comm.</ab> zu LĀṬY. 3,2,6</ls>.	sch	
padyAmftataraMgiRIsopAna	5-259-a	{#padyAmftataraMgiRIsopAna#}¦ <lex>n.</lex> Titel eines Commentars <ls>Z. d. d. m. G. 37,544. fgg.</ls>	sch	
paktrimatA	5-258-c	{#paktrimatA#}¦ <lex>f.</lex> {%Reife%} (in übertragener <ab>Bed.</ab>) <ls>ALAṂKĀRAS. 13,b.</ls>	sch	
pakzaMbfhat	7-355-a	{#pakzaM/bfhat#}¦ (!) <ls>MAITR. S. 3,2,4 (21,2)</ls>.	sch	
pakzapucCavant	4-301-b	{#pakzapucCa/vant#}¦ <lex>Adj.</lex> {%Flügel und Schwanz habend%} <ls>ŚAT. BR. 6,7,2,7</ls>. <ls n="ŚAT. BR. 6,7,2,">8</ls>.	sch	
pakzasaMmita	4-301-b	{#pakzasaMmita#}¦ <lex>Adj.</lex> {%der Höhe, des Flügels entsprechend%} <ls>KĀTY. ŚR. 8,8,8</ls>.	sch	
pakzmasaMpAta	6-303-a	{#pakzmasaMpAta#}¦ <lex>m.</lex> = {#pakzmapAta#}. {#˚je kAle#} so <ab>v. a.</ab> {%in einem Augenblick%} <ls>MBH. 5,90,42</ls>.	sch	
palitavant	5-259-b	{#palitavant#}¦ <lex>Adj.</lex> {%graue Haare habend%} <ls>HEM. PAR. 1,202</ls>.	sch	
palola	4-302-a	{#palola#}¦ <lex>m.</lex> <ab>Pl.</ab> <ab>N. pr.</ab> eines Volkes <ls>VARĀH. BṚH. S. 14,30</ls>.	sch	
palvalI	7-357-b	{#palvalI#}¦ <lex>Adv.</lex> mit {#BU#} {%zu einem Pfuhl werden%} <ls>JĀTAKAM. 15</ls>.	sch	
parAgAy	5-259-a	{#parAgAy#}¦ {%Blüthenstaub darstellen%}. {#˚yita#} <lex>n.</lex> <ab>impers.</ab> <ls>SADUKTIK. 106</ls>.	sch	
parAgamana	5-259-a	{#parAgamana#}¦ <lex>n.</lex> {%das Fortgehen%} <ls>SĀY.</ls> zu <ls>ṚV. 10,18,1</ls>.	sch	
parAgvadana	4-301-c	{#parAgvadana#}¦ <lex>Adj.</lex> (<lex>f.</lex> {#A#}) {%abgewandten Gesichts%} <ls>BHĀM. V. 2,49</ls>.	sch	
parAgvadanaSAlin	4-301-c	{#parAgvadanaSAlin#}¦ <lex>Adj.</lex> <ab>dass.</ab> in der <ab>übertr.</ab> <ab>Bed.</ab> {%unhold%} (Schicksal) <ls>BHĀM. V. 3,1</ls>.	sch	
parApAtam	5-259-a	{#parApA/tam#}¦ <ab>Absol.</ab> {%davonfliegend%} <ls>MAITR. S. 1,10,13 (152,12. 13)</ls>.	sch	
parIzaha	5-259-b	{#parIzaha#}¦ <lex>m.</lex> {%Mühsal, Gefahr%}. <ab>Pl.</ab> <ls>HEM. PAR. 2,282</ls>.	sch	
pariBakza	6-303-b	{#pariBakza#}¦ <lex>m.</lex> {%das Umgéhen Jmds beim Essen, eine <ab>best.</ab> Begehung%} <ls>ĀPAST. ŚR. 14,31,9</ls>. <ab>Vgl.</ab> {#a˚#}.	sch	
pariDAnI	5-259-a	{#pariDAnI#}¦ <lex>Adv.</lex> mit {#kar#} {%zum Untergewand machend%} <ls><ab>Comm.</ab> zu ŚIŚ. 13,32</ls>.	sch	
pariDAsyE	4-301-c	{#pariDAsyE#}¦ <ls>PĀR. GṚHY. 2,6,20</ls> nach dem <ab>Comm.</ab> <ab>Dat.</ab> = {#pariDAnAya#} {%zur Anlegung%}. <ls>STENZLER</ls> vermuthet <ab>Conj.</ab> <ab>Fut.</ab>	sch	
pariSEla	4-301-c	{#pariSEla#}¦ (?) <ls>KAUŚ. 85</ls>.	sch	
parihAyam	7-357-a	{#parihA/yam#}¦ <ab>Absol.</ab> <ls>MAITR. S. 4,5,8 (76,4)</ls>. <ls>ROTH</ls> vermuthet {#parihA/ram#}, wie <ls n="MAITR. S.">4,6,1 (78,21)</ls> gelesen wird.	sch	
paripiNgI	5-259-a	{#paripiNgI#}¦ <lex>Adv.</lex> mit {#kar#} {%stark röthlich braun färben%} <ls>ŚIŚ. 20,55</ls>.	sch	
paripiRqI	7-356-c	{#paripiRqI#}¦ <lex>Adv.</lex> mit {#kar#} {%in Kugelgestalt bringen%} <ls>DIVYĀVAD. 516,7</ls>.	sch	
parivfkza	4-301-c	{#parivfkza#}¦ (?) <ls>KAUŚ. 80</ls>.	sch	
parivyAkulI	7-356-d	{#parivyAkulI#}¦ <lex>Adv.</lex> mit {#kar#} {%ganz in Unordnung bringen%} <ls>JĀTAKAM. 19</ls>.	sch	
partvA	4-301-c	{#pa/rtvA#}¦ (!) <ls>TS. 7,5,1,2</ls> angeblich = {#prItiM prApya#}.	sch	
paryARay	7-388-d	{#paryARay#}¦ {%satteln%} <ls><ab>ebend.</ab> 32. 166</ls>.	sch	
paryantI	7-357-a	{#paryantI#}¦ <lex>Adv.</lex> mit {#kar#} {%zu Ende bringen, beendigen%} <ls>DIVYĀVAD. 97,19</ls>. <ls n="DIVYĀVAD.">236,18</ls>.	sch	
paryupAsanA	7-357-a	{#paryupAsanA#}¦ <lex>f.</lex> {%Verehrung%} <ls>DIVYĀVAD. 147,1</ls>. <ls n="DIVYĀVAD.">149,19</ls>.	sch	
paryuzaRAvicArabfhadavacUrRi	7-357-b	{#paryuzaRAvicArabfhadavacUrRi#}¦ <lex>f.</lex> Titel eines Werkes <ls>Festgr. 55</ls>.	sch	
pattodaSa	4-301-b	{#pattodaSa#}¦ <lex>Adj.</lex> {%unten mit Fransen besetzt%} <ls>ĀPAST. ŚR. 9,11,23</ls>.	sch	
pawU	7-355-c	{#pawU#}¦ <lex>Adv.</lex> mit {#kar#} {%schärfen, steigern%} <ls>JĀTAKAM. 29,13</ls>.	sch	
pfzWI	7-359-c	{#*pfzWI#}¦ <lex>Adv.</lex> mit {#BU#} {%niedergedrückt —, niedergeschlagen werden%} <ls>MAHĀVY. 130,44</ls>. Richtig {#pizwI#}. <ab>Vgl.</ab> {#vipfzWI#}.	sch	
piNgARaka	5-259-c	{#*piNgARaka#}¦ <ls>ZACH. Beitr. 91. 92</ls>.	sch	
piRqatakzuka	6-303-b	{#piRqatakzuka#}¦, andere Formen <ls>BAUDH. 2,15,12</ls>.	sch	
piculikA	5-259-c	{#*piculikA#}¦ <lex>f.</lex> <ls>ZACH. Beitr. 92</ls>.	sch	
pitfvyaka	5-260-a	{#pitfvyaka#}¦ <ls>HEM. PAR. 2,304</ls>.	sch	
plozwar	7-363-a	{#plozwar#}¦ <ab>Nom. ag.</ab> {%Verbrenner%} <ls>CAṆḌĪŚ. 60</ls>.	sch	
ponti	7-359-d	{#ponti#}¦ oder {#pontI#} <lex>f.</lex> {%Lappen, Fezzen%} <ls>DIVYĀVAD. 256,26</ls>. <ab>Conj.</ab> für {#yonti, yontI, yAntI#}.	sch	
potAy	7-359-d	{#potAy#}¦ IV. selbständig <ls>RUDRAṬA, ŚṚṄGĀRAT. 1,4</ls>.	sch	
prANmuKAYcana	5-261-a	{#prANmuKAYcana#}¦ <lex>Adj.</lex> = {#prANmuKa#} 1〉 <ls>SĀY.</ls> zu <ls>ṚV. 10,18,3</ls>.	sch	
prAgvaMSika	5-261-a	{#prAgvaMSika#}¦ <lex>Adj.</lex> von <hom>2.</hom> {#prAgvaMSa#} 2〉 <ls><ab>Comm.</ab> zu ĀPAST. ŚR. 13,23,3</ls>. <ls n="ĀPAST. ŚR.">14,7,16</ls>.	sch	
prApayitar	5-261-a	{#prApayitar#}¦ <ab>Nom. ag.</ab> {%der erlangen lässt, verleiht%}. <lex>f.</lex> {#˚trI#} <ls>SĀY.</ls> zu <ls>ṚV. 1,113,7</ls>.	sch	
prAvis	7-362-d	{#prAvis#}¦ <lex>Adv.</lex> <ls>DIVYĀVAD. 210,23</ls> vielleicht nur ein verlesenes {#Avis#}.	sch	
prIRayitar	5-261-a	{#prIRayitar#}¦ <ab>Nom. ag.</ab> {%Erfreuer%}. <lex>f.</lex> {#˚trI#} <ls>SĀY.</ls> zu [Page5-261-b] <ls>ṚV. 4,42,10</ls> ({#prIRAyitrI#} fehlerhaft).	sch	
praRamrI	7-360-b	{#praRamrI#}¦ <lex>Adv.</lex> mit {#BU#} {%sich verneigen%} <ls>PĀDĀRAVINDAŚ. 5</ls>.	sch	
praRatAtmavant	7-360-b	{#praRatAtmavant#}¦ <lex>Adj.</lex> {%gebeugten Körpers, sich verbeugend%} <ls>R. ed. Bomb. 4,46,2</ls>.	sch	
prabADanA	7-361-c	{#prabADanA#}¦ <lex>f.</lex> {%das Plagen, Quälerei%} <ls>JĀTAKAM. 33</ls>.	sch	
pracalAy	7-360-a	{#pracalAy#}¦, {#˚yati#} {%im Schlafe mit dem Kopfe nicken%} <ls>JĀTAKAM. 33</ls>.	pwg	
pradaRqavant	7-361-c	{#pradaRqavant#}¦ <lex>Adj.</lex> {%strenge Strafen verhängend%} <ls>PARĀŚARA 1,61 (S. 389)</ls>.	sch	
praheRavaka	7-362-c	{#praheRavaka#}¦ {%eine Art Backwerk%} <ls>DIVYĀVAD. 13,26</ls>. <ls n="DIVYĀVAD.">258,19</ls>. <ab>Vgl.</ab> {#praheRaka#}.	sch	
prakzAlayitar	7-360-a	{#prakzAlayitar#}¦ <ab>Nom. ag.</ab> {%Wäscher%} (der Füsse des Gastes) <ls>ĀPAST. GṚHY. 13,6</ls>.	sch	
pralabDar	5-260-c	{#pralabDar#}¦ <ab>Nom. ag.</ab> {%Hintergeher, Betrüger%} <ls>MBH. 3,246,10</ls>.	sch	
pramlAnI	4-302-c	{#pramlAnI#}¦ <lex>Adv.</lex> mit {#BU#} {%verwelken%} <ls>PAÑCAR. 3,5,30</ls>.	sch	
prasftiMpaca	5-261-a	{#prasftiMpaca#}, {#amBaH˚#}¦ so <ab>v. a.</ab> {%nur wenig Wasser gebend%} <ls>ALAṂKĀRAS. 26,b.</ls> <ls>ALAṂKĀRAV. 72,a.</ls> <ls>ALAṂKĀRAR. 10,b.</ls>	sch	
pratItimant	7-389-a	{#pratItimant#}¦ <lex>Adj.</lex> {%bekannt, erkannt%} <ls>HARAVIJAYA 6,32</ls>.	sch	
pratanU	7-360-b	{#pratanU#}¦ <lex>Adv.</lex> mit {#kar#} {%sehr verringern, — schwächen%} <ls>JĀTAKAM. 14,1</ls>.	sch	
pratikaRWakayA	7-360-b	{#pratikaRWakayA#}¦ (wohl {#˚kaRWikayA#}) <ab>Instr.</ab> <lex>Adv.</lex> = {#pratikaRWam#} <ls>DIVYĀVAD. 244,8</ls>.	sch	
pratimAsaMprokzaRa	6-303-c	{#pratimAsaMprokzaRa#}¦ <lex>n.</lex>, so zu lesen <ab>st.</ab> {#˚kzaRam#}.	sch	
pratisamAsam	4-302-b	{#pratisamAsam#}¦ <ab>Absol.</ab> {%wieder an seinen Platz stellend%} <ls><ab>Comm.</ab> zu ĀPAST. ŚR. 11,5,7</ls>.	sch	
prativaktar	7-360-d	{#prativaktar#}¦ <ab>Nom. ag.</ab> {%Antwort gebend auf%} (<ab>Gen.</ab>), {%interpretirend%} (das Gesetz) <ls>BAUDH. 1,1,9</ls>.	sch	
prattadEvata	4-302-b	{#prattadEvata#}¦ <lex>Adj.</lex> {%der Gottheit schon dargebracht%} <ls>ĀPAST. ŚR. 9,15,13</ls>. <ab>Comm.</ab> zu <ls n="ĀPAST. ŚR. 9,15,">10</ls>.	sch	
pratyArdrI	7-361-b	{#pratyArdrI#}¦ mit {#kar#} IV. {%verwischen%} <ls>KIR. 7,15</ls>.	sch	
pratyAstaraRa	7-361-b	{#pratyAstaraRa#}¦ <lex>n.</lex> = {#pratyAstAra#} <ls>DIVYĀVAD. 19,20</ls>.	sch	
pratyekarUpa	7-361-c	{#pra/tyekarUpa#}¦ scheinbar <ls>MAITR. S. 3,3,9 (42,6)</ls>, da nach <ls>DELBRÜCK</ls> {#pra/tye/karUpAH#} zu betonen ist {%(in Bezug auf die Milch gleichfarbig)%}.	sch	
pratyuktatva	5-260-c	{#pratyuktatva#}¦ <lex>n.</lex> {%das Widerlegtsein%} <ls>ŚAṂK.</ls> zu <ls>BĀDAR. 507,2</ls>.	sch	
pravAce	5-261-a	{#pravA/ce#}¦ <ab>Dat.</ab> <ab>Infin.</ab> zu {#vac#} mit {#pra#} <ls>ṚV. 9,95,2</ls>.	sch	
pravAritArTAtisevA	7-362-a	{#*pravAritArTAtisevA#}¦ <lex>f.</lex> {%das in der Annahme von freundlichen Anerbietungen bestehende Vergehen%} <ls>MAHĀVY. 261,78</ls>.	sch	
pravartamAnatA	5-261-a	{#pravartamAnatA#}¦ <lex>f.</lex> {%das Sichanschicken zu%} (<ab>Loc.</ab>) <ls>SARVAD. 58,12</ls>.	sch	
pravfttasaMprahAra	6-304-a	{#pravfttasaMprahAra#}¦ <lex>Adj.</lex> {%zu kämpfen begonnen habend%}. <ab>Nom. abstr.</ab> {#˚tva#} <lex>n.</lex> <ls>KATHĀS. 15,140</ls>.	sch	
prayogi	7-361-d	{#pra/yogi#}¦ <lex>m.</lex> <ls>MAITR. S. 3,1,9 (12,11)</ls> fehlerhaft für {#prA/˚#}, <ab>Patron.</ab> von {#prayoga#}.	sch	
pretvarI	7-363-a	{#pretvarI#}¦ IV. in der verdorbenen Stelle <ls>MAITR. S. 4,1,1 (2,6)</ls>.	sch	
puRyI	5-260-a	{#puRyI#}¦ <lex>Adv.</lex> mit {#kar#} {%heiligen%} <ls>HEM. PAR. 1,133</ls>.	sch	
puRyapApekzitar	7-358-c	{#puRyapApekzitar#}¦ <ab>Nom. ag.</ab> {%Zeuge des Guten und Bösen%} <ls>M. 8,91</ls>.	sch	
purAsura	7-389-a	{#purAsura#}¦ <lex>m.</lex> <ab>N. pr.</ab> eines <is>Asura</is> <ls><ab>ebend.</ab> 4,28</ls>.	sch	
purIzasaMhita	6-303-c	{#pu/rIzasaMhita#}¦ <lex>Adj.</lex> {%mit Unrath verbunden%}. <ab>Compar.</ab> {#˚tara#} <ls>ŚAT. BR. 6,7,1,10</ls>.	sch	
puzpAkzita	7-359-a	{#puzpAkzita#} und {#puzpAkzodaka#}¦ häufig in der <ls>PADDH.</ls> zu <ls>KAUŚ.</ls> nach <ls>BLOOMFIELD</ls>.	sch	
puzpaSrIdAsI	5-260-b	{#puzpaSrIdAsI#}¦ <lex>f.</lex> ein Frauenname <ls>CAMPAKA 189. fgg.</ls>	sch	
puzyarAga	7-359-b	{#puzyarAga#} und {#˚rAja#}¦ <ab>s.</ab> oben <ab n="unter">u.</ab> {#puzpa˚#}.	sch	
rAjImatI	5-264-b	{#rAjImatI#}¦ <lex>f.</lex> <ab>N. pr.</ab> einer Frau. {#˚parityAga#} <lex>m.</lex> Titel eines Werkes <ls>ALAṂKĀRAT. 8,a.</ls>	sch	
rAjamArgI	7-371-a	{#rAjamArgI#}¦ <lex>Adv.</lex> mit {#kar#} {%zu einer Hauptstrasse machen%} <ls>JĀTAKAM. 1</ls>.	sch	
rAtA	7-371-a	{#rAtA#}¦ <lex>Adj.</lex> <lex>f.</lex> <ls>ĀPAST. GṚHY. 3,11</ls> auf verschiedene Weise gedeutet. = {#vihAriRI#} <ls>VAIJAYANTĪ</ls>, <ls>BHŪMIK.</ls>, <ls>BRĀHMAṆĀDHY. 52</ls> nach <ls>WINTERNITZ</ls>.	sch	Y
raktapawwamaya	5-264-a	{#raktapawwamaya#}¦ <lex>Adj.</lex> {%aus rothem Zeuge verfertigt%} <ls>VĀSAV. 172,6</ls>, <ab>v. l.</ab>	sch	
rakzApratisara	7-370-c	{#rakzApratisara#} <lex>m.</lex> oder {#˚rA#} <lex>f.</lex>¦ {%Schutzamulet%} <ls>MBH. 3,309,4</ls>.	sch	
rasarasAgratA	7-370-d	{#*rasarasAgratA#}¦ <lex>f.</lex> (<ls>MAHĀVY. 17,10</ls>) und {#rasarasAgravant#} <lex>Adj.</lex> (<ls>LALIT. 120,19. fg.</ls>). <ab>Vgl.</ab> <ls>Lotus de la b. l. 566. fg.</ls>	sch	
ridviDi	6-305-c	{#ridviDi#}¦ <lex>m.</lex> <ls>KAP. S.</ls> <ab>v. l.</ab> für {#hinviDi#} <ls>MAITR. S. 1,9,1 (131,8)</ls>.	sch	
sAMkASikA	7-382-c	{#*sAMkASikA#}¦ <lex>Adj.</lex> <lex>f.</lex> = {#pitrAdigfhezvagnyAdidAyinI#} <ls>VAIJAYANTĪ</ls>, <ls>BHŪMIK.</ls>, <ls>BRĀHMAṆĀDHY. 52</ls> nach <ls>WINTERNITZ</ls>.	sch	Y
sAmaDarmArTanItimant	7-382-c	{#sAmaDarmArTanItimant#}¦ <lex>Adj.</lex> {%liebevoll, gerecht, nützlich und klug%} (Rede) <ls>R. ed. Bomb. 4,29,8</ls>. <ab>Vgl.</ab> {#sasAmaDarmArTasamAhita#} <ls n="R. ed. Bomb.">4,30,19</ls>.	sch	
sTAyaka	7-384-a	{#sTAyaka#}¦ VII. 2〉 <ls>YAMA</ls> in <ls>HEMĀDRI 3,1,776</ls>.	sch	
sTUlaBittikatA	7-384-a	{#*sTUlaBittikatA#}¦ <lex>f.</lex> ? <ls>MAHĀVY. 85</ls>.	sch	
sUpasaMpanna	7-383-c	{#*sUpasaMpanna#}¦ <lex>Adj.</lex> {%gehörig zum Mönch geweiht%} <ls>MAHĀVY. 48</ls>.	sch	
saMBaja	7-381-b	{#saMBaja#}¦ (?) <ls>DĀRILA</ls> zu <ls>KAUŚ. 41,18</ls>.	sch	
saMBinnavyaYjanA	7-381-b	{#*saMBinnavyaYjanA#}¦ <lex>f.</lex> {%eine Art Hermaphrodit%} <ls>MAHĀVY. 271</ls>. {#*˚na#} <lex>n.</lex> {%diese Deformität%} <ls n="MAHĀVY.">284</ls>.	sch	
saMSrAvaRa	7-379-b	{#saMSrAvaRa#}¦ <ls>HEMĀDRI 3,a,974,5</ls> fehlerhaft für {#saMsrAvaRa#}.	sch	
saMbIja	7-381-b	{#saMbIja#}¦ <lex>n.</lex> {%allgemeiner Same%} <ls>KĀŚĪKH. 44,26</ls>.	sch	
saMbanDikatva	7-381-b	{#saMbanDikatva#}¦ <lex>n.</lex> {%das Zusammenhängen%} <ls>SAṂSK. K. 27,b,10</ls>. <ls n="SAṂSK. K.">214,b,6</ls>.	sch	
saMdarBavant	7-380-b	{#saMdarBavant#}¦ <lex>Adj.</lex> {%ein kunstvolles Gefüge habend%} <ls>HARAVIJAYA 11,33</ls>.	sch	
saMmodaganDa	7-381-b	{#saMmodaganDa#}¦ <lex>m.</lex> {%Wohlgeruch%} <ls>JĀTAKAM. 21</ls>.	sch	
saMpAtAyAta	7-381-a	{#saMpAtAyAta#}¦ <lex>Adj.</lex> {%ohne ersichtlichen Zweck hineingerathen%} <ls>SĀṂKHYAPR. 89,6</ls> <ab>v. u.</ab> <ls>ANIRUDDHA</ls> zu <ls>SĀṂKHYAS. 1,12</ls>. <ls n="SĀṂKHYAS.">2,12</ls>.	sch	
saMpAtaka	7-381-a	{#saMpAtaka#}¦ <lex>Adj.</lex> von {#saMpAta#} 7〉 <ls>SAṂSK. K. 75,b,2</ls>.	sch	
saMprAnta	7-381-b	{#saMprAnta#}¦ <lex>m.</lex> {%völliges Ende%} <ls>KĀŚĪKH. 64,72</ls>.	sch	
saMprajYAtAvasTA	7-381-b	{#saMprajYAtAvasTA#}¦ <lex>f.</lex> {%dieser Zustand eines%} <is>Yogin</is> <ls><ab>ebend.</ab></ls>	sch	
saMprajYAtayogin	7-381-b	{#saMprajYAtayogin#}¦ <lex>m.</lex> {%ein%} <is>Yogin</is>, {%der sich noch im Zustande des Bewusstseins befindet,%} <ls>ANIRUDDHA</ls> zu <ls>SĀṄKHYAS. 6,50</ls>.	sch	
saMpratiBAsa	7-381-b	{#saMpratiBAsa#}¦ <lex>m.</lex> {%combinirende Vorstellung%} <ls>ANIRUDDHA</ls> zu <ls>SĀṂKHYAS. 5,99</ls>.	sch	
saMpravAdana	7-381-b	{#saMpravAdana#}¦ <lex>n.</lex> {%das zu gleicher Zeit Ertönenlassen%} <ls>SUD.</ls> zu <ls>ĀPAST. GṚHY. 2,14</ls>.	sch	
saMpriyatA	7-381-b	{#saMpriyatA#}¦ <lex>f.</lex> {%das Liebersein als%} (<ab>Abl.</ab>) <ls>KIR. 17,4</ls>.	sch	
saMpuzka	7-381-b	{#saMpuzka#}¦ <lex>Adj.</lex> <ls>ĀPAST. GṚHY. 18,11</ls> = {#akzata#} {%ungemahlen%} <ab>Comm.</ab> Vielleicht fehlerhaft für {#saMSuzka#}.	sch	
saMramBavant	7-379-b	{#saMramBavant#}¦ <lex>Adj.</lex> {%zornig%} <ls>HARAVIJAYA 9,13</ls>.	sch	
saMsneha	7-379-c	{#saMsneha#}¦, so zu lesen <ab>st.</ab> {#saMsreha#}.	sch	
saMviBAgI	7-379-b	{#saMviBAgI#}¦ <lex>Adv.</lex> mit {#kar#} {%gleich theilen%} <ls>DAMAYANTĪK. 263</ls>.	sch	
saMyamanin	7-379-b	{#saMyamanin#}¦ <lex>m.</lex> {%Lenker%} <ls>DIVYĀVAD. 60,15</ls>.	sch	
saPalatA	7-380-c	{#saPalatA#}¦ <lex>f.</lex> = {#saPalatva#} <ls>KĀŚĪKH. 46,11</ls>.	sch	
sadaMpuzpA	7-380-a	{#sadaMpuzpA#}¦ nach <ls>DĀRILA</ls> = {#trisaMDyA#}.	sch	
sadant	7-380-a	{#sadant#}¦ <lex>Adj.</lex> {%Zähne habend, seine <ab n="Zähne">Z.</ab> behaltend%}. <ab>Nom. abstr.</ab> {#sadattva#} <lex>n.</lex> <ls>MAITR. S. 1,8,5 (121,20)</ls> {#sadattvA/ya#} zu vermuthen <ab>st.</ab> {#ya/dattvA	sch	
sahaBUmi	7-382-b	{#sahaBUmi#}¦ VII. Lies <ls>16,15,20</ls>.	sch	
saktuprasTeSvara	7-379-c	{#saktuprasTeSvara#}¦ <lex>n.</lex> <ab>N. pr.</ab> eines <is>Liṅga</is> <ls>KĀŚĪKH. 65,15</ls>.	sch	
samanDakArI	7-380-c	{#samanDakArI#}¦ <lex>Adv.</lex> mit {#kar#} {%in Finsterniss hüllen,%} so <ab>v. a.</ab> {%unpassirbar machen%} <ls>KIR. 14,39</ls>.	sch	
samudrakaleKaka	7-381-a	{#*samudrakaleKaka#}¦ <lex>Adj.</lex> {%mit <ab>best.</ab> ungünstigen Zeichen versehen%} <ls><ab>ebend.</ab> 271,143</ls>. Wohl {#sA˚#} zu lesen.	sch	
sapatni	7-380-b	{#sapatni#}¦ <lex>f.</lex> = <hom>1.</hom> {#sapatnI#} <ls>R. ed. Bomb. 2,8,26</ls>.	sch	
sapfzWI	7-380-b	{#sapfzWI#}¦ <lex>Adv.</lex> mit {#BU#} <ls>DIVYĀVAD. 326,9</ls>. <ab>Vgl.</ab> {#pfzWI#}.	sch	
sarpavfScikaromavant	7-381-c	{#sarpavfScikaromavant#}¦ <lex>Adj.</lex> {%dessen [Page7-381-d] Haare Schlangen und Scorpione sind%} <ls>R. 7,23,1,74</ls>.	sch	
satkAryasidDAnta	7-379-d	{#satkAryasidDAnta#}¦ <lex>m.</lex> = {#satkAryavAda#} (<ab>s. u.</ab> {#satkArya#}) <ls>SĀṂKHYAPR. 84,6</ls>. <ls n="SĀṂKHYAPR.">85,7</ls>.	sch	
suSarmanagara	7-383-b	{#suSarmanagara#} <lex>n.</lex> und {#suSarmapura#} <lex>n.</lex>¦ <ab>N. pr.</ab> einer {%Stadt%} <ls>Festgr. 16</ls>.	sch	
sudurgraha	7-383-a	{#sudurgraha#}¦ <lex>Adj.</lex> {%sehr schwer zu erfassen, — erkennen%} <ls>KIR. 14,1</ls>.	sch	
svakArTa	7-384-b	{#*svakArTa#}¦ <lex>m.</lex> {%das eigene Interesse%} <ls><ab>ebend.</ab> 48. 126</ls>.	sch	
svasvAmisaMbanDa	7-384-b	{#svasvAmisaMbanDa#}¦ <lex>m.</lex> {%die zwischen Besitz und Besitzer bestehende Verbindung%} <ls>ANIRUDDHA</ls> zu <ls>SĀṂKHYAS. 6,67</ls>. <ls n="SĀṂKHYAS. 6,">69. fg.</ls> <ls>MAHĀDEVA</ls> zu <ls n="SĀṂKHYAS. 6,">69	sch	
tARqavay	7-388-a	{#tARqavay#}¦ {%tanzen lassen%} <ls><ab>ebend.</ab> 36</ls>.	sch	
tAwAvacara	7-345-b	{#*tAwAvacara#}¦ <lex>m.</lex> <ls>MAHĀVY. 218,16</ls> fehlerhaft für {#tAqAvacara#}.	sch	
tIrTikAvakrAntaka	7-346-a	{#*tIrTikAvakrAntaka#}¦ <lex>Adj.</lex> {%der zu einer hetrodoxen Secte übergetreten ist%} <ls>MAHĀVY. 271,4</ls>.	sch	
tIrTodgAraprakIrRaka	7-346-a	{#tIrTodgAraprakIrRaka#}¦ Titel eines Werkes <ls>Festgr. 55. fgg.</ls>	sch	
tIyikA	7-345-d	{#tIyikA#}¦ <lex>f.</lex> <ab>N. pr.</ab> einer Oertlichkeit <ls>DIVYĀVAD. 76,11</ls>. <ls n="DIVYĀVAD.">465,12</ls>. {#˚maha#} <lex>m.</lex> {%ein <ab>best.</ab> Fest%} <ls n="DIVYĀVAD.">80,9. 469,18</ls>.	sch	
taTAgatacintyaguhyanirdeSa	7-344-c	{#*taTAgatacintyaguhyanirdeSa#} <lex>m.</lex>, {#*taTAgatajYAnamudrAsamADi#} <lex>m.</lex>, {#*taTAgatamahAkaruRAnirdeSa#} <lex>m.</lex> und {#*taTAgatotpattisaMBavanirdeSa#} <lex>m.</lex>¦ Titel <ab>buddh.</ab> <is>Sūtr	sch	
taTAkArin	7-344-c	{#*taTAkArin#}¦ <lex>Adj.</lex> {%so thuend%} <ls>MAHĀVY. 126,59</ls>.	sch	
tadbudDi	7-388-a	{#tadbudDi#}¦ <lex>Adj.</lex> {%dessen Geist darauf gerichtet ist%} <ls>BHAG. 5,17</ls>.	sch	
taddviguRa	7-388-a	{#taddviguRa#}¦ <lex>Adj.</lex> {%zweimal so viel%} <ls>M. 8,59</ls>.	sch	
tadvaMSya	7-388-a	{#tadvaMSya#}¦ <lex>Adj.</lex> {%zu dessen Familie gehörig;%} <lex>m.</lex> {%dessen Anverwandter%} <ls>M. 7,202</ls>.	sch	
tadvaktar	7-388-a	{#tadvaktar#}¦ <ab>Nom. ag.</ab> {%dieses sprechend%} <ls>M. 12,115</ls>.	sch	
talloka	5-255-b	{#talloka#}¦ <lex>Adj.</lex> {%im Besitz seiner Welt seiend%}. <ab>Nom. abstr.</ab> {#˚tA#} <lex>f.</lex> <ls>BHĀG. P. 4,24,7</ls>.	sch	
tamAKu	5-255-b	{#tamAKu#}¦ <lex>m.</lex> {%Tabak%} <ls>SUBHĀṢITARATNABHĀṆḌĀGĀRA 131</ls> nach <ls>AUFRECHT</ls>.	sch	
tamanI	5-255-b	{#tamanI#}¦ <lex>f.</lex> <ls>ZACH. Beitr.</ls> <ab>Vgl.</ab> {#nAga˚#}.	sch	
tamastamaHparAyaRa	7-345-a	{#*tamastamaHparAyaRa#}¦ <lex>Adj.</lex> <ls>MAHĀVY. 147</ls>.	sch	
tamojyotizparAyaRa	7-345-a	{#*tamojyotizparAyaRa#}¦ <lex>Adj.</lex> <ls>MAHĀVY. 147</ls>.	sch	
tanUkartar	5-255-b	{#tanUkartar#}¦ <ab>Nom. ag.</ab> {%Schwächer, Mitnehmer%} (der Feinde) <ls>SĀY.</ls> zu <ls>ṚV. 5,34,6</ls>.	sch	
tanitar	5-255-b	{#tanitar#}¦ <ab>Nom. ag.</ab> {%Zusammenfüger, Ausführer%} <ls>SĀY.</ls> zu <ls>ṚV. 10,39,14</ls>.	sch	
tannizWa	7-388-a	{#tannizWa#}¦ <lex>Adj.</lex> {%diesem sich ganz hingebend%} <ls>BHAG. 5,17</ls>.	sch	
tantrapati	5-255-b	{#tantrapati#}¦ <lex>m.</lex> <ls>ZACH. Beitr.</ls>	sch	
tantrya	5-255-b	{#tantrya#}¦ <lex>Adj.</lex> {%der Doctrin gemäss, gesetzlich%} <ls>DATTAKATILAKA</ls> in <ls>DATTAKAŚ.</ls>	sch	
tarattAra	7-345-a	{#tarattAra#}¦ <lex>Adj.</lex> {%mit durchdringenden (durchbohrenden) Augensternen%} <ls>RUDRAṬA, ŚṚṄGĀRAT. 1,59</ls>.	sch	
tarham	7-345-b	{#tarham#}¦ <ab>Absol.</ab> in {#Satata/rham#}.	sch	
tarpayitavE	6-301-c	{#tarpayitavE#}¦ <ab>Dat.</ab> <ab>Infin.</ab> zum <ab>Caus.</ab> von {#tarp#} <ls>ĀPAST. ŚR. 4,16,17</ls>.	sch	
tarq	6-301-c	{#tarq#}¦, {#saMtfqya#} <ls>ŚĀṄKH. ŚR. 17,12,1</ls> wohl nur fehlerhaft für {#saMtfdya#}.	sch	
tatkfta	7-387-d	{#tatkfta#}¦ <lex>Adj.</lex> {%dadurch hervorgebracht%} <ls>M. 5,126</ls>.	sch	
tatsamakzam	7-388-a	{#tatsamakzam#}¦ <lex>Adv.</lex> {%vor dessen Augen%} <ls>MĀLATĪM. (ed. Bomb.) 194,1</ls>.	sch	
tejovEdagDyaSIlavant	6-301-c	{#tejovEdagDyaSIlavant#}¦ <lex>Adj.</lex> {%Energie, Scharfsinn einen guten Charakter besitzend%} <ls>SĀH. D. 64</ls>.	sch	
tfzwAvarutrI	7-346-b	{#tfzwA/va/rutrI#}¦ <ab>Nomin.</ab> <ab>Du.</ab> <ab>Nom. pr.</ab> zweier Priester der <is>Asura</is> <ls>MAITR. S. 4,8,1 (106,8)</ls>. <ab>Vgl.</ab> <ab>v. l.</ab>	sch	
tigmateja	7-345-c	{#tigmateja#}¦ <lex>Adj.</lex> = {#˚tejas#} <ls>R. ed. Bomb. 3,69,36</ls>.	sch	
timitimiMgala	7-345-d	{#timitimiMgala#}¦ <ls>DIVYĀVAD. 502,21</ls> wohl nur fehlerhaft für {#˚miMgila#}.	sch	
tintrIRIkA	7-345-d	{#tintrIRIkA#}¦ <lex>f.</lex> wohl nur fehlerhaft für {#tintilIkA#} <ab>u. s. w.</ab> <ls>SUD.</ls> zu <ls>ĀPAST. GṚHY. 6,5</ls>.	sch	
trEdaSaka	7-347-a	{#trEdaSaka#}¦ <ab>v. l.</ab> für {#trEdaSika#} (<ls>M. 2,58</ls>) <ls>HEMĀDRI 3,a,991,13</ls>.	sch	
trIrAtrIRa	4-300-a	{#trIrAtrIRa#}¦ <lex>Adj.</lex> {%dreitägig%} <ls>ĀPAST. ŚR. 9,2,3</ls>.	sch	
triHSyeta	3-263-b	{#triHSyeta#}¦, streiche <ls>MĀN. GṚHY. 1,12</ls>. <ls n="MĀN. GṚHY. 1,">15</ls>.	sch	
triHpiba	5-255-c	{#triHpiba#}¦ <lex>Adj.</lex> = {#tripiba#} <ab>Cit.</ab> im <ls><ab>Comm.</ab> zu R. ed. Bomb. 5,11,16</ls>.	sch	
triMSadBAga	4-300-a	{#triMSadBAga#}¦ <lex>m.</lex> {%der 50ste Theil%} <ls>YĀJÑ. 2,180</ls>.	sch	
triMSanmAna	3-263-b	{#triMSanmAna#}¦ <lex>Adj.</lex> {%ein Gewicht von 30 habend%} <ls>ĀPAST. ŚR. 5,21,9</ls>.	sch	
trihalikASrama	3-263-b	{#trihalikASrama#}¦, lies {#˚kAgrAma#}.	sch	
trikARqaka	7-346-c	{#*trikARqaka#}¦ <ls>MAHĀVY. 245,313</ls>.	sch	
trikowita	7-346-c	{#trikowita#}¦ <lex>Adj.</lex> {%dreimal angeschlagen%} (<ls>DIVYĀVAD. 115,27. 117,4</ls>) und {#˚kowitavya#} {%<ab n="dreimal">dr.</ab> anzuschlagen%} (<ls><ab>ebend.</ab> 114,22</ls>) fehlerhaft für {#triH ko˚#}.	sch	
triparivartam	7-346-c	{#triparivartam#}¦ <lex>Adv.</lex> III. Lies {#˚varta#} <lex>Adj.</lex> und <ab>vgl.</ab> <ls>MAHĀVY. 64,1</ls>. <ls>DIVYĀVAD. 393,23</ls>. <ls n="DIVYĀVAD.">495,16</ls>.	sch	
triprAtihAryasaMpanna	7-346-d	{#*triprAtihAryasaMpanna#}¦ <lex>m.</lex> <ab>Bez.</ab> <is>Buddha</is>ʼs <ls>MAHĀVY. 1,73</ls>.	sch	
triveRa	6-302-a	{#triveRa#}¦ 2〉 <lex>m.</lex> <ls>MBH. 4,57,37</ls>.	sch	
trizwAvarutrI	7-346-d	{#trizwA/va/rutrI#}¦ <ls>MAITR. S. 4,8,1</ls>, <ab>v. l.</ab> (<ls n="MAITR. S.">106,8</ls>).	sch	
tuhinay	5-255-c	{#tuhinay#}¦, {#˚yati#} {%in Eis verwandeln, mit Eis überziehen%} <ls>ŚIŚ. 6,55</ls>.	ap	
tulyaBAgya	7-388-a	{#tulyaBAgya#}¦ <lex>Adj.</lex> {%gleiches Schicksal habend%} <ls>MṚCCH. 98,18</ls>.	sch	
tulyaSIla	7-388-a	{#tulyaSIla#}¦ <lex>Adj.</lex> {%von gleicher Art des Verfahrens%}. <ab>Nom. abstr.</ab> {#˚tA#} <lex>f.</lex> <ls><ab>ebend.</ab> 101,19</ls>.	sch	
tulyapraBAva	7-388-a	{#tulyapraBAva#}¦ <lex>Adj.</lex> {%von gleicher Macht%} <ls>MBH. 1,76,70</ls>.	sch	
tuzopavapana	3-263-a	{#tuzopavapana#}¦ <lex>n.</lex> {%das Aufschütten der Getreidehülsen%} <ls>ĀPAST. ŚR. 6,29,17</ls>.	sch	
tvAzwraSatru	7-388-a	{#tvAzwraSatru#}¦ <lex>m.</lex> <ab>Bein.</ab> <is>Indra</is>ʼs <ls>CAṆḌĪŚ. 23</ls>.	sch	
uBayAsidDa	7-326-a	{#*uBayAsidDa#}¦ <lex>Adj.</lex> {%weder%} {#svataH sidDa#} {%noch%} {#parataH sidDaH#} <ls>MAHĀVY. 199,91</ls>.	sch	
uBayaSiraska	6-299-a	{#uBayaSiraska#}¦ <lex>Adj.</lex> (<lex>f.</lex> {#A#}) {%auf beiden Seiten eine Spitze habend%} (Meteor) <ls>VARĀH. BṚH. S. 33,9</ls>.	sch	
uBayacihna	2-296-a	{#uBayacihna#}¦ <lex>Adj.</lex> {%von zweierlei Zeichen, von doppelter Art%} <ls>BHĀG. P. 3,32,35</ls>.	sch	
uBayadant	1-299-b	{#uBaya/dant#}¦ <ls>MAITR. S. 1,8,1</ls>.	sch	
uBayadeha	7-325-d	{#uBayadeha#}¦ <lex>m.</lex> {%Doppelkörper%} (<ab>d. i.</ab> {#karmadeha#} und {#upaBogadeha#}) <ls>SĀṂKHYAS. 5,124</ls>.	sch	
uBayagrAsarAhUdaya	2-296-a	{#uBayagrAsarAhUdaya#}¦ <lex>m.</lex> Titel eines Werkes <ls>OPP. Cat. 1</ls>.	sch	
uBayakAlika	3-257-b	{#uBayakAlika#}¦ <lex>Adj.</lex> {%zu beiden Zeiten stattfindend%} [Page3-257-c] <ls><ab>Comm.</ab> zu ĀPAST. ŚR. 5,24,8</ls>.	sch	
uBayakowispfS	7-325-d	{#uBayakowispfS#}¦ <lex>Adj.</lex> {%zu beiden Seiten einer Alternative in Beziehung tretend%} <ls>ANIRUDDHA</ls> zu <ls>SĀṂKHYAS. 6,19</ls>.	sch	
uBayakowivinirmukta	7-325-d	{#uBayakowivinirmukta#}¦ <lex>Adj.</lex> {%nicht unter eine Alternative fallend%} <ls>ANIRUDDHA</ls> zu <ls>SĀṂKHYAS. 1,133</ls>.	sch	
uBayaspfS	7-325-d	{#uBayaspfS#}¦ <lex>Adj.</lex> = {#uBayakowispfS#} <ls>ANIRUDDHA</ls> zu <ls>SĀṂKHYAS. 2,33</ls>.	sch	
uBayataHPala	5-250-c	{#uBayataHPala#}¦ <lex>Adj.</lex> (<lex>f.</lex> {#A#}) {%auf beiden Seiten Früchte habend%} <ls>GOBH. 2,6,6</ls>.	sch	
uBayataHSikya	3-257-c	{#uBayataHSikya#}¦ <lex>Adj.</lex> (<lex>f.</lex> {#A#}) {%mit Wagschalen auf beiden Seiten%} <ls>VIṢṆUS. 10,3</ls>.	sch	
uBayatomoda	5-250-c	{#uBayatomoda#}¦ <lex>Adj.</lex> {%auf beiden Seiten mit der Formel%} <is>Moda</is> {%versehen%} <ls>ĀPAST. ŚR. 13,13,8</ls>. <ls n="ĀPAST. ŚR. 13">15,14</ls>. <ls n="ĀPAST. ŚR.">14,3,4</ls>.	sch	
uBayatovAha	5-250-c	{#uBayatovAha#}¦ <lex>Adj.</lex> (<lex>f.</lex> {#A#}) {%nach beiden Seiten fliessend%} <ls>BHĀG. P. 6,5,8</ls>.	sch	
uBayatovESvAnara	7-325-d	{#uBaya/tovESvAnara#}¦ <lex>Adj.</lex> {%beiderseits%} <is>Vaiśvānara</is> {%habend%} <ls>MAITR. S. 4,6,6 (87,6)</ls>.	sch	
uBayatovIvaDa	5-250-c	{#uBayatovIvaDa#}¦ <lex>Adj.</lex> {%sich das Gleichgewicht haltend, gleich schwer beladen%} <ls>KĀṬH. 27,10</ls>.	sch	
uRAdiniGaRwu	2-295-a	{#uRAdiniGaRwu#}¦ <lex>m.</lex> Titel eines Werkes <ls>OPP. Cat. 1</ls>.	sch	
uSadaG	7-387-a	{#uSa/daG#} ({#˚dah#})¦ I. <ab>Vgl.</ab> <ls>GELDNER, Vedische Studien 114. fg.</ls>	sch	
uSanastArakA	7-326-a	{#*uSanastArakA#}¦ <lex>f.</lex> {%der Abend und Morgenstern%} <ls>MAHĀVY. 71,6</ls>.	sch	
ucCinnaka	5-250-a	{#ucCinnaka#}¦ <lex>n.</lex> {%etwas als unbrauchbar Weggeworfenes%} <ls><ab>Comm.</ab> zu NĀRADA (a.) 1,2,36</ls>.	sch	
ucCrayakarman	7-322-b	{#ucCrayakarman#}¦ <lex>n.</lex> {%ein überschüssiges Werk%} (neben {#viDikarman#} und {#aviDikarman#}) <ls>ACH. PADDH.</ls> zu <ls>KAUŚ. 1,1</ls>.	sch	
uccEHpramodam	4-296-b	{#uccEHpramodam#}¦ <ab>Absol.</ab> {%unter lauten Freudenbezeugungen%} <ls>Spr. 879</ls>.	sch	
uccErnyAya	3-256-c	{#uccErnyAya#}¦ <lex>Adj.</lex> {%laut zu recitiren%} <ls>ŚĀṄKH. ŚR. 1,1,28</ls>.	sch	
uccErupAMSutA	7-322-b	{#uccErupAMSutA#}¦ <lex>f.</lex> {%leises und lautes Ertönen%} <ls>ŚĀṄKH. ŚR. 13,1,3</ls>.	sch	
uccErvAda	1-298-b	{#uccErvAda#}¦ <lex>m.</lex> {%ein hochfahrendes Wort%}.	sch	
uccErvismaya	1-298-b	{#uccErvismaya#}¦ <lex>m.</lex> {%grosses Erstaunen%} <ls>NAIṢ. 5,2</ls>.	sch	
uccUlI	2-295-a	{#uccUlI#}¦ <lex>Adv.</lex> mit {#kar#} {%in nach oben stehende Büschelchen verwandeln%} <ls>HEM. PAR. 2,135</ls>.	sch	
uccagopura	3-256-c	{#uccagopura#}¦ <lex>Adj.</lex> {%hochthorig%} <ls>KIR. 5,35</ls>.	sch	
uccakzU	7-322-a	{#uccakzU#}¦ I. Mit {#kar#} {%bewirken, dass Jmd%} (<ab>Acc.</ab>) {%hinaufsieht,%} <ls>DAŚAK. (1883) 168,8</ls>.	sch	
uccanAsika	1-298-b	{#uccanAsika#}¦ <ls>NAIṢ. 2,28</ls>.	sch	
uccazaka	5-249-c	{#uccazaka#}¦ <lex>n.</lex> (nach dem <ab>Comm.</ab>) {%ein geleerter%} oder {%stehen gebliebener Becher%} <ls>HARṢAC. (1936) 336,14</ls>. = {#apagatapAnaBAjana#} <ab>Schol.</ab>	sch	
uccodarki	2-295-a	{#uccodarki#} und {#˚rkI#}¦ <lex>f.</lex> Titel eines Werkes <ls>OPP. Cat. 1</ls>.	sch	
ucitakArin	3-256-c	{#ucitakArin#}¦ <lex>Adj.</lex> {%thuend was sich schickt%}. <ab>Nom. abstr.</ab> {#˚ritA#} <lex>f.</lex> <ls>PR. P. vor 136</ls>.	sch	
ucitopAyasaMgraha	2-295-a	{#ucitopAyasaMgraha#}¦ <lex>m.</lex> Titel eines Werkes <ls>OPP. Cat. 1</ls>.	sch	
udAharaRI	3-257-a	{#udAharaRI#}¦ <lex>Adv.</lex> mit {#kar#} {%als Beispiel wählen%} <ls><ab>Comm.</ab> zu GAṆAR. 7,430</ls>.	sch	
udAracaritra	1-298-c	{#udAracaritra#}¦ <lex>Adj.</lex> = {#udAracarita#} 1〉 <ls>KAUTUKAR.</ls>	sch	
udAracitta	1-298-c	{#udAracitta#}¦ <lex>Adj.</lex> {%edelmüthig%} <ls>KAUTUKAR.</ls>	sch	
udAsitar	3-257-a	{#udAsitar#}¦ <ab>Nom. ag.</ab> = {#udAsIna#} 1〉 <ls>ŚIŚ. 1,33</ls>.	sch	
udAyuvana	3-257-a	{#udAyuvana#}¦ in {#darvyudAyuvana#}.	sch	
udBUtarUpakAraRatAvAda	2-295-c	{#udBUtarUpakAraRatAvAda#} <lex>m.</lex> und {#udyApanaviDAna#} <lex>n.</lex>¦ Titel zweier Werke <ls>OPP. Cat. 1</ls>.	sch	
udBUtasparSavant	4-296-c	{#udBUtasparSavant#}¦ <lex>Adj.</lex> {%fühlbar%} <ls>BHĀṢĀP. 55</ls>.	sch	
udDUtatva	7-324-a	{#udDUtatva#}¦ <lex>n.</lex> {%das Aufwirbeln%} (von Staub) <ls>MBH. 7,187,32</ls>.	sch	
udDartavE	6-298-c	{#udDartavE#}¦ <ab>Dat.</ab> <ab>Infin.</ab> zu <hom>1.</hom> {#har#} mit {#ud#} <ls>ĀPAST. ŚR. 6,31,1</ls>.	sch	
udDftakaWina	7-324-a	{#*udDftakaWina#}¦ <lex>n.</lex> <ls>MAHĀVY. 281,204</ls> = <lang>Pāli</lang> {#kaWinodDAra, kaWinobBAra#}.	sch	
udIcInapAda	3-257-a	{#udIcInapAda#}¦ <lex>Adj.</lex> {%mit den Füssen nach Norden%} <ls>ĀPAST. ŚR. 7,16,5</ls>.	sch	
udacana	4-296-c	{#udacana#}¦ <lex>m.</lex> = {#udaYcana#} 1〉 <ls>ĀPAST. ŚR. 12,13,2</ls>. <ab>Comm.</ab> zu <ls n="ĀPAST. ŚR.">12,5. 11</ls>.	sch	
udagapavarga	5-250-a	{#udagapavarga#}¦ <lex>Adj.</lex> {%im Norden abschliessend%} <ls>ĀPAST. ŚR. 14,5,19</ls>.	sch	
udagvaMSa	5-250-b	{#udagvaMSa#}¦ <lex>Adj.</lex> {%dessen Tragbalken nach Norden gerichtet sind%} <ls>KĀTY. ŚR. 4,7,9</ls>.	sch	
udakakamaRqalu	1-298-c	{#udakakamaRqalu#}¦ <lex>m.</lex> = {#udakamaRqalu#} <ls>HEMĀDRI 2,a,79,9</ls>.	sch	
udakakftya	2-295-b	{#udakakftya#}¦ <lex>n.</lex> {%eine mit Wasser zu vollziehende Handlung%} <ls>ĀPAST. ŚR. 15,2,9</ls>.	sch	
udakapAtra	1-298-c	{#udakapAtra#}¦ <lex>n.</lex> = {#udapAtra#} 1〉a〉 <ls>HEMĀDRI 2,a,77,5</ls>.	sch	
udakapeya	7-323-c	{#udakapeya#}¦ <lex>n.</lex> {%Wassertrunk%} <ls>ŚĀṄKH. BR. 12,6</ls>.	sch	
udaktUla	2-295-b	{#udaktUla#}¦ <lex>Adj.</lex> {%mit dem Büschel nach Norden gerichtet%} (Gras).	sch	
udaraBedin	1-298-c	{#udaraBedin#}¦ <lex>Adj.</lex> {%Oeffnung des Leibes bewirkend%}.	sch	
uddaRqay	7-386-d	{#uddaRqay#}¦ etwa {%aufmuntern, ermahnen%} <ls>DAMAYANTĪK. 240</ls>.	sch	
uddarpa	3-257-a	{#uddarpa#}¦ <lex>Adj.</lex> {%hochmüthig%} <ls>MAHĀVĪRAC. 94,5</ls>.	sch	
udetos	1-298-c	{#u/detos#}¦ mit {#purA#} <ls>MAITR. S. 1,6,10</ls>.	sch	
udgAna	3-257-a	{#*udgAna#}¦ <lex>n.</lex> als Erklärung von {#udgITa#} 1〉 <ls><ab>Comm.</ab> zu ĀPAST. ŚR. 5,16,8</ls>.	sch	
udgUrayitar	3-257-a	{#udgUrayitar#}¦ <ab>Nom. ag.</ab> {%mit Thätlichkeiten drohend%} <ls>VIṢṆUS. 5,60</ls>.	sch	
udgamadoza	2-295-b	{#udgamadoza#}¦ <lex>m.</lex> {%ein <ab>best.</ab> Vergehen%} <ls>KALPAS. 123</ls>.	sch	
udgrAhiRikA	5-250-b	{#˚udgrAhiRikA#}¦ ({#udgrAhaRikA#} ?) <lex>f.</lex> {%das Geldempfangen für%} <ls>CAMPAKA 278</ls>.	sch	
udgrahItavya	3-257-a	{#udgrahItavya#}¦ <lex>Adj.</lex> {%ausfindig zu machen, zu ergründen%} <ls>VAJRACCH. 23,15</ls>.	sch	
udguRWikA	7-323-d	{#*udguRWikA#}¦ <lex>f.</lex> <ab>Instr.</ab> {%mit verschleiertem Gesicht%} <ls>MAHĀVY. 263,17</ls>. Richtig wäre {#avagu˚#}.	bhs	
udubrahmIya	7-323-d	{#udubrahmIya#}¦ <lex>n.</lex> <ab>Bez.</ab> {%des Liedes%} <ls>ṚV. 7,23</ls> <ls>ŚĀṄKH. BR. 29,6</ls>. <ls>ŚR. 18,19,20</ls>. <ls n="ŚR. 18,">20,6</ls>.	sch	
udvaditos	2-295-c	{#u/dvaditos#}¦ <ab>Gen.</ab> <ab>Inf.</ab> zu {#vad#} mit {#ud#} <ls>MAITR. S. 1,4,10</ls>.	sch	
udvijitavya	5-250-b	{#udvijitavya#}¦ <lex>n.</lex> <ab>impers.</ab> {%zu schaudern vor%} (<ab>Abl.</ab>) <ls>ŚIŚ. 16,19</ls>.	sch	
udyApanaviDAna	7-324-a	{#udyApanaviDAna#} und {#udyApanikA#}¦ 2.	sch	
udyUTikAgamana	7-324-a	{#*udyUTikAgamana#}¦ <lex>n.</lex> etwa {%das Hinrennen [Page7-324-b] zu einem Auflauf%} <ls>MAHĀVY. 261</ls>. <ab>Vgl.</ab> jedoch <lang>Pāli</lang> {#uyyoDika#}.	sch	
udyamam	4-296-c	{#udya/mam#}¦ <ab>Acc.</ab> <ab>Infin.</ab> {%aufheben%} ({#nA/Saknot#}) <ls>MAITR. S. 2,4,3 (40,15)</ls>.	sch	
udyatahoma	3-257-a	{#udyatahoma#}¦ <lex>m.</lex> {%die nach dem Erheben des Feuers stattfindende Spende%} <ls>ĀPAST. ŚR. 7,6,5</ls>. <ls n="ĀPAST. ŚR.">8,6,1</ls>.	sch	
ugraGoza	3-256-c	{#ugraGoza#}¦ <lex>Adj.</lex> {%gewaltig klingend%} <ls>MBH. 8,82,12</ls>.	sch	
ugraganDi	3-256-c	{#ugraganDi#} und {#˚n#}¦ <lex>Adj.</lex> {%stinkend%} <ls>VIṢṆUS. 66,5</ls>. <ls n="VIṢṆUS.">71,11</ls>. <ls n="VIṢṆUS.">79,5</ls>.	sch	
ugrarUpin	1-298-b	{#ugrarUpin#}¦ <lex>Adj.</lex> {%von grausigem Aussehen%} <ls>HEMĀDRI 2,a,100,15</ls>.	sch	
ugravaMSakara	1-298-b	{#ugravaMSakara#}¦ <lex>Adj.</lex> {%ein gewaltiges Geschlecht erzeugena%}. <is>Rudra-Śiva</is> <ls>HEMĀDRI 1,208,3</ls>.	sch	
uhAra	5-250-c	{#*uhAra#}¦ <lex>m.</lex> {%Schildkröte%} <ls>H. 1353, <ab>Sch.</ab></ls>	sch	
uhyamAnaka	5-250-c	{#uhyamAnaka#}¦ <lex>Adj.</lex> {%getrieben werdend von%} (Wellen, <ab>Instr.</ab>) <ls>MBH. 3,308,26</ls>.	sch	
ujjaNkikA	7-322-b	{#*ujjaNkikA#}¦ <lex>f.</lex> {%das Auflachen%} <ls>MAHĀVY. 263</ls>. Richtig ware {#ujjakzikA#}.	bhs	
ujjvalI	1-298-b	{#ujjvalI#}¦ <lex>Adv.</lex> 1〉 mit {#kar#} {%glänzend —, schmuck machen%} <ls>HARṢAC. 128,5</ls>. <ls n="HARṢAC.">142,22</ls>. — 2〉 mit {#BU#} {%aufstrahlen, hell prangen%} <ls>HARṢAC. 159,4</ls>.	sch	
ukzatva	1-298-b	{#ukzatva/#}¦ <lex>n.</lex> <ab>Nom. abstr.</ab> von {#ukzan#} 1〉a〉 <ls>MAITR. S. 2,5,4</ls>. <ls n="MAITR. S. 2,5,">7</ls>.	sch	
ulaBIya	2-296-a	{#*ulaBIya#}¦ <lex>m.</lex> {%ein Fürst der%} <is>Ulabha</is> <ls>KĀŚ.</ls> zu <ls>P. 5,3,116</ls>.	sch	
ulkapAta	5-250-c	{#ulkapAta#} (fehlerhaft) und {#ulkApAta#} (<ab>v. l.</ab>)¦ <lex>m.</lex> {%das Fallen von Meteoren%} <ls>GOBH. 3,3,18</ls>.	sch	
ullaBya	5-250-c	{#ullaBya#}¦ <ls>MṚCCH. ed. CAL. 342,16. fg.</ls> fehlerhaft.	sch	
unmAdacikitsApawala	7-324-b	{#unmAdacikitsApawala#}¦ 2.	sch	
unmAlaka	7-387-a	{#unmAlaka#}¦ {%das Belohnen%} <ls>ŚRĪKAṆṬHAC. 1,3</ls>.	sch	
unmInaketana	2-295-c	{#unmInaketana#}¦ <lex>Adj.</lex> {%wo der Liebesgott obenan steht%} <ls>HEM. PAR. 8,146</ls>.	sch	
unmUrDan	5-250-b	{#unmUrDan#}¦ <lex>Adj.</lex> {%mit aufgerichtetem Kopfe%} <ls>ŚIŚ. 18,32</ls>.	sch	
unmattIkaraRa	1-299-a	{#unmattIkaraRa#}¦ <lex>n.</lex> {%das Berauschen%} <ls>KAUTUKAR. 98</ls>.	sch	
upAMSupAvana	4-297-a	{#upAMSupAvana#}¦ <lex>Adj.</lex> {%den%} <is>Upāṃśu-Graha</is> {%klärend%} <ls>ĀPAST. ŚR. 12,11,11</ls>. <ls n="ĀPAST. ŚR. 12,">13,1</ls>.	sch	
upANgiraHsmfti	2-296-a	{#upANgiraHsmfti#} <lex>f.</lex>, {#upAdAnatvasamarTana#} <lex>n.</lex>, {#upADimaRqana#} <lex>n.</lex> und {#upADivAda#} <lex>m.</lex>¦ Titel von Werken <ls>OPP. Cat. 1</ls>.	sch	
upAdAnatvasamarTana	7-325-c	{#upAdAnatvasamarTana#}¦ 2.	sch	
upAkartavya	1-299-a	{#upAkartavya#}¦ <lex>n.</lex> <ab>impers.</ab> {%an die Eröffnungsfeier zu [Page1-299-b] gehen%} <ls>ŚĀṄKH. GṚHY. 4,5</ls>.	sch	
upAroha	7-325-c	{#upAroha#}¦ <lex>m.</lex> {%das Auftauchen, Wiederhervorkommen%} <ls><ab>Comm.</ab> zu YOGAS. 1,11</ls>.	sch	
upAsAsidDa	7-325-d	{#upAsAsidDa#}¦ <lex>Adj.</lex> = {#upAsanAsidDa#} <ls>SĀṂKHYAS. 1,95</ls>.	sch	
upAsakADyayana	1-299-b	{#upAsakADyayana#}¦ <lex>n.</lex> Titel eines Werkes <ls>BÜHLER, Rep. No. 569</ls>.	sch	
upAsanAsidDa	7-325-c	{#upAsanAsidDa#}¦ <lex>Adj.</lex> {%durch Cult in den Besitz übernatürlicher Kräfte [Page7-325-d] gelangt%} <ls>MAHĀDEVA</ls> zu <ls>SĀṂKHYAS. 1,95</ls>.	sch	
upAsanAsidDi	7-325-d	{#upAsanAsidDi#}¦ <lex>f.</lex> {%Erlangung übernatürlicher Kräfte durch Cult%} <ls>MAHĀDEVA</ls> zu <ls>SĀṂKHYAS. 1,25</ls>.	sch	
upAsitAvin	3-257-b	{#upAsitAvin#}¦ <lex>Adj.</lex> {%einer der verehrt hat, Verehrer%} Text zu <ls>Lot. de la b. l. 136</ls>.	sch	
upAtti	1-299-b	{#upAtti#}¦ <lex>f.</lex> {%Gebrauch, Anwendung%} <ls><ab>Comm.</ab> zu KĀTY. ŚR. 1,8,2</ls>.	sch	
upaBogadeha	7-325-a	{#upaBogadeha#}¦ <lex>m.</lex> {%der geniessende Körper%} <ls>SĀṂKHYAS. 5,124</ls>.	sch	
upaSlokayitavya	5-250-c	{#upaSlokayitavya#}¦ <lex>Adj.</lex> {%in%} <is>Śloka</is> (mit hinzugefügtem {#SlokEH#}) {%zu besingen%} <ls>MUDRĀR. 55,19 (88,12)</ls>.	sch	
upadeSavivaraRa	7-324-d	{#upadeSavivaraRa#}, {#upadeSasahasrakratuvyAKyA#} und {#upadeSasUtra#}¦ 2.	sch	
upadrazwrikA	1-299-a	{#upadra/zwrikA#}¦ <lex>f.</lex> {%Zeugin%} <ls>MAITR. S. 3,2,4</ls>.	sch	
upahAramaya	7-325-c	{#upahAramaya#}¦ <lex>Adj.</lex> (<lex>f.</lex> {#I#}) vielleicht {%aus Weihgeschenken bestehend%} <ls>JĀTAKAM. 22,12</ls>.	sch	
upajIvitar	3-257-a	{#upajIvitar#}¦ <ab>Nom. ag.</ab> {%lebend von%} (<ab>Gen.</ab>) <ls>MEDHĀT.</ls> zu <ls>M.</ls>	sch	
upakftimant	5-250-b	{#upakftimant#}¦ <lex>Adj.</lex> {%mit einer Diensterweisung verbunden%} <ls>ŚIŚ. 9,33</ls>.	sch	
upalakzitavESizyajYAna	2-295-c	{#upalakzitavESizyajYAna#}¦ <lex>n.</lex> Titel eines Werkes <ls>OPP. Cat. 1</ls>.	sch	
upamarditatva	4-296-c	{#upamarditatva#}¦ <lex>n.</lex> {%das Beseitigtsein%} <ls>ŚAṂK.</ls> zu <ls>CHĀND. UP. S. 6</ls>.	sch	
upamuKa	7-325-a	{#upamuKa#}¦, <ab>Instr.</ab> <ls>ŚĀṄKH. ŚR. 17,3,13</ls> = {#muKasamIpena#} nach dem <ab>Comm.</ab>	sch	
upanABi	7-324-d	{#upanABi#}¦ <lex>Adv.</lex> {%am Nabel%} <ls>KIR. 9,65</ls>.	sch	
upanAgaraka	3-257-b	{#upanAgaraka#}¦ <lex>Adj.</lex> (<lex>f.</lex> {#˚rikA#}) <ab>Bez.</ab> {%eines <ab>best.</ab> Stils%} ({#rIti#}) <ls>KĀVYAPR. 9,3</ls>.	sch	
upanAma	4-296-c	{#upanAma#}¦ <lex>m.</lex> {%Eintritt%} <ls><ab>Comm.</ab> zu ĀPAST. ŚR. 5,7,13</ls>.	sch	
upanAyikam	7-324-d	{#˚upanAyikam#}¦ <lex>Adv.</lex> {%mit Herbeiziehung von — als beweisendem Beispiel%} <ls>JĀTAKAM. 2</ls>.	sch	
upanItarAga	3-257-b	{#upanItarAga#}¦ <lex>Adj.</lex> {%harmonisch%} oder {%sympathisch%} (Rede) <ls>H. 66</ls>.	sch	
upanIvi	7-324-d	{#upanIvi#}¦ I. <ls>KIR. 8,24</ls>.	sch	
upanaptar	6-299-a	{#upanaptar#}¦ <lex>m.</lex> {%Grossenkel%} <ls>B. A. J. 1865, S. 154</ls>.	sch	
upapadyaparinirvAyin	7-324-d	{#*upapadyaparinirvAyin#}¦ <lex>m.</lex> {%erst nach [Page7-325-a] einer Wiedergeburt das%} <is>Parinirvāṇa</is> {%erlangend%} <ls>MAHĀVY. 46</ls>.	sch	
upaparIkzitavya	7-325-a	{#*upaparIkzitavya#}¦ <lex>Adj.</lex> {%zu untersuchen%} <ls>MAHĀVY. 245,1047</ls>.	sch	
upapayoDi	7-325-a	{#upapayoDi#}¦ <lex>Adv.</lex> {%am Meere%} <ls>KIR. 9,7</ls>.	sch	
upaprAtar	1-299-a	{#upaprAtar#}¦ <lex>Adv.</lex> {%kurz vor Tagesanbruch%} <ls>MAHĪDH.</ls> zu <ls>VS. 35,1</ls>.	sch	
upaprasannarzi	5-250-b	{#upaprasannarzi#}¦ <lex>Adv.</lex> {%zum%} <is>Ṛṣi Prasanna(candra)</is> <ls>HEM. PAR. 1,470</ls>.	sch	
uparAgavant	5-250-c	{#uparAgavant#}¦ <lex>Adj.</lex> {%verfinstert%} (durch <is>Rāhu</is>) <ls>ŚIŚ. 20,45</ls>.	sch	
uparamam	7-325-a	{#uparamam#}¦ <ab>Absol.</ab> {%inne haltend%} <ls>R. ed. Bomb. 3,7,22</ls>.	sch	
uparizwAdAsecanavant	4-296-c	{#uparizwAdAsecanavant#}¦ <lex>Adj.</lex> {%oben einen Ausguss habend%} <ls>ĀPAST. ŚR. 12,1,4</ls>.	sch	
uparizwAddEkza	5-250-c	{#uparizwAddEkza#}¦ <lex>Adj.</lex> {%zu einer nachfolgenden Weihe in Beziehung stehend%} <ls>GOBH. 4,5,13</ls>.	sch	
upasTURaka	7-325-c	{#upasTURaka#}¦ <ab>s.</ab> {#sTURopasTURaka#}.	sch	
upasaKi	7-325-b	{#upasaKi#}¦ <lex>Adv.</lex> {%bei der Freundin%} <ls>KIR. 9,66</ls>.	sch	
upasaMhAravijaya	2-296-a	{#upasaMhAravijaya#}¦ <lex>m.</lex> Titel eines Werkes <ls>OPP. Cat. 1</ls>.	sch	
upasaMhftatva	6-299-a	{#upasaMhftatva#}¦ <lex>n.</lex> {%das Unterdrücktsein, nicht mehr in Rede Stehen%} <ls>KULL.</ls> zu <ls>M. 11,82</ls>.	sch	
upasaMjihIrzu	3-257-b	{#upasaMjihIrzu#}¦ <lex>Adj.</lex> {%um abzuschliessen zusammenfassend%} <ls>ŚĪLĀṄKA 1,314</ls>.	sch	
upaskAram	1-299-a	{#*upaskAram#}¦ <ab>Absol.</ab> {%spaltend%}.	sch	
upavItitva	7-325-b	{#upavItitva#}¦ <lex>n.</lex> <ab>Nom. abstr.</ab> zu {#upavItin#} <ls>ĀŚV. GṚHY. 4,7,13</ls>.	sch	
upayuktatamatva	1-299-a	{#upayuktatamatva#}¦ <lex>n.</lex> {%das ganz besonders am Platze Sein%} <ls>HEMĀDRI 2,a,31,17</ls>.	sch	
upoti	2-296-a	{#u/poti#}¦ <lex>f.</lex> <ls>MAITR. S. 1,5,5</ls> scheinbar <ab>Nom.</ab> <ab>act.</ab> von {#av#} mit {#upa#}, aber wohl fehlerhaft für {#u/pe/ti#} ({#u/pa#} + {#i/ti#}).	sch	
upozaDozita	7-325-d	{#upozaDozita#}¦ <lex>Adj.</lex> {%die Fasten beobachtend%} <ls>DIVYĀVAD. 116,22</ls>. <ls n="DIVYĀVAD.">121,19</ls>.	sch	
uqqAha	2-295-a	{#uqqAha#}¦ <lex>m.</lex> {%Verunglimpfung%} <ls>HEM. PAR. 8,405</ls>.	sch	
uqudaSAPala	2-295-a	{#uqudaSAPala#}¦ <lex>n.</lex> Titel eines Werkes <ls>OPP. Cat. 1</ls>.	sch	
urovidAram	1-299-b	{#urovidAram#}¦ <ab>Absol.</ab> {%mit Aufschlitzung der Brust%} <ls>ŚIŚ. 1,47</ls>.	sch	
urudrapsa	4-297-a	{#urudra/psa#}¦ <lex>Adj.</lex> {%grosstropfig%} <ls>TS. 3,3,10,2</ls>. = {#bahusArAvayava#} <ab>Comm.</ab>	sch	
utPullatanUruhI	1-298-c	{#utPullatanUruhI#}¦ <lex>Adv.</lex> mit {#kar#} {%bewirken, dass bei Jmd die Härchen (Federn) sich erheben%} <ls>NAIṢ. 2,2</ls>.	sch	
utTApinI	7-323-b	{#utTApinI#}¦ <ab>s. u.</ab> {#utTApana#} 6.	sch	
utTApitotprekzA	1-298-c	{#utTApitotprekzA#}¦ <lex>f.</lex> {%eine Art Gleichniss%} <ls><ab>Comm.</ab> zu NAIṢ. 1,80</ls>.	sch	
utTapattra	7-323-a	{#utTa/pattra#}¦ <lex>Adj.</lex> <ls>MAITR. S. 3,3,8 (40,16. 17)</ls>.	sch	
utkArin	7-322-c	{#˚utkArin#}¦ <lex>Adj.</lex> {%ausgrabend, einritzend%} <ls>VIKRAMĀṄKAC. 7,71</ls>.	sch	
utkIlay	7-322-c	{#utkIlay#}¦, {#˚yati#} {%öffnen%} (einen Brief) <ls>DAŚAK. (1883) 174,12</ls>. zur Stadt (<ab>Acc.</ab>) {%hinausgehen%} <ls>DIVYĀVAD. 528,9</ls>. <ab>Vgl.</ab> {#indrakIla#}.	sch	
utkaRWitacittI	5-250-a	{#utkaRWitacittI#}¦ <lex>Adv.</lex> mit {#BU#} {%von Sehnsucht nach einem geliebten Gegenstand ergriffen werden%} <ls><ab>Comm.</ab> zu NAIṢ. 1,37</ls>.	sch	
utkacakumudgaRavant	2-295-a	{#utkacakumudgaRavant#}¦ <lex>Adj.</lex> {%von einer Menge aufgeblühter Lotuse umgeben%} <ls>BHĀG. P. 3,23,38</ls>.	sch	
utkarzatva	3-256-c	{#utkarzatva#}¦ <lex>n.</lex> = {#utkarza#} 2〉a〉 <ls>MAHĀVĪRAC. 34,16</ls>.	sch	
utkarzavant	1-298-c	{#utkarzavant#}¦ <lex>Adj.</lex> {%hervorhebend, steigernd%} <ls>KĀVYĀD. 1,76</ls>.	sch	
utkrAmuka	7-322-d	{#utkrAmuka#}¦ <ab>s.</ab> {#anu˚#} oben.	sch	
utkrazwar	4-296-b	{#utkrazwar#}¦ <ab>Nom. ag.</ab> in {#bIjotkrazwar#}.	sch	
utkuwila	1-298-c	{#utkuwila#}¦ <lex>Adj.</lex> {%nach oben schief, — verzogen%} <ls>S. S. S. 117,8</ls>.	sch	
utpARqUtpARquka	7-323-b	{#utpARqUtpARquka#}¦ <lex>Adj.</lex> {%ganz bleich geworden%} <ls>DIVYĀVAD. 334,1</ls>. <ls n="DIVYĀVAD.">463,8</ls>.	sch	
utpaTay	7-386-d	{#utpaTay#}¦ {%vom rechten Wege abbringen%} <ls>DAMAYANTĪK. 276</ls>.	sch	
utpallava	3-257-a	{#utpallava#}¦ <lex>Adj.</lex> {%mit aufspriessenden Schösslingen%} <ls>CAṆḌAK. 53,1</ls>.	sch	
utpeza	7-386-d	{#utpeza#}¦ <lex>m.</lex> {%das Zermalmen%} <ls>CAṆḌĪŚ. 20</ls>.	sch	
utsadanaDarmaka	7-323-b	{#utsadanaDarmaka#}¦ <lex>Adj.</lex> {%zum Wegräumen bestimmt%} (ein Mahl) <ls>DIVYĀVAD. 307,23</ls>. <ls n="DIVYĀVAD. 307,">27</ls>. Richtig wäre {#utsAdana˚#}.	sch	
utsfzwaloman	5-250-a	{#utsfzwaloman#}¦ <lex>Adj.</lex> {%das Abschneiden der Haare einstellend%} <ls>GAUT. 16,3</ls>.	sch	
utsrAvin	5-250-a	{#*utsrAvin#}¦ <lex>Adj.</lex> {%entspringend%} <ls>SĀY.</ls> zu <ls>ṚV. 5,85,2</ls>.	sch	
uttAnI	7-323-a	{#uttAnI#}¦ I. Mit {#kar#} auch {%*erklären%} <ls>MAHĀVY. 138</ls>.	sch	
uttaMsay	7-322-d	{#uttaMsay#}, {#samuttaMsita#}¦ = {#uttaMsita#} <ls>DHARMAŚARMĀBHY. 4,39</ls>.	sch	
uttamBam	7-322-d	{#˚uttamBam#}¦ <ab>Absol.</ab> {%in die Höhe hebend%} <ls>DHARMAŚARMĀBHY. 8,23</ls>.	sch	
uttamBanI	7-322-d	{#uttamBanI#}¦ <lex>f.</lex> {%der beim Aufstemmen%} (des Wagens) {%zu sprechende Vers%} <ls>ĀPAST. GṚHY. 5,19</ls>.	sch	
uttamaSlokacandrikA	2-295-a	{#uttamaSlokacandrikA#} <lex>f.</lex>, {#uttaragArgya#}, {#uttaracampU#} <lex>f.</lex>, [Page2-295-b] {#uttaraparicCeda#} <lex>m.</lex>, {#uttaraprAyaScitta#} <lex>n.</lex>, {#uttararAGavIya#} <lex>n.</lex> und {#uttarar	sch	
uttamadyuti	7-322-d	{#*uttamadyuti#}¦ <lex>Adj.</lex> {%überaus glanzvoll%} <ls>MAHĀVY. 22</ls>.	sch	
uttamapadin	2-295-a	{#uttamapadin#}¦ <lex>Adj.</lex> {%die höchste Stelle von%} (<ab>Gen.</ab>) {%bildend, — darstellend%} <ls>KAP. S. 32,9</ls>.	sch	
uttarASApati	1-298-c	{#uttarASApati#}¦ <ls>HEMĀDRI 1,769,16</ls>.	sch	
uttarASroRi	3-256-c	{#uttarASroRi#}¦ <lex>f.</lex> {%die linke Hinterbacke%} <ls>KĀTY. ŚR. 17,9,16</ls>.	sch	
uttarATarvaRa	7-323-a	{#uttarATarvaRa#}¦ 2.	sch	
uttarAparaSiras	3-256-c	{#uttarAparaSiras#}¦ <lex>Adj.</lex> {%mit dem Kopf nach Norden oder Westen%} <ls>VIṢṆUS. 70,2</ls>.	sch	
uttaralI	1-298-c	{#uttaralI#}¦ mit {#BU#} {%in eine hüpfende Bewegung gerathen%} <ls>NAIṢ. 3,55</ls>.	sch	
uttaramanuzyaDarmArocana	7-323-a	{#*uttaramanuzyaDarmArocana#}¦ <lex>n.</lex> {%die einem noch nicht geweihten Mönche gemachte Mittheilung, dass man übermenschliche Kräfte besitze,%} <ls>MAHĀVY. 261</ls>.	sch	
uttaramanuzyaDarmapralApa	7-322-d	{#*uttaramanuzyaDarmapralApa#}¦ <lex>m.</lex> {%das Vorgeben übermenschliche Kräfte zu besitzen%} [Page7-323-a] <ls>MAHĀVY. 257</ls>.	sch	
uttarapUrvaka	3-256-c	{#uttarapUrvaka#}¦ <lex>Adj.</lex> {%nordöstlich%} <ls>HEMĀDRI 1,801,15</ls>.	sch	
uttarapaYcAla	3-256-c	{#uttarapaYcAla#}¦ <lex>Adj.</lex> mit {#rAzwra#} <lex>n.</lex> {%das Reich der nördlichen%} <is>Pañcala</is> (mit einer gesuchten Nebenbedeutung) <ls>BHĀG. P. 4,25,51</ls>.	sch	
uttaraparicCeda	7-322-d	{#uttaraparicCeda#}¦ 2.	sch	
uttaraprAyaScitta	7-322-d	{#uttaraprAyaScitta#}¦ 2.	sch	
uttararAGavIya	7-323-a	{#uttararAGavIya#}, {#uttararAmAyaRa#} und {#uttaralakzman#}¦ 2.	sch	
uttarasArasvAdinI	7-323-a	{#uttarasArasvAdinI#}¦ 2.	sch	
uttarasaMhitA	2-295-b	{#uttarasaMhitA#} <lex>f.</lex>, {#uttarasArasvAdinI#} <lex>f.</lex> und {#uttarATarvaRa#} <lex>n.</lex>¦ Titel von Werken <ls>OPP. Cat. 1</ls>.	sch	
uttaravatI	1-298-c	{#uttara/vatI#}¦ <lex>f.</lex> <ab>Bez.</ab> {%einer <ab>best.</ab> Schichtung%} <ls>MAITR. S. 3,3,2</ls>. <ls n="MAITR. S. 3,">4,8</ls>.	sch	
uttaravedimant	3-256-c	{#uttaravedimant#}¦ <lex>Adj.</lex> {%eine%} <is>Uttaravedi</is> {%habend%} <ls><ab>Comm.</ab> zu ĀPAST. ŚR. 8,1,8</ls>.	sch	
uttariDvajAgramaRi	7-323-a	{#*uttariDvajAgramaRi#}¦ <lex>m.</lex> und {#uttariparamARurajaHpraveSa#} <lex>m.</lex> <ab>Bez.</ab> {%zweier Zählmethoden%} <ls>MAHĀVY. 248</ls>.	sch	
uttarottaraBAva	3-256-c	{#uttarottaraBAva#}¦ ({#˚Bava#} ?) <lex>Adj.</lex> {%wo immer Einer über [Page3-257-a] dem Andern ist%} <ls>MAHĀVĪRAC. 84,10</ls>.	sch	
uttarottaravaktar	2-295-b	{#uttarottaravaktar#}¦ <ab>Nom. ag.</ab> {%Jmd%} (<ab>Gen.</ab>) {%keine Antwort schuldig bleibend%} <ls>MBH. 2,5,5</ls>.	sch	
uttuNgI	5-250-a	{#uttuNgI#}¦ <lex>Adv.</lex> mit {#kar#} {%in die Höhe heben%} <ls><ab>Comm.</ab> zu ŚIŚ. 11,3</ls>.	sch	
uzRIzakuRqala	2-296-a	{#uzRIzakuRqala#}¦ <lex>m.</lex> {%ein <ab>best.</ab>%} <is>Samādhi</is> <ls>KĀRAṆḌ. 51,17</ls> ({#ulmIza˚#} <ab>gedr.</ab>).	sch	
uzRagata	7-326-a	{#uzRagata#}¦ <lex>n.</lex> {%Begeisterung%} <ls>DIVYĀVAD. 80,1</ls>. [Page7-326-b] <ab>Vgl.</ab> {#Uzmagata#}.	sch	
uzRihAkakuBO	7-326-b	{#uzRihAkaku/BO#}¦ <ab>Nomin.</ab> <lex>f.</lex> <ab>Du.</ab> = {#uzRihakaku/BO#} <ls>MAITR. S. 2,4,4 (42,5)</ls>.	sch	
vAdanamAruta	7-373-c	{#vAdanamAruta#}¦ zu streichen.	sch	
vArttAvaSezita	7-373-d	{#vArttAvaSezita#}¦ <lex>Adj.</lex> {%von dem nur die Sage übrig geblieben ist,%} so <ab>v. a.</ab> {%längst untergegangen%} <ls>PĀRV. 590,5</ls>.	sch	
vAtsaMbanDavid	7-373-c	{#vAtsaMbanDavid#}¦ <lex>Adj.</lex> <ls>MAITR. S. 3,6,4 (64,18. 19)</ls>. <ab>Vgl.</ab> {#vAtsabanDa˚#}.	sch	
vIRApaRavatURavant	7-376-a	{#vIRApaRavatURavant#}¦ <lex>Adj.</lex> {%mit einer Laute, einer Trommel und einer Flöte versehen%} <ls>R. 7,23,4,39</ls>.	sch	
valayitar	7-373-a	{#˚valayitar#}¦ <ab>Nom. ag.</ab> {%rings umfassend%} <ls><ab>ebend.</ab> 1,86</ls>.	sch	
varara	6-306-a	{#varara#}¦ <lex>Adj.</lex> {%Wünsche gewährend%} <ls>ŚIŚ. 19,100</ls>.	sch	
vardAlikA	7-372-d	{#vardAlikA#}¦ <lex>f.</lex> <ls>DIVYĀVAD. 500,20</ls> fehlerhaft für {#vArda˚#}.	sch	Y
varmay	6-306-a	{#varmay#}¦ (vor {#varmavant#} zu stellen) <ls>SADUKTIK. 2,309</ls>. — Mit {#sam#} {%Jmd%} (<ab>Acc.</ab>) {%einen Panzer —, eine Rüstung anlegen%} <ls>P. 3,1,25</ls>, <ab>Sch.</ab> <ls>VOP. 21,17</ls>. In übertragener <	sch	
vasatIvari	7-373-b	{#vasatIvari˚#}¦ = {#˚rI#} <ls>KĀTY. ŚR. 8,9,7</ls>. <ls n="KĀTY. ŚR.">9,3,21</ls>. <ls n="KĀTY. ŚR.">12,4,2</ls>. <ls n="KĀTY. ŚR.">13,4,28</ls>. <ls n="KĀTY. ŚR.">14,1,13</ls>.	sch	
vfdDayuvatI	7-376-b	{#vfdDayuvatI#}¦ <lex>f.</lex> {%ein alles Weib als Kupplerin%} <ls>DIVYĀVAD. 254,22</ls>. {%Hebamme%} <ls n="DIVYĀVAD.">483,25</ls>.	sch	
vfttasvADyAyavant	7-376-b	{#vfttasvADyAyavant#}¦ <lex>Adj.</lex> {%einen guten Lebenswandel führend und dem%} <is>Veda</is>-{%Studium obliegend%} <ls>BṚHASPATI</ls> in <ls>VIVĀDARATN. 331</ls>.	sch	
vfzamodinI	7-376-b	{#vfzamodi/nI#}¦ <lex>Adj.</lex> <lex>f.</lex> {%den Gatten erfreuend%} <ls>MAITR. S. 4,3,5 (44,17)</ls>.	sch	
viDenAman	7-374-c	{#viDenAman#}¦ <ab>s.</ab> {#hinviDenAman#}.	sch	
viSrAntimant	7-375-c	{#viSrAntimant#}¦ <lex>Adj.</lex> {%sich behaglich fühlend%} <ls>ŚRĪKAṆṬHAC. 2,13</ls>.	sch	
viSramBavant	7-375-c	{#viSramBavant#}¦ <lex>Adj.</lex> {%vertrauensvoll und ruhig, keine Unsicherheit empfindend%} <ls>JĀTAKAM. 23,5</ls>.	sch	
viSvaMBari	7-375-d	{#viSvaMBari#}¦ <lex>f.</lex> {%die Erde%} <ls>DHARMAŚARM. 18,22</ls>.	sch	
vicCAyay	7-374-a	<hom>2.</hom> {#vicCAyay#}¦ VI. {#vicCAyita#} {%erblasst%} <ls>DAMAYANTĪK. 263</ls>.	pwg	
vidyunmaRqalavant	7-374-c	{#vidyunmaRqalavant#}¦ <lex>Adj.</lex> {%blitzbekränzt%} (Wolke) <ls>R. ed. Bomb. 3,35,10</ls>.	sch	
vimAMsI	7-375-b	{#vimAMsI#}¦ <lex>Adv.</lex> mit {#kar#} {%des Fleisches berauben%} <ls>JĀTAKAM. 29,26</ls>.	sch	
vimalakirIwahAravant	7-375-b	{#vimalakirIwahAravant#}¦ <lex>Adj.</lex> {%mit einem fleckenlosen Diadem und Perlenschmuck versehen%} <ls>R. 7,15,41</ls>.	sch	
vimarSavant	7-375-a	{#vimarSavant#}¦ <lex>Adj.</lex> {%nachdenkend, im Zweifel seiend%} <ls>JĀTAKAM. 13</ls>.	sch	
vimfdvant	7-375-b	{#vimfdvant#}¦ <lex>Adj.</lex> (<lex>f.</lex> {#˚dvatI#}) {%dem%} <is>Indra Vimṛdh</is> {%gehörig%} <ls>ŚĀṄKH. BR. 4,1</ls>.	sch	
vinizkraya	7-374-d	{#vinizkraya#}¦ <lex>m.</lex> {%Vergeltung%} <ls>DHARMAŚARM. 4,46</ls>.	sch	
vipfzWI	7-374-d	{#*vipfzWI#}¦ <lex>Adv.</lex> mit {#BU#} {%niedergeschlagen werden%} <ls>MAHĀVY. 245,865</ls>. Richtig {#vipizwI#}; <ab>vgl.</ab> {#pfzWI#} oben.	sch	
viqambakatva	7-374-b	{#viqambakatva#}¦ <lex>n.</lex> <ab>Nom. abstr.</ab> zu {#viqambaka#} 1〉 <ls>HARAVIJAYA 4,4</ls>.	sch	
virasI	7-375-b	{#virasI#}¦ mit {#BU#} VI. {%den Reiz verlieren, zum Ekel werden%} <ls>JĀTAKAM. 19,27</ls>.	sch	
vistarI	7-376-a	{#vistarI#}¦ <lex>Adv.</lex> mit {#kar#} {%verbreiten%} <ls>DIVYĀVAD. 379,10</ls>.	sch	
vitaTI	7-374-b	{#vitaTI#}¦ mit {#kar#} VI. {%unwahr machen,%} so <ab>v. a.</ab> {%entfernen, verscheuchen%} <ls>DHARMAŚARM. 5,24</ls>.	sch	
vivade	7-375-b	{#vivade#}¦ <ab>Infin.</ab> mit {#yA#} {%sich an das Streiten machen%} <ls>ŚĀṄKH. ŚR. 14,29,1</ls> (<ab>vgl.</ab> <ab>Corrigg.</ab> und Wortindex). Die Lesart sehr unsicher.	sch	
vivartanA	7-375-c	{#vivartanA#}¦ <lex>f.</lex> = {#vivartana#} 2〉b〉 <ls>HARAVIJAYA 8,3</ls>. ? <ls>MAHĀVY. 53</ls>.	sch	
viwapi	7-374-b	{#viwapi#}¦ metrisch für {#viwapin#} {%Baum%}. {#viwapInAm#} <ls>R. ed. Bomb. 3,42,22</ls>. {#viwapInmAlyaDAriRaH#} zu lesen <ls n="R. ed. Bomb. 3,">73,20</ls>.	sch	Y
viwsUkara	7-374-b	{#viwsUkara#}¦ <lex>m.</lex> = {#viqvarAha#} <ls>MIT.</ls> zu <ls>YĀJÑ. 3,290. fg.</ls>	sch	
vizkaBe	6-306-c	{#vizka/Be#}¦ <ab>Dat.</ab> <ab>Infin.</ab> zu {#skaB#} mit {#vi#} <ls>ṚV. 8,89 (100),12</ls>.	sch	
vizkanttar	6-306-b	{#vizkanttar#}¦ <ab>Nom. ag.</ab> {%hinundher hüpfend%} <ls>{{BHAṬṬ. 9,64->BHAṬṬ. 9,74||20250502|Andhrabharati|https://github.com/sanskrit-lexicon/PWG/issues/143|}}</ls>.	sch	
vizvagvftti	7-375-d	{#vizvagvftti#}¦ <lex>Adj.</lex> {%überallhin sich verbreitend%} <ls>MĀLATĪM. (ed. Bomb.) 159,3</ls>.	sch	
vizwyakarRI	7-375-d	{#vizwyakarRI/#}¦ <lex>Adj.</lex> <lex>f.</lex> ? <ls>MAITR. S. 4,2,9 (32,4)</ls>.	sch	
vyantI	7-376-d	{#*vyantI#}¦ <lex>Adv.</lex> mit {#kar#} {%fern halten beseitigen%} <ls>MAHĀVY. 245</ls>. {#*˚BAva#} <lex>m.</lex> {%das Beseitigtsein%} <ls n="MAHĀVY.">245,1259</ls>.	sch	
vyavahAradrazwar	7-376-d	{#vyavahAradrazwar#}¦ <lex>m.</lex> {%Schlichter einer Rechtssache, Rechtsprecher%} <ls>SUD.</ls> zu <ls>ĀPAST. GṚHY. 23,2</ls>.	sch	
vyudDAram	6-306-c	{#vyudDAram#}¦ <ab>Absol.</ab> {%einzeln herausnehmend%} <ls>ĀŚV. GṚHY. 1,10,11</ls>.	sch	
wAparagrAma	5-255-a	{#wAparagrAma#}¦ <lex>m.</lex> <ab>N. pr.</ab> eines {%Dorfes%} <ls>M. MÜLLER, Ren. 300</ls>.	sch	
yaTApi	7-369-c	<hom>3.</hom> {#yaTApi#}¦ <ab>dass.</ab> <ls n="DIVYĀVAD.">84,10</ls>. {#yaTApi nAma#} {%gleichwie%} <ls n="DIVYĀVAD.">501,8</ls>. <ls>MAHĀVY. 225,71</ls>.	bhs	
yajYapuruzAsaMmita	7-369-b	{#yajYapuruzAsaM/mita#}¦ (!) <lex>Adj.</lex> <ls>MAITR. S. 3,1,2 (3,3). 7 (9,8)</ls>.	sch	
yatsatyam	7-369-c	{#yatsatyam#}¦ <ab>s. u.</ab> {#satya#}.	ap	
yogardDirUpavant	6-305-c	{#yogardDirUpavant#}¦ <lex>Adj.</lex> {%in der Gestalt des verkörperten vollkommenen%} <is>Yoga</is> <ls>MBH. 3,300,9</ls>.	sch	
zaqvArzikamaha	7-379-a	{#*zaqvArzikamaha#}¦ <lex>m.</lex> {%ein <ab>best.</ab> Fest%} <ls><ab>ebend.</ab> 229</ls>.	sch	
ABiSastya	7-318-d	{#ABiSastya#}¦ 6.		
ADAnapaYcaka	7-318-a	{#ADAnapaYcaka#} und {#˚prayoga#}¦ 2.		
ARapay	7-317-c	{#ARapay#} und {#ARavay#}¦ I. 5.		
ARipratyARInirhArayoga	7-317-c	{#*ARipratyARInirhArayoga#}¦ ? <ls>MAHĀVY. 245,460</ls>.		
ASvadakziRa	6-298-b	{#A/SvadakziRa#}¦ <lex>m.</lex> <ab>Patron.</ab> <ab>Pl.</ab> <ls>MAITR. S. 4,2,6</ls>.		
AlavandArstotra	7-319-d	{#AlavandArstotra#}¦ 2.		
AnuvanDika	7-318-b	{#AnuvanDika#}¦ <lex>Adj.</lex> {%fortdauernd, fortwirkend%} ({#karman#}) <ls>CARAKA 64,13</ls>.		
ApAkasTa	7-318-c	{#ApAka/sTa#} und {#ApAke/sTa#}¦ I. 3.		
ArAgay	3-256-a	{#ArAgay#}¦, {#˚yati#} 1〉 {%Jmd hoch erfreuen%} <ls>VAJRACCH. 35,1. fgg.</ls> Gegensatz {#virAgay#}. — 2〉 {%erlangen, erreichen%} <ls>LALIT. 562,5</ls>. <ls n="LALIT. 562,">6</ls>.		
AryasTavirIyaka	7-319-c	{#AryasTavirIyaka#}¦ <lex>Adj.</lex> dazu <ls>JĀTAKAM. 16</ls> ({#˚sTAvarIyaka#} die <ab>Hdschrr.</ab>).		
AtmavidyAvilAsa	2-293-c	{#AtmavidyAvilAsa#}¦ <lex>m.</lex> Titel eines Werkes <ls>OPP. Cat. 1</ls>.		
AvaSyakasUtra	7-320-a	{#AvaSyakasUtra#} und {#AvaSyikI#}¦ 2.		
Ayacana	7-319-a	{#Ayacana#}¦ <lex>n.</lex> {%Bitte%} (an die Götter) <ls>DIVYĀVAD. 1,10</ls>.		
BAkArin	7-365-a	{#BAkArin#}¦ <lex>Adj.</lex> {%dumpf tönend%} <ls>DAMAYANTĪK. 156</ls>.		
BArgavAy	6-304-c	{#BArgavAy#}¦, {#˚yate#} {%dem%} <is>Śukra</is> {%gleichen%} <ls>RUDRAṬĀLAṂKĀRAṬ. 131,b.</ls>		
BUtamUkzna	7-365-c	{#BUtamUkzna#}¦ <lex>n.</lex> = {#BUtatanmAtra#} <ls>ANIRUDDHA</ls> zu <ls>SĀṂKHYAS. 3,1</ls>. <ls>MAHĀDEVA</ls> zu <ls n="SĀṂKHYAS.">3,3. 14. fgg.</ls>		
BalApay	5-262-a	{#BalApay#}¦, {#˚yati#} {%übergeben%} <ls>PAÑCAD. 49</ls>. <ls>UTTAMAC. 355. S. 305, <ab>N.</ab> 1</ls>.		
Basmasay	7-389-b	{#Basmasay#}¦ {%einäschern%} <ls>HARAVIJAYA 9,37</ls>. <ls n="HARAVIJAYA">10,45</ls>.		
BayAy	5-262-a	{#BayAy#}¦, {#BayAyate#} {%sich fürchten%} <ls>PHEṬKĀRIṆĪ-TANTRA 10</ls> nach <ls>AUFRECHT</ls>.		
BramarAy	5-262-c	{#BramarAy#}¦, {#˚yate#} {%eine Biene darstellen%} <ls>SUBHĀṢITĀV. 1994</ls>.		
CandIkalpa	2-301-a	{#CandIkalpa#} <lex>m.</lex>, {#CandaHSloka#} <lex>m.</lex>, {#CandogAna#} <lex>n.</lex>, {#CandodarpaRa#} <lex>m.</lex>, {#Cando'mbuDi#} <lex>m.</lex>, {#CandoratnahalAyuDa#}, {#Candoviveka#} <lex>m.</lex>, {#CAyApuruzA		
CandombuDi	7-342-b	{#Cando'mbuDi#}, {#CandoratnahalAyuDa#} <ab n="und">u.</ab> {#Candoviveka#}¦ 2.		
DUmIla	5-257-a	{#DUmIla#}¦ 1〉 <ls>VĀSAV. 184,1</ls>.		
DanadAy	7-350-b	{#DanadAy#}¦, {#˚yate#} <is>Kubera</is> {%gleichkommen%} <ls>JĀTAKAM. 5</ls>.		
Darmay	5-257-a	{#Darmay#}¦, {#Darmayati#} {%Jmd die Gesetze befolgen lassen, gestatten, dass er die vorgeschriebenen Gesetze befolgt,%} <ls>VASIṢṬHA 15,15</ls>. <ls n="VASIṢṬHA 15,">16</ls>.		
DarmfpASa	3-264-c	{#DarmfpASa#}¦ <lex>m.</lex> auch {%Fessel —, Band der Pflicht%}.		
Darmodrata	7-350-d	{#*Darmodrata#}¦ <lex>m.</lex> {%ein <ab>best.</ab>%} <is>Samādhi</is> <ls>MAHĀVY. 21,63</ls>.		
DumaDumAy	3-264-c	{#DumaDumAy#}¦ (<ab>onomatop.</ab>), {#˚yate#} <ls><ab>Comm.</ab> zu KIR. 6</ls>, fehlerhaft für {#GumaGumAy#}.		
GanAsTikaPa	7-339-d	{#GanAsTikaPa#}¦ II. 3.		
GawikAcalamAhAtmya	2-300-b	{#GawikAcalamAhAtmya#}¦ <lex>n.</lex> Titel eines Werkes <ls>OPP. Cat. 1</ls>.		
KarjYUra	3-260-c	{#KarjYUra#}¦ 3〉e〉 {%*der Kern der Cocosnuss%} <ls>RĀJAN. 11,52</ls>.		
Kawvay	3-260-c	{#Kawvay#}¦, {#˚yati#} {%zur Bettstelle machen%} <ls>ŚIŚ. 2,77</ls>.		
KuBBika	7-336-d	{#KuBBika#}¦ {%Stiefel%} <ls>KUṬṬANĪMATA 64</ls>.		
Onnidya	3-258-c	{#Onnidya#}¦ <lex>n.</lex> {%Schlaflosigkeit%} <ls>DEŚĪN. 1,117</ls>.		
OsajYa	3-258-c	{#OsajYa#}¦ <lex>n.</lex> <ab>N. pr.</ab> eines <is>Tīrtha</is> <ls>VIṢṆUS. 85,52</ls>. <ab>v. l.</ab> {#OjYasa#}.		
SalyAy	7-377-d	{#SalyAy#}¦, {#˚yate#} {%zu einem Dorn werden%} <ls>HARAVIJAYA 10,31</ls>.		
SaraccandrAy	6-306-c	{#SaraccandrAy#}¦, {#˚yate#} {%dem Herbstmonde gleichen%} <ls>RUDRAṬĀLAṂKĀRAṬ. 131,b.</ls>		
SateGma	7-377-c	{#Sate/Gma#}¦ VI. <ls>MAITR. S. 1,10,12 (152,3)</ls>.		
SeKarAy	7-378-c	{#SeKarAy#}¦, {#˚yate#} {%zu einem Kranze werden%} <ls>DAMAYANTĪK. 178</ls>.		
SokAgAru	7-378-c	{#SokAgAru#}¦ {%Boudoir%} <ls>DIVYĀVAD. 287,13</ls>.		
SvevopakASa	7-379-a	{#Svevo/pakASa#}¦ <lex>Adj.</lex> (<lex>f.</lex> {#A#}) = {#SvitropakASa#} <ls>MAITR. S. 3,7,4 (78,12)</ls>.		
UQAtpraBfti	5-251-a	{#UQAtpraBfti#}¦ <ls>MBH. 5,83,42</ls>.		
UrDagaroma	7-326-b	{#UrDagaroma#}¦ <lex>Adj.</lex> {%mit emporgerichteten Härchen%} <ls>MAHĀVY. 17</ls>.		
UrDvaktampa	2-296-a	{#UrDvaktampa#}¦ <lex>m.</lex> {%ein Sprung nach oben%}. {#˚mpaM dA#} {%einen <ab n="Sprung nach oben">S. n. o.</ab> thun%} <ls>KATHĀS. 61,91</ls>.		
UvaDyagoha	7-326-c	{#UvaDyagoha/#}¦ I. 2.		
aBItistava	2-291-a	{#aBItistava#}¦ <lex>m.</lex> Titel eines Werkes <ls>OPP. Cat. 1</ls>.		
aBedyaratracUqa	7-306-d	{#*aBedyaratracUqa#}¦ <lex>m.</lex> <ab>N. pr.</ab> eines <is>Garuḍa</is> <ls>MAHĀVY. 172</ls>.		
aBihiMmana	7-306-c	{#aBihiMmana#}¦ <lex>n.</lex> {%das Anthun eines Leides%} <ls>R. ed. Bomb. 3,9,9</ls>.		
aBijY	5-244-b	{#aBijY#}¦, {#˚jYati#} {%erfahren —, verständig werden%} <ls>KULĀRṆAVA 9,60</ls>.		
aBimuKay	7-386-a	{#aBimuKay#}¦, {#˚yati#} {%Jmd%} (<ab>Acc.</ab>) {%sich geneigt machen%} <ls>KIR. 12,19</ls>. {%zuwenden%} <ls>DAMAYANTĪK. 274</ls>.		
aBipava	7-386-a	{#aBipava#}¦ 7. {%Weihe%} <ls>DHARMAŚARM. 7,13</ls>.		
aBipavaRa	7-386-a	{#aBipavaRa#}¦ I. 1. {%das Baden%} <ls>KIR. 6,23</ls>.		
aBirodDar	1-292-c	{#aBirodDa/r#}¦.		
aBiruqgatA	1-292-c	{#aBiruqgatA#}¦ <ab>s.</ab> {#aByudgatA#}.		
aByAgAra	7-306-d	{#aByAgAra#}¦ I. 3.		
aDarmaSaraRa	1-286-a	{#aDarmaSaraRa#}¦ vor {#aDarmizWa#} zu setzen.		
aDidEvatva	1-286-b	{#a/DidEvatva#}¦ <lex>n.</lex>		
aNkAy	4-291-a	{#aNkAy#}¦, {#˚yate#} {%den Fleck im Monde darstellen%} <ls>BHĀM. V. 2,97</ls>.		
aNkur	7-291-b	{#aNkur#}¦, {#aNkurati#} {%schiessen, aufschiessen%} <ls>PĀRV. 595,1</ls>. <ls n="PĀRV.">603,10</ls>. Hierher gehört das <ab n="unter">u.</ab> {#aNkuray#} stehende {#aNkurita#}.		
aSUnyArTa	1-295-b	<hom>1.</hom> {#aSUnyArTa#}¦ <lex>m.</lex> {%Aufklärung%} <ls>MUDRĀR. 168,4 (n. A.)</ls>. [Page1-295-c] {#˚m#} <lex>Adv.</lex> {%zur <ab n="Aufklärung">A.</ab>%} <ls n="MUDRĀR.">108,2. 115,15 (176,9)</ls>.		
aSakunI	1-295-b	{#aSakunI#}¦ <lex>Adv.</lex> mit {#BU#} {%zu einem bösen Omen werden%} <ls>NAIṢ. 3,9</ls>.		
aSvameDavant	1-295-c	{#aSvameDa/vant#}¦.		
abahuvyaktinizWa	3-252-c	{#abahuvyaktinizWa#}¦ <lex>Adj.</lex> {%nicht bei vielen Individuen zutreffend%} <ls>MAHĀVĪRAC. 112,6</ls>.		
acEtraBAnava	1-284-a	{#acEtraBAnava#}¦ <lex>Adj.</lex> {%nicht vom Feuer kommend%} <ls>BĀLAR. 53,20</ls>.		
acakruvftta	2-286-b	{#acakruvftta#}¦ <lex>Adj.</lex> {%nicht kreisrund%} <ls>KĀṬH. 6,3</ls>.		
acaladakza	7-291-d	{#acaladakza#}¦ 1.		
adAsIka	1-285-c	{#adAsIka#}¦ <lex>Adj.</lex> {%ohne Sclavinnen%} <ls>HEMĀDRI 1,639,14</ls>. <ls n="HEMĀDRI 1,639,">16</ls>.		
adButAy	1-286-a	{#adButAy#}¦, {#˚yate#} {%als Wunder erscheinen%} <ls>DAŚAK. 88,16</ls>.		
akapAla	4-290-c	{#akapAla#}¦ <lex>Adj.</lex> {%keine Schüssel habend%} <ls>ĀPAST. ŚR. 9,15,2</ls>.		
akzIrAkzArAlavaRa	2-285-c	{#akzIrAkzArAlavaRa#}¦ <lex>n.</lex> <ab>Sg.</ab> {%keine Milch, nichts Aetzendes und nichts Salziges%} <ls>ĀPAST. 1,28,11</ls>.		
alasay	7-310-a	{#alasay#}¦, {#˚yati#} {%erschlaffen%} (<ab>trans.</ab>) <ls>SUBHĀṢITĀV. 1262</ls>.		
amEtrI	4-294-c	{#amEtrI#}¦ <lex>f.</lex> {%Mangel an Wohlwollen%} <ls>MBH. 14,36,14</ls>.		
anAcCAdita	1-288-a	{#anAcCAdita#}¦ <lex>Adj.</lex> {%nicht unter Dach seiend%} <ls>VAITĀN.</ls>		
anAcarant	2-289-a	{#anAcarant#}¦ <lex>Adj.</lex> <ls>R. 2,39,19</ls> nach dem <ab>Comm.</ab> = {#kzudrAcArahIna#}.		
anAgamana	1-288-a	{#anAgamana#}¦ <lex>n.</lex> <ab>dass.</ab> <ls>PAÑCAT. 89,8</ls>.		
anAlambanatA	7-298-c	{#anAlambanatA#}¦ 1.		
anAmnAtamantra	4-292-a	{#anAmnAtamantra#}¦ <lex>Adj.</lex> {%wofür ein bestimmter Spruch nicht überliefert ist%} <ls>ĀPAST. ŚR. 12,1,6</ls>.		
anAraByavigarhija	7-298-c	{#anAraByavigarhija#}¦ <lex>n.</lex> {%ein allgemein ausgesprochener Tadel%} <ls>JĀTAKAM. 26,26</ls>.		
anaBisaMbudDa	7-297-c	{#anaBisaMbudDa#}¦ <lex>Adj.</lex> {%noch nicht zur vollkommenen Einsicht gelangt%} <ls>JĀTAKAM. 23</ls>.		
anal	5-242-b	{#anal#}¦, {#˚lati#} {%zu Feuer werden%} <ls>SUBHĀṢITĀV. 3128</ls>.		
analIy	4-292-a	{#analIy#}¦, {#˚yati#} {%wie Feuer erscheinen%} <ls>BHĀM. V. 2,66</ls>.		
ananvavasita	6-294-b	{#ananvavasita#}¦ <lex>Adj.</lex> {%nicht ergriffen von%} (<ab>Instr.</ab>) <ls>ŚĀṄKH. BR. 11,1</ls>.		
anavAra	4-292-a	{#anavAra/#}¦ <lex>Adj.</lex> {%kein diesseitiges Ufer habend%} <ls>TS. 7,5,3,2</ls>.		
anavadanIya	7-297-d	{#anavadanIya/#} und {#anavadAnI/ya#}¦ (so zu betonen in <ls>MAITR. S.</ls>) I. 5.		
aniNgyaSikzA	7-298-d	{#aniNgyaSikzA#}¦ 2.		
aniveSaka	7-299-b	{#aniveSaka#}¦ 3.		
anizWitASa	7-299-b	{#ani[H]zWitASa#}¦ <lex>Adj.</lex> {%die Hoffnung nicht aufgebend%} <ls>R. ed. Bomb. 3,60,36</ls>.		
anizwubDa	2-289-a	{#ani[H]zwubDa#}¦ <lex>Adj.</lex> {%unausgehöhlt%} <ls>ĀPAST. ŚR. 15,5,9</ls>. <ls n="ĀPAST. ŚR. 15,">9,2</ls>.		
annIy	4-292-c	{#annIy#}¦, {#˚yati#} {%nach Speise verlangen%} <ls>ĀPAST. ŚR. 10,16,13</ls>.		
annaMBawIya	7-301-d	{#annaMBawIya#}¦ 2.		
antarAhuti	7-385-c	{#antarA/huti#}¦ ? <ls><ab>ebend.</ab> 1,4,12 (61,17)</ls>.		
anyoktimuktAvalI	5-243-c	{#anyoktimuktAvalI#} <lex>f.</lex> und {#anyoktiSataka#} <lex>n.</lex>¦ Titel von Werken.		
apArTay	1-291-b	{#apArTay#}¦, {#˚yati#} {%unnütz machen%} <ls>NAIṢ. 9,80</ls>.		
aparezukAmaSamI	7-303-a	{#aparezukAmaSamI#}¦ (so zu lesen) 1.		
aparihInakAlam	6-295-a	{#aparihInakAlam#}¦ <lex>Adv.</lex> {%ungesäumt, sogleich%} <ls>BĀLAR. 257,11</ls>.		
apayAtaM	4-293-c	{#apayAtaM#}¦ <ab>st.</ab> {#aprayAntaM#} <ls>ed. Bomb. 5,180,16</ls>.		
apratrAsa	1-292-a	{#apratrAsa#}¦ <lex>m.</lex> {%das Nichterzittern%} <ls>TĀṆḌYA-BR. 6,7,10</ls>. <ls n="TĀṆḌYA-BR. 6,7,">18</ls>.		
arAgadvepatas	7-386-b	{#arAgadvepatas#}¦ <lex>Adv.</lex> {%sine ira et studio%} <ls>BHAG. 18,23</ls>.		
arDadroRika	7-309-b	{#arDadroRika#} und {#˚drORika#}¦ I. 5.		
arTakAmy	5-245-b	{#arTakAmy#}¦, {#˚myati#} {%nach Geld verlangen%} <ls>ŚIŚ. 14,49</ls>. <ls>SUBHĀṢITĀV. 655</ls>.		
arTakAraRa	7-309-a	{#arTakAraRa#}¦ I. 1.		
arasayitar	1-293-c	{#arasayita/r#}¦.		
argalAy	2-291-c	{#argalAy#}¦, {#˚yate#} {%einen Riegel bilden%} <ls>HEM. PAR. 13,58</ls>.		
arocin	7-308-d	{#arocin#}¦ I. 1.		
asaDnIcIna	6-297-a	{#asaDnIcIna#}¦ <lex>Adj.</lex> {%unrecht, unrichtig%} <ls>BHĀG. P. 5,9,5</ls>.		
asaMNga	7-314-b	<hom>1.</hom> {#asaMNga#}¦ I. <ab>Instr.</ab> so <ab>v. a.</ab> {%unaufhaltsam%} <ls>R. ed. Bomb. 4,14,18</ls>. {#˚m#} <lex>Adv.</lex> {%unverzüglich%} <ls>JĀTAKAM. 10,27</ls>.		
asaMtfRRa	6-297-b	{#asaMtfRRa#}¦ <lex>Adj.</lex> {%nicht aneinander befestigt%} <ls><ab>ebend.</ab></ls>		
asfkapaNkapezam	5-248-a	{#asfkapaNkapezam#}¦ <ab>Absol.</ab> mit {#piz#} {%zu einem Blutsumpf [Page5-248-b] zermalmen%} <ls>ŚIŚ. 18,45</ls>.		
asmftadruh	7-315-d	{#a/smftadruh#} und {#a/smftaDru#}¦ I. 3.		
asuKAy	7-315-b	{#asuKAy#}¦, {#˚yate#} {%Unlust —, Missbehagen empfinden, kein Gefallen finden%} <ls>JĀTAKAM. 18,29</ls>.		
asvAmyanumatena	7-316-a	{#asvAmyanumatena#}¦ <ab>Instr.</ab> {%ohne Erlaubniss des Eigenthümers%} <ls>KĀTY.</ls> in <ls>VIVĀDARATNĀKARA 225</ls>.		
atiDarma	1-284-c	{#atiDarma#}¦ <lex>m.</lex> {%die strengste Pflicht%} <ls>HEMĀDRI 1,54,20</ls>.		
atimfdu	7-293-d	{#atimfdu#}¦ <lex>Adj.</lex> {%überaus zart%} <ls>PAÑCĀŚIKĀ (ed. SOLF) 24</ls>.		
atipralApa	3-248-a	{#atipralApa#}¦ <lex>m.</lex> {%zu langes Gerede%}. <ab>Pl.</ab> <ls>VṚṢABH. 33</ls>.		
atisuganDi	6-293-c	{#atisuganDi#} oder {#˚n#} reudige Erregung, Freude¦ <lex>Adj.</lex> {%überaus wohlriechend%} <ls>SUŚR. 1,184,3</ls>.		
avANgra	7-311-c	{#avANgra#}¦ auch <ls>ĀPAST. GṚHY. 11,16</ls>.		
avAkiSaraska	6-296-a	{#avAkiSaraska#}¦ <lex>Adj.</lex> {%mit dem Kopfe nach unten%} <ls>SUŚR. 1,359</ls>. <ls n="SUŚR. 1,">7</ls>.		
avaDUlay	1-294-c	{#avaDUlay#}¦, {#˚yati#} {%bestreuen%} <ls>HEMĀDRI 1,545,4</ls>.		
avakUlana	7-310-c	{#avakUlana#}¦ 6.		
avamarapAWaka	7-386-b	{#avamarapAWaka#}¦ <lex>m.</lex> {%Barde, Lobsänger [Page7-386-c] eines Fürsten%} <ls><ab>ebend.</ab> 226. 264</ls>.		
avaruDaka	5-246-b	{#avaruDaka#}¦ 2〉 <lex>f.</lex> {#˚DikA#} <ab>Pl.</ab> {%die Frauen im Harem%} <ls>ŚIŚ. 12,20</ls>.		
avasvadant	7-311-c	{#a/vasvadant#} und {#avasvanya^#}¦ 1.		
avayavakroqa	7-311-a	{#avayavakroqa#}, {#avayavagranTa#}, {#avayavawippaRI#} und {#avayavaSiromaRi#}¦ 2.		
ayUpaka	7-308-b	{#ayUpaka#}¦ 4.		
bAlArkAy	6-304-b	{#bAlArkAy#}¦ {%der vor Kurzem aufgegangenen Sonne gleichen%}. {#˚yita#} <lex>Adj.</lex> <ls>SUBHĀṢITAR. 23,25</ls>.		
bahirmuKI	4-302-c	{#bahirmuKI#}¦, lies {#BU#} <ab>st.</ab> {#Ba#}.		
bahuratnAy	5-261-c	{#bahuratnAy#}¦, {#˚yate#} {%viele Juwelen bergen%} <ls>Ind. St. 15,248</ls> ({#vahu ra˚#} <ab>gedr.</ab>).		
barArDya	7-372-d	{#barArDya#}¦ <ls>ĀPAST. GṚHY. 21,9</ls> fehlerhaft für {#avarArDya#}.		
bruqaqvakrA	5-262-a	{#bruqaqvakrA#}¦ <lex>f.</lex> {%ein <ab>best.</ab> Wassergefäss%} <ls>UTTAMAC. 66</ls>. Man könnte {#bfhadvakrA#} oder {#bfhadvaktrA#} vermuthen.		
candrakAntIy	2-300-c	{#candrakAntIy#}¦, {#˚yati#} {%dem Mondstein gleichen%} <ls>Z. d. d. m. G. 27,61</ls>.		
candrikAy	7-340-d	{#candrikAy#}¦, {#˚yate#} {%Mondschein darstellen%} <ls>PRĀṆĀBHARAṆA 48</ls> nach <ls>AUFRECHT</ls>.		
caraRaja	7-387-d	{#caraRaja#}¦ <lex>m.</lex> {%Nagel am Fuss%} <ls>CAṆḌĪŚ. 11</ls>.		
caramaSlokacandrikA	7-341-a	{#caramaSlokacandrikA#}, {#˚SlokawippaRI#} und {#caravikramacarita#}¦ 2.		
caturvedatattvArTasaMgraha	7-340-c	{#caturvedatattvArTasaMgraha#}, {#˚rvedatAtparya#}, {#˚saMgraha#} und {#˚sArasaMgraha#}¦ 2.		
cawacaw	5-254-a	{#cawacaw#}¦, {#˚wati#} {%knistern%} <ls>VĀSAV. 242,4</ls>. <ls n="VĀSAV.">243,1</ls>.		
cawulay	4-298-c	{#cawulay#}¦, {#˚yati#} {%hin- und herbewegen%} <ls>BHĀM. V. 2,87</ls>. <ls n="BHĀM. V. 2,">97</ls>.		
cetanAy	7-342-a	{#cetanAy#}¦, {#˚yate#} {%geistig erscheinen, geistige Natur annehmen%} <ls>SĀṂKHYAPR. 72,11</ls> ({#cetanAyamAnatA#}). <ls>MAHĀDEVA</ls> zu <ls>SĀṂKHYAS. 1,99</ls>.		
ciYcaRI	7-341-c	{#ciYcaRI#}¦ II. 6.		
ciwiciwAy	7-341-c	{#ciwiciwAy#}¦, {#˚yate#} = {#cawacawAy#} <ls>DIVYĀVAD. 606,1</ls>.		
dIrGay	7-348-b	{#dIrGay#}¦, {#˚yati#} {%lange machen, zögern, Etwas auf die lange Bank schieben%} <ls>R. ed. Bomb. 2,100,19</ls>.		
daDigaRa	7-347-c	{#daDigaRa#}¦ 5.		
daSaraTalalitavrata	7-347-d	{#daSaraTalalitavrata#} und {#˚lalitAvrata#}¦ III. 5.		
dakziRatOpacAra	4-300-a	{#dakziRatOpacAra#}¦ <lex>Adj.</lex> {%wo man von Süden hereingeht%} <ls>ĀPAST. ŚR. 11,9,4</ls>.		
danDana	7-347-c	{#danDana#} und {#danDvana#}¦ III. 3.		
darpaR	6-302-a	{#darpaR#}¦, {#˚Rati#} {%einen Spiegel darstellen%} <ls>PISCHEL, De Gr. pr. 29</ls>.		
dfzwAntavant	7-349-a	{#dfzwAntavant#}¦ <lex>Adj.</lex> {%beweisende Beispiele —, — Vergleichungen enthaltend%} <ls>JĀTAKAM. 28</ls>.		
din	5-256-b	{#din#}¦, {#dinati#} {%zum Tage werden%} <ls>KĀVYAPR. 270,5</ls>.		
dvAdaSamaYjarikAstotra	7-349-d	{#dvAdaSamaYjarikAstotra#}¦ <lex>n.</lex> Titel eines <is>Stotra</is>.		
dvivfntAy	5-256-c	{#dvivfntAy#}¦, {#˚yate#} {%zwei Stengel zu haben scheinen%} <ls>VIDDH. 18,16</ls> ({#kiMciddvivfntAyate#} zu lesen).		
dvyaRukIy	6-302-b	{#dvyaRukIy#}¦, {#˚yati#} {%noch einmal so schmächtig werden%} <ls>ALAṂKĀRAŚ. 20,b.</ls>		
ekasvizwakft	6-299-b	{#ekasvizwakft#}¦ <lex>Adj.</lex> {%mit einer gemeinsamen Schlussgabe an%} <is>Sviṣṭakṛt</is> {%versehen%}.		
evamAyuzyapramARa	7-328-a	{#evamAyuzyapramARa#}¦ 2.		
ftespya	6-299-a	{#ftespya#}¦ <lex>Adj.</lex> {%ohne Holzspahn%} <ls>ĀPAST. ŚR. 2,13,1</ls>.		
gadDi	7-338-c	{#*gadDi#}¦ <lex>f.</lex> {%Gier%} <ls>MAHĀVY. 110,35</ls>.		
galagrAhit	7-337-d	{#galagrAhit#}¦ <lex>Adj.</lex> {%am Halse pakkend,%} so <ab>v. a.</ab> {%übertreffend%} <ls>PĀDĀRAVINDAŚATAKA 2</ls>.		
ganDasinDura	7-337-c	{#ganDasinDura#}¦ <lex>m.</lex> = {#ganDadvipa#} <ls>DHARMAŚARM. 5,59</ls>.		
gfhAy	5-253-c	{#gfhAy#}¦, {#˚yate#} {%zu einem Hause werden%} <ls>KULĀRṆAVA 9,59</ls>.		
haray	7-384-c	{#haray#}¦, {#˚yati#} {%als Löwe auftreten%} <ls>PRĀṆĀBHARAṆA 49</ls> nach <ls>AUFRECHT</ls>.		
hemAy	7-384-d	{#hemAy#}¦, {#˚yate#} {%zu Gold werden%} <ls>HARAVIJAYA 5,96</ls>.		
himAy	7-384-d	{#himAy#}¦, {#˚yate#} {%Schnee darstellen%} <ls>PRĀṆĀBHARAṆA 48</ls> nach <ls>AUFRECHT</ls>.		
iNgudi	7-321-a	{#iNgudi#}¦ <lex>f.</lex> metrisch <ab>st.</ab> {#iNgudI#} <ls>R. ed. Bomb. 2,104,8.</ls> <ls n="R. ed. Bomb. 2,104,">12.</ls> <ls n="R. ed. Bomb. 2,104,">14</ls>.		
jalaruhekzaRA	7-343-a	{#jalaruhekzaRA#}¦ 4.		
jalpAkay	7-343-a	{#jalpAkay#}¦, {#˚yati#} {%geschwätzig machen%} [Page7-343-b] <ls>PĀDĀRAVINDAŚ. 1</ls>.		
janmagaha	7-342-d	{#janmagaha#} und {#janmacintAmaRi#}¦ umzustellen.		
kARay	2-297-c	{#kARay#}¦, {#˚yati#} {%ausstechen%} (ein Auge) <ls>HEM. PAR. 3,38</ls>.		
kAcapawala	7-331-b	{#*kAcapawala#}¦ <lex>n.</lex> {%eine <ab>best.</ab> Augenkrankheit%} <ls>MAHĀVY. 284,68</ls>.		
kAnanIy	4-297-c	{#kAnanIy#}¦, {#˚yati#} {%wie ein Wald erscheinen%} <ls>BHĀM. V. 2,66</ls>.		
kArAdDotriyA	7-331-d	{#kArAdDotriyA#}¦ <lex>f.</lex> <ab>Pl.</ab> <ls>ŚĀṄKH. ŚR. 9,20,12</ls>. <ab>Bez.</ab> {%der Verse%} <ls>ṚV. 1,120,1. fgg.</ls>		
kArmuta	7-331-d	{#kArmuta#}¦ 2.		
kArtavIryArjuna	7-331-d	{#kArtavIryArjuna#}, {#˚kavaca#} und {#˚dIpArADanaviDi#}¦ 2.		
kElAs	6-300-b	{#kElAs#}¦, {#˚sati#} {%zum Berge%} <is>Kailāsa</is> {%werden%} <ls>SUBHĀṢITĀV. 2614</ls>.		
kEravakorakIy	2-299-b	{#kEravakorakIy#}¦, {#˚yati#} {%einer Lotusknospe gleichen%} <ls>Z. d. d. m. G. 27,61</ls>.		
kIqAtAla	7-335-b	{#kIqAtAla#}¦ II. lies 3〉e〉.		
kaNkapfzWin	7-328-d	{#kaNkapfzWin#} und {#˚pfzWI#}¦ II. 2.		
kakuc	7-328-d	{#kakuc#}¦ {%eine <ab>best.</ab> Frucht%} <ls>KAUŚ. 48,32</ls>. <ab>v. l.</ab> {#kakruca#}.		
kalamIy	6-300-a	{#kalamIy#}¦, {#˚yati#} {%zu einem Reishalm werden%} <ls>ALAṂKĀRAŚ. 20,b.</ls>		
kallolay	7-387-b	{#kallolay#}¦, {#˚yati#} {%Wellen treiben%} <ls>DAMAYANTĪK. 32</ls>. {#˚lita#} <ls>ŚRĪKAṆṬHAC. 2,33</ls>.		
kamalIy	6-299-c	{#kamalIy#}¦, {#˚yati#} {%zur Lotusblüthe werden%} <ls>ALAṂKĀRAŚ. 20,b.</ls>		
karAlAy	5-251-c	{#karAlAy#}¦, {#˚yate#} {%Schauder erregend werden%} <ls>VĀSAV. 78,2</ls>.		
karAlay	7-387-a	{#karAlay#}¦, {#˚yati#} {%öffnen%} <ls><ab>ebend.</ab> 37</ls>.		
karRAy	6-299-c	{#karRAy#}¦, {#˚yate#} {%dem%} <is>Karṇa</is> {%gleichen%} <ls>RUDRAṬĀLAṂKĀRAṬ. 131,b.</ls>		
karaNkAy	3-259-a	{#˚karaNkAy#}¦, {#˚yate#} {%wie ein Gerippe von — aussehen%} <ls>CAṆḌAK. 70</ls>. <ls n="CAṆḌAK.">10</ls>.		
karaRqakanivApaka	7-329-d	{#karaRqakanivApaka#}¦ 3.		
karmAvaraRapratipramrabDi	7-330-b	{#*karmAvaraRapratipramrabDi#}¦ <lex>f.</lex> Titel eines [Page7-330-c] Werkes <ls>MAHĀVY. 65,58</ls>.		
kavacay	5-251-c	{#kavacay#}¦, {#˚yati#} {%einen Panzer anlegen%} <ls>HARṢAC. 152,24 (396,1)</ls>.		
kawAkzay	7-328-d	{#kawAkzay#}¦, {#˚yati#} {%mit einem Seitenblick ansehen%} (<ab>uneig.</ab>) <ls>PĀRV. 589,32</ls>.		
kazAyay	5-251-c	{#kazAyay#}¦, {#˚yati#} {%beschmutzen%} und {%belästigen%} <ls>VĀSAV. 71,3</ls>. <ls n="VĀSAV. 71,">4</ls>. <ab>Vgl.</ab> {#kazAyita#}.		
kesarAy	7-387-c	{#kesarAy#}¦, {#˚yate#} {%zu Haaren werden%} <ls>DAMAYANTĪK. 75</ls>.		
kfdantatattvaboDinI	7-334-a	{#kfdantatattvaboDinI#}¦ 2.		
kftAntAy	6-300-b	{#kftAntAy#}¦, {#˚yate#} {%dem Todesgotte gleichen%} <ls>RUDRAṬĀLAṂKĀRAṬ. 131,b.</ls>		
kftayugAy	4-298-a	{#kftayugAy#}¦, {#˚yate#} {%wie das goldene Zeitalter erscheinen%} <ls>PRATĀPAR. 376,11</ls>.		
kiwf	7-332-b	{#kiwf#}¦, das *vor {#lOha#} zu streichen.		
kokanaday	4-298-a	{#kokanaday#}¦, {#˚yati#} {%für eine rothe Wasserlilie halten%} <ls>BHĀM. V. 2,149</ls>.		
krIqAparicCeda	3-260-b	{#krIqAparicCeda#}¦ <lex>m.</lex> {%Spielzeug%}.		
krIqArudrAy	4-298-b	{#krIqArudrAy#}¦, {#˚yate#} {%im Spiele%} <is>Rudra</is> {%gleichen%} <ls>Z. d. d. m. G. 36,529</ls>.		
kreNkAray	7-387-c	{#kreNkAray#}¦, {#˚yati#} {%den Laut%} {#kreN#} {%hervorbringen%} (von einem Wasservogel) <ls>DAMAYANTĪK. 79</ls>. <ls n="DAMAYANTĪK.">94</ls>. <ls n="DAMAYANTĪK.">186</ls>.		
kuSeSalocanA	7-333-c	{#kuSeSalocanA#}¦ 4.		
kumudAy	6-300-b	{#kumudAy#}¦, {#˚yate#} {%einer weissen Lotusblüthe gleichen%} <ls>KĀVYĀL. 8,24</ls>.		
kuvalayAy	6-300-b	{#kuvalayAy#}¦, {#˚yate#} {%einer blauen Lotusblüthe gleichen%} <ls><ab>ebend.</ab></ls>		
kzIrod	6-300-c	{#kzIrod#}¦, {#˚dati#} {%zum Milchmeer werden%} <ls>SUBHĀṢITĀV. 2614</ls>.		
kzatryarzaBa	7-387-c	{#kzatryarzaBa#}¦ <lex>m.</lex> = {#kzatriyarzaBa#} <ls>R. 3,75,2</ls>.		
kzetranirmARaniDi	7-336-a	{#kzetranirmARaniDi#}¦ 2.		
lAYCanAy	7-371-d	{#lAYCanAy#}¦, {#˚yate#} {%zum Kennzeichen werden%} <ls>DAMAYANTĪK. 178</ls>.		
latAy	6-306-a	{#latAy#}¦, {#˚yate#} {%einer Schlingpflanze gleichen%} <ls>RUDRAṬĀLAṂKĀRAṬ. 132,b.</ls>		
lokakAmpA	7-372-a	{#lokakAmpA#}¦ <lex>f.</lex> {%Menschenliebe%} <ls>MBH. 3,307,14</ls>.		
lozwAy	6-306-a	{#lozwAy#}¦, {#˚yate#} {%einen Erdkloss darstellen, nicht mehr werth als ein <ab n="Erdkloss">E.</ab> sein%} <ls>ALAṂKĀRAŚ. 28,b,8</ls>.		
mAgaSoBA	7-368-a	{#mAgaSoBA#}¦ <lex>f.</lex> {%Reinhaltung eines Weges%} <ls>DIVYĀVAD. 513,9</ls>.		
mElatrata	7-369-a	{#mElatrata#}¦ (!) <lex>n.</lex> {%eine <ab>best.</ab> Begehung des%} <is>Brahmacārin</is> <ls>AV. PADDH.</ls> zu <ls>KAUŚ. 57</ls>.		
mEtrAy	7-369-a	{#mEtrAy#}¦, {#˚yati#} {%wohlwollend gesinnt sein%} <ls>DIVYĀVAD. 105,17</ls>.		
maNKAy	7-389-c	{#maNKAy#}¦ {%wie ein Herold sich benehmen, preisen%} <ls>ŚRĪKAṆṬHAC. 1,56</ls>.		
maRqalay	7-366-b	{#maRqalay#}¦, {#˚yati#} {%wirbeln%} <ls>KIR. 16,44</ls>.		
maYjaray	5-262-c	{#maYjaray#}¦, {#˚yati#} {%mit Blüthensträussen verzieren%} <ls>VĀSAV. 232,1</ls>.		
madeha	7-380-a	{#madeha#}¦ <lex>Adj.</lex> {%mit einem Körper versehen%} <ls>KĀŚĪKH. 10,107</ls>. <ls n="KĀŚĪKH.">64,105</ls>.		
malay	7-389-c	{#malay#}¦ {%reiben%} <ls><ab>ebend.</ab> 7,8</ls>. <ab>Vgl.</ab> {#mal#}.		
moGAy	5-264-a	{#moGAy#}¦, {#˚yate#} {%zwecklos werden, Nichts mehr zu bedeuten haben%} <ls>ALAṂKĀRAV. 205,b.</ls> <ls>ALAṂKĀRAR. 14,b.</ls>		
mukurAy	7-368-b	{#mukurAy#}¦, {#˚yate#} {%zum Spiegel werden%} <ls>DHARMAŚARM. 17,25</ls>.		
nApinaBARqa	7-352-b	{#*nApinaBARqa#}¦ <lex>n.</lex> {%Rasirgeräthe%} <ls>MAHĀVY. 273,99</ls>.		
nArIy	5-257-c	{#nArIy#}¦, {#yate#} {%zu einem Weibe werden%} <ls>KĀVYAPR. 269,12</ls>.		
nOsaMkama	7-354-d	{#nOsaMkama#}¦ <lex>m.</lex> {%Ueberfahrt zu Schiffe%} <ls>DIVYĀVAD. 386,10</ls>. {%Schiffbrücke%} <ls n="DIVYĀVAD.">55,24</ls>.		
nadasy	7-351-c	{#nadasy#}¦, {#˚syate#} {%brüllen%} <ls>DIVYĀVAD. 269,3</ls>.		
natravAr	7-354-c	{#natravAr#}¦ <lex>n.</lex> {%Thränen%} <ls>RUDRAṬA, ŚṚṄGĀRAT. 2,52</ls>.		
nimnay	7-388-c	{#nimnay#}¦, {#˚yati#} {%erniedrigen,%} so <ab>v. a.</ab> {%übertreffen%} <ls>DAMAYANTĪK. 116</ls>.		
niraBisaDAna	7-353-a	{#niraBisaDAna#}¦ <lex>n.</lex> {%Absichtslosigkeit%} <ls>ANIRUDDHA</ls> zu <ls>SĀṂKHYAS. 2,45</ls>.		
nirjalamInAy	4-301-a	{#nirjalamInAy#}¦, {#˚yate#} {%wie ein Fisch ohne Wasser sein%} <ls>BHĀM. V. 2,66</ls>.		
nirktara	5-258-a	{#nirktara#}¦ 2〉a〉 c〉 {#nirnara#} <ab>v. l.</ab> <ls>ZACH. Beitr. 59</ls>.		
nirnidray	5-258-a	{#nirnidray#}¦, {#˚yati#} {%aus dem Schlafe erwecken%} <ls>NAIṢ. 19,58</ls>.		
nirokAra	7-353-a	{#nirokAra#}¦ <lex>Adj.</lex> <ls>MBH. 13,23,7</ls> nach <ls>NĪLAK.</ls> = {#ananujYAta#} oder {#SUdra#}.		
ozaDrivanaspatimant	7-328-b	{#ozaDrivanaspatimant#}¦ 6.		
pARquray	5-259-c	{#pARquray#}¦, {#˚yati#} {%weisslich gelb färben%} <ls>VĀSAV. 231,3</ls>. <ab>Vgl.</ab> {#pARqurita#}.		
pARqvAti	7-357-c	{#pARqvAti#} und {#pARqvArti#}¦ IV. 4.		
pASAy	7-358-a	{#pASAy#}¦, {#˚yate#} {%zum Seile werden%} <ls>PĀDĀRAVINDAŚ. 19</ls>.		
pAWAntaray	5-259-c	{#pAWAntaray#}¦, {#˚yati#} {%für Etwas%} (<ab>Acc.</ab>) {%eine andere Lesart haben%} <ls>PISCHEL, die Recensionen der ŚAKUNTALĀ, S. 8</ls>.		
pIWAy	7-358-c	{#pIWAy#}¦, {#˚yate#} {%zum Schemel werden%} <ls>PĀDĀRAVINDAŚ. 6</ls>.		
pIpAsAvant	7-358-c	{#pIpAsAvant#}¦ IV. so zu lesen und nach {#pipAsAlu#} zu setzen.		
pOsya	7-359-d	{#pOsya#}¦ IV. <ab>vgl.</ab> <ls>AUFRECHT</ls> in <ls>Festgr. 2</ls>.		
padmAy	6-303-b	{#padmAy#}¦, {#˚yate#} {%der Blüthe von Nelumbium speciosum gleichen%} <ls>KĀVYĀL. 8,24</ls>.		
padmacala	7-356-a	{#padmacala#}¦ <lex>m.</lex> <ab>N. pr.</ab> eines {%Berges%} <ls>R. ed. Bomb. 4,37,4</ls>.		
padmakoSI	5-259-a	{#padmakoSI#}¦ <lex>Adv.</lex> mit {#kar#} {%zum Blumenkelche eines Taglotuses gestalten%} <ls>HEM. PAR. 1,70</ls>.		
paroNhu	7-357-a	{#paroNhu#}¦ IV. 5.		
patAkAy	7-388-d	{#patAkAy#}¦, {#˚yate#} {%eine Fahne darstellen%} <ls>DAMAYANTĪK. 72</ls>.		
pawavAsinIM	7-355-b	{#*pawavAsinIM#}¦ <lex>f.</lex> {%eine Art Weib%} <ls>MAHĀVY. 281,249</ls>.		
piSaNgay	7-358-b	{#piSaNgay#}¦, {#˚yati#} {%röthlich färben%} <ls>KIR. 16,40</ls>. <ls n="KIR. 16,">47</ls>.		
piYjulikA	5-259-c	{#*piYjulikA#}¦ <lex>f.</lex> <ls>ZACH. Beitr. 92</ls>.		
pizwapepaRa	7-358-b	{#pizwapepaRa#}¦ <lex>n.</lex> {%das Mahlen von schon Gemahlenem,%} so <ab>v. a.</ab> {%das unnütze Wiederholen von etwas schon Gethanem%}. {#˚nyAya#} <ls>SUD.</ls> zu <ls>ĀPAST.</ls> [Page7-358-c] <ls>GṚHY. 14,9</ls>.		
prAcInapratIcitas	5-261-a	{#prAcInapratIcitas#}¦ <lex>Adv.</lex> {%von Ost oder von West%} <ls>UTTAMAC. 133</ls>.		
pratibimb	6-303-c	{#pratibimb#}¦, {#˚mbati#} {%sich wiederspiegeln%} <ls><ab>Comm.</ab> zu KAP. 4,30</ls>. Hierher gehört {#pratibimbita#}, das <ab n="unter">u.</ab> {#pratibimbay#} steht.		
pratidvaMdvay	7-360-c	{#pratidvaMdvay#}¦, {#˚yati#} {%wetteifern wollen%} <ls>DIVYĀVAD. 403,13</ls>.		
pratigrAmasamIyam	7-360-b	{#pratigrAmasamIyam#}¦ <lex>Adv.</lex> {%bei jedem Dorfe%} <ls>DHARMAŚARM. 1,48</ls>.		
pratinisfjya	7-360-c	{#*pratini[H]sfjya#}¦ <lex>Adj.</lex> {%aufzugeben, fahren zu lassen%} <ls>MAHĀVY. 130,1</ls>.		
pratiyatra	7-360-d	<hom>2.</hom> {#pratiyatra#}¦ IV. {%auf der Hut seiend%} <ls>JĀTAKAM. 31</ls>.		
pratyArava	7-361-b	{#pratyArava#}¦ <lex>m.</lex> {%Widerhall%} <ls>DHARMAŚARM. 10,50</ls>.		
pravaRay	7-361-d	{#pravaRay#}¦, {#˚yati#} {%zugeneigt werden%} <ls>DHARMAŚARM. 16,80</ls>. {%zurecht machen%} <ls n="DHARMAŚARM.">8,8</ls>. {%befördern, bewirken%} <ls n="DHARMAŚARM.">11,56</ls>.		
puRqarIkinI	4-302-a	{#puRqarIkinI#}¦ <lex>f.</lex> <ab>N. pr.</ab> einer Stadt in <is>Videha</is> <ls>HEM. PAR. 1,391</ls>.		
puzpAy	5-260-b	{#puzpAy#}¦, {#˚yate#} {%zu einer Blume werden%} <ls>KULĀRṆAVA 5,60</ls>.		
rAjahaMsAy	6-305-c	{#rAjahaMsAy#}¦, {#˚yate#} = {#rAjahaMsIy#} <ls>VĀGBHAṬA 4,51</ls>.		
ratnAy	7-370-c	{#ratnAy#}¦, {#˚yate#} {%Juwelen —, Perlen gleichen%} <ls>JĀTAKAM. 15,14</ls>.		
ripav	5-264-b	{#ripav#}¦, {#˚vati#} {%zum Feinde werden%} <ls>SUBHĀṢITĀV. 3128</ls>.		
sAgarAy	7-382-b	{#sAgarAy#}¦, {#˚yate#} {%das Meer darstellen%} <ls>PRĀṆĀBHARAṆA 48</ls> nach <ls>AUFRECHT</ls>.		
sODAy	7-383-c	{#sODAy#}¦, {#˚yate#} {%zu Nektar werden%} <ls>PĀDĀRAVINDAŚ. 6</ls>.		
sTalay	7-383-d	{#sTalay#}¦, {#˚yati#} {%zum Festland machen%} <ls>SUBHĀṢITĀV. 2287</ls>.		
sTavirAy	7-383-d	{#sTavirAy#}¦, {#˚yate#} {%altern%} (vor der Zeit) <ls>BHĀVAPR. 46,a</ls> nach <ls>AUFRECHT</ls>.		
saMhananavant	7-379-c	{#saMhananavant#}¦ <lex>Adj.</lex> {%kräftig gebaut%} <ls>JĀTAKAM. 25</ls>.		
saMnikASay	7-380-b	{#saMnikASay#}¦, {#˚yati#} {%kund thun%} <ls>KIR. 13,35</ls>.		
sadopavAmin	7-380-a	{#sadopavAmin#}¦ <lex>Adj.</lex> {%stets fastend%} <ls>MBH. 13,93,10</ls>.		
sakalay	7-379-c	{#sakalay#}¦, {#˚yati#} {%ergänzen, vervollständigen%} <ls>HARAVIJAYA 5,115</ls>.		
saptaSana	7-380-b	{#saptaSana#}¦ VII. 2〉b〉 richtig nach <ls>AUFRECHT</ls> [Page7-380-c] {#saptaSatIvyAKyA guptavatI#}.		
sarpAy	7-381-d	{#sarpAy#}¦, {#˚yate#} {%einer Schlange gleichen%} <ls>RUDRAṬA, ŚṚṄGĀRAT. 2,85</ls>.		
stAnana	4-292-a	{#˚stAnana#}¦ <lex>Adj.</lex> (<lex>f.</lex> {#A#}) so <ab>v. a.</ab> {%das Gesicht nicht verziehend%}. {#˚stam#} <lex>Adv.</lex> {%ruhig%}.		
stabakAy	7-383-d	{#stabakAy#}¦, {#˚yate#} {%zu einem Blüthenbüschel werden%} <ls><ab>ebend.</ab> 11,28</ls>.		
suranirktariRI	7-383-b	{#suranirktariRI#}¦ <lex>f.</lex> {%die himmlische%} <is>Gaṅgā</is> <ls>HARAVIJAYA 1,11</ls>.		
tAvaMtka	7-345-c	{#*tAvaMtka#}¦ <lex>Adj.</lex> = {#tAvatika#}.		
tITenAvA	4-299-c	{#tITenAvA#}¦ <lex>f.</lex> (<ab>sc.</ab> {#saMhitA#}) <ls>SAṂHITOPAN. 22,1</ls>. {#tITenAvApadaM (!) vidyate yasyAM sA#} <ab>Comm.</ab>		
tUzRoMviprakramaRa	7-346-b	{#*tUzRoMviprakramaRa#}¦ <lex>n.</lex> {%stilles Davonschleichen%} (aus einer Versammlung) {%ohne seine Stimme abzugeben%} <ls>MAHĀVY. 261,81</ls>.		
taqilleKAy	7-344-c	{#taqilleKAy#}¦, {#˚yate#} {%zum Blitzstrahl werden%} <ls>PĀDĀRAVINDAŚ. 15</ls>.		
tawAy	5-255-a	{#tawAy#}¦, {#˚yate#} {%wie ein Abhang erscheinen%} <ls>ALAṂKĀRAV. 38,b.</ls>		
tilottamIy	4-299-c	{#tilottamIy#}¦, {#˚yati#} {%die%} <is>Apsaras Tilottamā</is> {%darstellen%} <ls>BHĀM. V. 2,96</ls>.		
tiryakapAtin	5-255-b	{#tiryakapAtin#}¦ <lex>Adj.</lex> {%seitwärts fallend auf%} (<ab>Loc.</ab>) <ls>ŚIŚ. 10,40</ls>.		
triHzamfdDatva	7-346-d	{#triHzamfdDatva#}, {#trisatya#} <ab n="und">u.</ab> {#trisaptaka˚#}¦ 6.		
uBayAvAhu	7-325-d	{#uBayAvAhu#}¦ I. 3.		
udakaprasravaRAnvita	3-257-a	{#udakaprasravaRAnvita#}¦ <lex>Adj.</lex> (<lex>f.</lex> {#A#}) {%mit einer Neigung nach Norden versehen%} <ls>MBH. 1,134,9</ls>.		
udakaprasravaRa	4-296-b	{#udakaprasravaRa#}¦ <lex>Adj.</lex> {%nach Norden einen Abfluss habend%} <ls>KAUŚ. 72</ls>. <ab>Vgl.</ab> {#udakprasravaRAnvita#} (<ls>Nachtr. 3</ls>).		
udakiSaras	5-250-a	{#udakiSaras#}¦ <lex>Adj.</lex> {%mit dem Kopf nach Norden%} <ls>GOBH. 2,8,2</ls>.		
ukTaBAj	7-322-a	{#ukTaBA/j#}¦ <lex>Adj.</lex> {%zu Sprüchen berechtigt%} <ls>MAITR. S. 4,7,1 (91,10)</ls>.		
upADimaRqana	7-325-c	{#upADimaRqana#}, {#upADivAda#} und {#upAnasyaka#}¦ 2.		
upadeSasUtra	2-295-c	{#upadeSasUtra#} <lex>n.</lex>, {#˚deSavivaraRa#} <lex>n.</lex> und {#˚deSasahasrakratuvyAKyA#} <lex>f.</lex>¦ Titel von Werken <ls>OPP. Cat. 1</ls>.		
upanItirAga	7-324-d	{#upanItirAga#}¦ 3.		
upanapana	7-324-c	{#upanapana#}¦ <lex>Adj.</lex> {%quälend, bedrängend%} <ls>KIR. 12,3</ls>.		
upasargay	3-257-b	{#upasargay#}¦, {#˚yati#} {%Ungemach bereiten%} <ls>ŚĪLĀṄKA 1,365</ls>. <ls n="ŚĪLĀṄKA 1,">369</ls>.		
upasasADAna	7-325-b	{#upasasADAna#}¦ auch {%das Zulegen%} (von Brennholz zum Feuer, {#agneH#}) <ls>ĀPAST. GṚHY. 4,10</ls> <ab>u. s. w.</ab>		
uraHSiram	7-326-a	{#uraHSiram#}¦ <lex>n.</lex> <ab>Sg.</ab> {%Brust und Kopf%} <ls>KAUŚ. 47,45</ls>.		
uraMDrA	7-326-a	{#uraMDrA#}¦ 6.		
uram	7-326-a	{#uram#}¦ I. {#urasA pratyudgam#} {%kühn entgegengehen%} <ls>JĀTAKAM. 13,32</ls>.		
utkUlay	7-322-c	{#utkUlay#}¦, {#˚yati#} {%über das Ufer treten lassen%} <ls>PĀRV. 610,14</ls>.		
utkaRWitacintI	7-322-c	{#utkaRWitacintI#}¦ 5.		
utkay	3-256-c	{#utkay#}¦, {#˚yati#} {%sehnsüchtig machen%} <ls>ŚIŚ. 1,59</ls>.		
utkoSay	3-256-c	{#utkoSay#}¦, {#˚yati#} {%aus der Scheide ziehen%} <ls>VET. (U.) 78,15</ls>.		
uyamAnavaDana	7-326-a	{#*uyamAnavaDana#}¦ <ab>s.</ab> {#UyamAna˚#}.		
uzRIpaSiraska	7-326-b	{#*uzRIpaSiraska#}¦ <lex>Adj.</lex> {%einen Auswuchs auf dem Kopfe habend%}. <ab>Nom. abstr.</ab> {#˚tA#} <lex>f.</lex> <ls>MAHĀVY. 17</ls>.		
vEtaMsikAy	7-376-c	{#vEtaMsikAy#}¦, {#˚yate#} {%den Versucher machen%} <ls>JĀTAKAM. 28,30</ls>.		
vahnIy	7-373-b	{#vahnIy#}¦, {#˚yate#} {%zu Feuer werden%} <ls>DAMAYANTĪK. 161</ls>.		
vajrapAtAy	6-306-a	{#vajrapAtAy#}, {#˚yita#}¦ <lex>Adj.</lex> {%wie ein Donnerkeil niederfallend%} <ls>PĀRŚVAN. 4,155</ls>.		
vanitAy	7-372-c	{#vanitAy#}¦, {#˚yate#} {%einem Weibe gleichen, sich wie ein Weib benehmen%} <ls>RUDRAṬA, ŚṚṄGĀRAT. 3,23</ls>. <ls n="RUDRAṬA, ŚṚṄGĀRAT. 3,">82</ls>.		
varuRameRi	7-389-d	{#varuRameRi/#}¦ VI. <ab>Vgl.</ab> <ls>GELDNER</ls> in <ls>Festgr. 31</ls>.		
vinidrAy	7-374-c	{#vinidrAy#}¦, {#˚yate#} {%aufwachen, sich öffnen%} <ls>DAMAYANTĪK. 79</ls>.		
vivarRay	7-375-c	{#vivarRay#}¦, {#˚yati#} {%der Farbe berauben%} <ls>JĀTAKAM. 5,13</ls>. <ab>Vgl.</ab> {#varRay#} mit {#vi#}.		
vyAGmAtaka	7-377-a	{#*vyAGmAtaka#}¦ <lex>n.</lex> {%ein aufgeschwollener Leichnam%} <ls>MAHĀVY. 52</ls>.		
vyacCid	7-376-d	{#vyacCid#}¦ <lex>f.</lex> {%Begrenzung%} <ls>HARAVIJAYA 6,28</ls>.		
vyaktay	7-376-d	{#vyaktay#}¦, {#˚yati#} {%offenbaren%} <ls>DHARMAŚARM. 3,42</ls>. <ls n="DHARMAŚARM.">8,43</ls>.		
